car_age,milage,mileage_per_year,is_luxury_brand,is_manual,is_clean_title,has_accident,fuel_E85 Flex Fuel,fuel_Electric,fuel_Gasoline,fuel_Hybrid,fuel_Other,fuel_Plug-In Hybrid,log_price
0.8974013636615417,0.7639236747468572,0.04050340612119624,1,0,1,0,0,0,1,0,0,0,9.465060106725137
1.8811267244658165,-0.016870740304775207,-0.8852796526778591,0,0,1,0,0,0,1,0,0,0,8.682877107057168
0.24158445645869173,2.112052470875754,2.14374605797849,0,0,1,1,0,0,0,0,0,0,10.609081944147828
1.389264044063679,0.65055141734079,-0.3103249149957108,1,1,1,0,0,0,1,0,0,0,10.30881931842128
-0.9060951311462956,0.14101020503637285,2.6369341392179786,1,0,1,0,0,0,1,0,0,0,11.28966940732742
-0.7421409043455831,-0.2723415256464387,0.7732063449074478,0,0,1,0,0,0,1,0,0,0,10.712215345197256
-0.7421409043455831,-1.0387538816714292,-1.1112857605652358,1,0,1,0,0,0,1,0,0,0,10.491301994830229
-0.7421409043455831,-1.0481968388481322,-1.13450456453143,0,0,1,0,0,0,1,0,0,0,10.76246691769717
0.7334471368608292,0.4940708303785518,-0.07930198852067105,1,0,1,1,0,0,1,0,0,0,9.517825071724143
1.5532182708643916,0.8488913655753068,-0.24985613340472057,1,0,1,0,0,0,1,0,0,0,9.305741456739435
0.24158445645869173,-0.5408318591595885,-0.8212727891820546,1,0,1,0,0,0,1,0,0,0,10.203629181337648
2.2090351780672415,-0.40162866679119763,-1.1530824400059934,0,0,1,0,0,0,1,0,0,0,10.308985993422082
-0.2502782239434457,-0.7832830963297658,-0.9018977488460487,0,1,1,0,0,0,1,0,0,0,10.373522431293592
1.2253098172629666,1.0996312104476802,0.09030034590173318,0,0,1,1,0,0,1,0,0,0,9.510519035757246
0.5694929100601167,1.1847881388949013,0.6908828531204169,0,0,1,0,0,0,1,0,0,0,9.04793908261736
0.5694929100601167,-0.8764069285272714,-1.258412157517666,0,0,1,0,0,0,0,1,0,0,9.680093969966709
-0.7421409043455831,-0.3574984540936599,0.5638183331882607,0,0,1,0,0,0,1,0,0,0,10.468829770273567
1.061355590462254,-0.7548974535140254,-1.2290665171572783,1,1,1,0,0,0,1,0,0,0,11.289731912405976
-0.41423245074415815,-0.08310390687483613,0.4275499446091071,1,1,1,1,0,0,1,0,0,0,10.434145214930487
-0.2502782239434457,-0.24395588283069833,-0.07307020245759992,1,0,1,0,0,0,1,0,0,0,10.596634733096073
0.40553868325940423,0.2065999637026103,-0.12039577066190883,1,0,0,0,0,0,1,0,0,0,9.392745258631441
1.389264044063679,0.8445767478673142,-0.17780298387491927,0,1,1,0,0,0,1,0,0,0,8.740496729931813
-0.9060951311462956,-1.192925769684654,-1.4629994569168814,0,0,1,0,0,0,1,0,0,0,11.979805470779858
-0.2502782239434457,0.05314717864071776,0.38351198976340517,0,0,1,1,0,0,1,0,0,0,9.664659134301736
-0.7421409043455831,-0.43113081155769045,0.3827674990550701,0,0,1,1,0,0,1,0,0,0,10.376860499251467
0.40553868325940423,0.8777122549142218,0.5671724189315401,1,0,1,0,0,0,1,0,0,0,9.741027444837728
-1.070049357947008,-0.6379296813512978,0.8570391007105742,0,0,0,1,0,0,1,0,0,0,11.126733432205649
-0.5781866775448706,-0.6268214331294047,-0.34864809121468554,0,0,1,0,1,0,0,0,0,0,10.747229096720554
-0.41423245074415815,-1.0033664469611396,-1.1887260887089985,0,0,1,0,0,0,1,0,0,0,10.27163147557801
0.24158445645869173,1.0333980438776194,0.9381787177771105,1,0,0,0,0,0,1,0,0,0,9.90353755128617
-0.9060951311462956,-0.8287001248349504,-0.3435297175948832,1,0,1,0,0,1,0,0,0,0,10.34177474101152
1.717172497665104,0.6009143899369986,-0.46979068866155294,0,0,1,1,1,0,0,0,0,0,8.987196820661973
-1.070049357947008,-1.159865957685255,-1.2818982145586473,1,0,1,0,0,0,0,1,0,0,11.998439434579149
1.5532182708643916,-0.42373162066372083,-1.0733265303705295,0,0,1,1,0,0,1,0,0,0,9.903287532533462
2.045080951266529,1.449720805175145,-0.09818618871179524,1,1,1,1,0,0,1,0,0,0,8.476579508530941
-0.08632399714273321,-1.0874257972194854,-1.394916040143374,0,1,1,0,0,0,0,0,1,0,10.53212287826962
1.8811267244658165,2.9342899244383673,0.8424484122749037,0,0,1,0,0,0,1,0,0,0,9.053803514155955
-1.070049357947008,-1.0931786208301422,-1.0086080837073823,0,0,1,0,0,1,0,0,0,0,10.373053586050816
-0.7421409043455831,-1.1981676517246274,-1.503260118503554,1,0,0,0,0,1,0,0,0,0,11.661336849361689
1.5532182708643916,1.960662375858472,0.4695325033497964,0,0,1,0,0,0,0,0,0,0,9.87822102528824
0.8974013636615417,-0.38561916424312004,-0.9016806057227843,1,0,1,0,0,0,1,0,0,0,11.603679828238693
-0.41423245074415815,-0.8462046045713236,-0.9126995113553719,1,0,1,0,0,0,1,0,0,0,11.23850177707664
-0.5781866775448706,-0.6129692394353234,-0.32026438295941795,0,0,1,0,0,0,0,0,0,0,10.985309671896763
3.0288063120708038,0.5186717208188601,-0.8287781257060151,0,0,1,0,0,0,1,0,0,0,9.105090961257085
0.40553868325940423,0.040316868088003104,-0.29075618353010296,1,0,1,1,0,0,1,0,0,0,10.993748398115178
0.40553868325940423,0.8630841869831769,0.5521856658705281,0,0,1,1,0,0,1,0,0,0,9.61587214452889
-0.7421409043455831,-0.37046123097951467,0.5319448247376733,0,0,1,0,0,0,1,0,0,0,10.537441898283253
-1.2340035847477204,-1.1428345719958106,-1.0182244220233747,0,0,1,0,0,0,1,0,0,0,11.608244735642321
-0.9060951311462956,-0.49743967317526006,0.6746194893896639,0,0,1,0,0,0,1,0,0,0,10.705623658107903
-1.2340035847477204,-1.1625342081099346,-1.1393204888009714,0,0,0,0,0,0,1,0,0,0,10.799555168721248
-0.9060951311462956,0.049362426265285704,2.3552491001190834,1,0,1,0,0,0,1,0,0,0,10.505067539570582
-0.2502782239434457,-0.9826449277056492,-1.2082731243268314,0,0,1,0,0,0,1,0,0,0,10.712215345197256
-0.9060951311462956,-0.24863005201435692,1.4393510388574058,0,0,1,1,0,0,1,0,0,0,10.135233992657605
0.5694929100601167,1.6389584239467476,1.120396723313621,0,0,1,0,0,0,1,0,0,0,9.105090961257085
-0.2502782239434457,-0.32532805890248745,-0.19812137612322553,0,0,1,0,0,0,1,0,0,0,10.126591103050316
0.24158445645869173,0.5603039969486128,0.40942111242562773,0,0,1,0,0,0,1,0,0,0,9.792611856190192
0.07763022965797926,-0.062495930190608596,-0.15533642572860504,1,0,1,0,0,1,0,0,0,0,10.308152340473523
-1.2340035847477204,-1.1551728647397193,-1.0940694129349915,1,0,0,0,0,0,1,0,0,0,11.570259974415547
1.717172497665104,-0.6981261678825446,-1.268326769354626,1,1,1,0,0,0,1,0,0,0,11.05881093278828
0.07763022965797926,0.5654323364173232,0.6166539081454023,0,0,0,0,1,0,0,0,0,0,9.431000842996585
-0.08632399714273321,-0.6413548822510639,-0.7855710756687225,1,0,1,0,0,0,1,0,0,0,11.551193801680078
-0.2502782239434457,0.4534225898664116,0.9986474375251058,0,0,1,1,0,0,1,0,0,0,9.951801412814678
-1.070049357947008,-0.9085394761946896,-0.25194185024660165,0,0,1,0,0,0,1,0,0,0,11.151754715741239
-0.7421409043455831,-0.9737507596233838,-0.9514529116195896,0,0,1,0,0,0,1,0,0,0,10.165890277802454
-0.2502782239434457,-0.6750391783924091,-0.7355506062024723,1,0,1,0,0,0,1,0,0,0,10.292179440058462
1.2253098172629666,2.429649966460135,1.052157707186676,0,0,1,1,0,0,1,0,0,0,9.210440366976517
0.7334471368608292,-0.5690282643565573,-1.0128733950572177,1,1,0,0,0,0,1,0,0,0,11.460589521950299
-0.7421409043455831,-0.6592567609868574,-0.1781597190059963,1,0,0,0,0,1,0,0,0,0,10.645424897265505
-0.7421409043455831,-0.8144316083795715,-0.559711207027626,1,0,0,0,0,0,1,0,0,0,10.91328684226798
1.5532182708643916,0.5688196897933349,-0.4310808453020286,1,1,1,1,0,0,1,0,0,0,10.645448706505872
0.07763022965797926,-0.3480365731550798,-0.5063870600431398,1,0,1,0,0,0,1,0,0,0,10.819798284210286
-0.7421409043455831,-0.9365087962491324,-0.8598805544943985,1,0,0,0,0,0,1,0,0,0,10.778935456339678
-0.7421409043455831,-0.5675522109301387,0.047327904280932635,1,0,1,0,0,0,1,0,0,0,11.183740610759584
1.2253098172629666,1.8423888641262205,0.6274558661617392,0,0,1,1,0,0,1,0,0,0,8.881975184248867
-0.9060951311462956,-0.5996279873119255,0.36053747181088325,0,0,1,1,0,0,1,0,0,0,10.51856507767415
-0.9060951311462956,-0.7939560980284842,-0.23674183161809778,1,0,1,0,0,0,1,0,0,0,10.643709140482002
-1.397957811548433,-1.2090677385658717,-1.250877768378027,1,0,1,0,0,0,1,0,0,0,11.407576060361786
1.5532182708643916,0.27644756879120885,-0.6202647506272592,1,1,1,0,0,0,1,0,0,0,10.668978650219241
0.24158445645869173,0.9766267582461385,0.8747278051349323,0,0,1,1,0,0,1,0,0,0,9.296609807128359
0.5694929100601167,-0.08310390687483613,-0.5081767011689448,1,0,1,0,0,1,0,0,0,0,10.275085591132715
-0.41423245074415815,-0.8400543819612466,-0.9018977488460487,0,0,1,0,0,1,0,0,0,0,10.839600519357369
0.07763022965797926,1.7029585866153036,2.015156438417853,1,0,1,1,0,0,1,0,0,0,9.510519035757246
-1.2340035847477204,-1.2313220825334121,-1.5621679458005517,0,0,0,0,0,0,1,0,0,0,12.206067645517674
2.8648520852700914,1.884967328349831,-0.1780873379649082,1,0,1,0,0,0,1,0,0,0,9.071193240566025
-0.5781866775448706,-0.3007271684621791,0.3195323195158758,0,0,1,0,0,0,1,0,0,0,10.239995502805316
-0.41423245074415815,-1.1140136826568956,-1.3830581052998059,0,0,0,0,0,0,0,1,0,0,11.87688084212164
-0.7421409043455831,-0.7993304464015977,-0.5225797329494236,0,0,1,0,0,0,1,0,0,0,10.248884134178173
-0.5781866775448706,0.08287640854973653,1.1055516501750686,0,0,1,0,0,0,1,0,0,0,10.221977646629885
1.717172497665104,-0.5429513204898304,-1.1729388973492185,0,1,1,0,0,0,1,0,0,0,10.165890277802454
-0.08632399714273321,0.8015819608824061,1.185519775391526,0,0,1,0,0,0,1,0,0,0,10.477316144080852
-0.9060951311462956,-1.0263777414037665,-0.9511039316000576,0,0,0,0,0,0,1,0,0,0,10.275016625615446
-0.41423245074415815,1.0333980438776194,2.388485292455462,0,0,1,1,0,0,0,0,0,0,10.915106645867503
0.40553868325940423,3.115011850365248,2.8593313505541635,0,0,1,0,1,0,0,0,0,0,9.648659816955295
-0.5781866775448706,-0.01626517992470608,0.9024065032497315,0,0,1,1,0,0,0,1,0,0,9.872822138225242
-0.5781866775448706,-0.4288788838943084,0.05694424259692486,0,0,1,0,0,0,1,0,0,0,10.735330890332664
-0.9060951311462956,-0.6729575645859215,0.13515454252981388,0,0,0,0,0,0,1,0,0,0,10.921070535892156
-0.08632399714273321,-0.8400543819612466,-1.05699997974915,1,0,0,0,0,0,1,0,0,0,12.28765724080691
0.5694929100601167,0.5905820159520692,0.12893553961764137,0,0,1,1,0,0,1,0,0,0,9.741027444837728
-0.08632399714273321,0.03988162156482841,0.14501645937806937,0,1,1,0,0,0,1,0,0,0,10.221977646629885
-0.41423245074415815,-0.9744130912890844,-1.1378747144343386,0,0,1,0,0,0,1,0,0,0,10.905790829399939
-0.5781866775448706,-0.36696033503224,0.18381786747566203,1,0,1,1,0,0,1,0,0,0,10.275085591132715
-0.9060951311462956,-0.7454355725754452,-0.08761103660476569,1,0,1,0,0,0,1,0,0,0,10.518700218288165
-0.5781866775448706,0.07490950479945206,1.0892271403725173,0,0,1,0,0,0,0,1,0,0,10.491301994830229
-0.7421409043455831,-0.5744593840153023,0.03034420999704302,1,0,0,0,0,0,0,1,0,0,10.126591103050316
1.061355590462254,1.9284919806672995,0.8328237649108274,0,0,1,0,0,0,1,0,0,0,8.740496729931813
2.2090351780672415,-0.4426553825408811,-1.1750125467406405,1,0,1,1,0,0,1,0,0,0,9.680344001221918
0.24158445645869173,1.8261901239593712,1.8242495625209105,1,0,1,0,0,0,1,0,0,0,9.846970109700957
0.24158445645869173,0.6091083788298091,0.4639677469936868,0,0,1,1,0,0,1,0,0,0,9.61587214452889
0.07763022965797926,0.6243609309028002,0.689102160200241,0,0,1,1,0,0,1,0,0,0,9.259225769705994
-1.070049357947008,-1.1117996025172678,-1.0849183813117083,0,0,1,0,0,0,1,0,0,0,10.858998997563564
0.7334471368608292,1.9985098996127926,1.24183665685039,0,0,1,0,0,0,1,0,0,0,8.699514748210191
0.07763022965797926,1.5846472273592977,1.8697015662769239,0,0,1,1,0,0,0,0,0,0,10.463131911491967
1.2253098172629666,1.5908920687787607,0.44557569127624924,0,0,1,1,0,0,0,0,0,0,9.412546252075513
0.7334471368608292,1.7308522116222378,1.0067903046475186,0,0,1,0,1,0,0,0,0,0,9.568084743872936
-0.41423245074415815,-1.0735736035254042,-1.3120323622769643,0,0,1,0,0,0,1,0,0,0,10.714439990727769
-1.070049357947008,-1.1982622705340131,-1.439249427809844,1,0,0,0,0,0,1,0,0,0,11.512435344880998
0.8974013636615417,2.774384136576363,1.6883095072357468,1,0,1,1,0,0,1,0,0,0,9.153875834995056
-0.7421409043455831,-0.799727845401018,-0.5235568770041131,0,0,0,1,0,0,1,0,0,0,10.07491666816366
-1.070049357947008,-0.6900457215609972,0.6434633287570035,1,0,0,0,0,0,1,0,0,0,11.223922520551032
-0.7421409043455831,-0.6224311203739036,-0.08761103660476569,0,0,1,0,0,0,1,0,0,0,10.373522431293592
0.07763022965797926,0.1723668784668274,0.13340964243215397,1,0,1,0,0,0,1,0,0,0,10.431199791458543
0.07763022965797926,-0.7889602248929138,-1.0484693570494796,1,0,1,0,0,0,1,0,0,0,11.884082042046122
-1.2340035847477204,-1.014039448659858,-0.2265050843784931,0,0,1,0,0,0,1,0,0,0,10.757924157061597
-1.070049357947008,-1.0609893018770926,-0.8766936363242946,1,0,0,0,0,0,1,0,0,0,10.422608673326225
-0.9060951311462956,-0.8723950910093135,-0.47782886177810624,1,0,0,0,0,0,1,0,0,0,10.699665035915537
-0.9060951311462956,-0.2552722924332402,1.418935707714785,0,0,1,0,0,0,1,0,0,0,10.95920973739723
1.389264044063679,3.379944516645492,1.553887573786392,0,0,1,0,1,0,0,0,0,0,9.735128070758227
-1.070049357947008,-0.9716123745312647,-0.5104197180466203,0,0,0,0,0,0,0,1,0,0,10.308952660644293
-0.2502782239434457,0.2755013806973508,0.7252215922218007,0,0,1,0,0,0,1,0,0,0,9.763708110007842
-0.5781866775448706,-0.36696033503224,0.18381786747566203,0,0,1,0,0,0,0,1,0,0,10.596659732783579
0.40553868325940423,0.08247900955031616,-0.24756021222358912,1,0,1,1,0,0,1,0,0,0,9.680344001221918
1.8811267244658165,-0.09710749066393472,-0.9322534711799414,0,0,1,1,0,0,1,0,0,0,10.32551474894327
-0.41423245074415815,-0.7927449772683459,-0.8188072680051014,1,0,1,1,0,0,1,0,0,0,10.819798284210286
1.717172497665104,1.657882185823908,0.17994031170308444,1,1,1,1,0,0,1,0,0,0,8.77971129020447
-0.41423245074415815,0.4183757828699108,1.308309041523148,1,0,1,0,0,0,1,0,0,0,10.239995502805316
-0.9060951311462956,0.5300259779451564,3.8325978494711253,0,0,0,0,0,0,0,0,0,0,11.156193376541639
-0.08632399714273321,0.6699671970267564,1.0057304394030142,0,0,1,1,0,0,1,0,0,0,9.472396896788991
-0.5781866775448706,0.19880337380922028,1.3430907168031685,0,0,0,0,0,0,1,0,0,0,10.49124643927466
0.5694929100601167,0.47972661887566437,0.024098362467983414,0,0,1,0,0,0,1,0,0,0,9.471242028892995
1.389264044063679,-0.2297819851847053,-0.9116045634634011,0,0,1,1,0,0,0,1,0,0,9.132486932771318
1.717172497665104,1.2415594245263821,-0.07597836928703307,1,0,1,0,0,0,1,0,0,0,9.711176264112805
-0.2502782239434457,-0.4313768204620936,-0.36109504524465946,1,0,1,0,0,0,1,0,0,0,11.264476926102367
-1.2340035847477204,-1.2120955404662173,-1.4439800458523884,0,0,1,0,0,0,0,0,0,1,10.62135173563291
-0.7421409043455831,-0.7709637273477344,-0.4528302597122989,1,0,0,0,0,0,1,0,0,0,10.735330890332664
-0.9060951311462956,-0.702667870733063,0.04383810408561285,0,0,1,0,0,0,1,0,0,0,11.197543261876168
-0.41423245074415815,0.7129998315354189,1.825763320008231,1,0,0,0,0,0,1,0,0,0,10.621302955145095
0.07763022965797926,-0.20881445702481174,-0.33522399313002216,0,0,1,0,0,0,1,0,0,0,9.69590972432601
0.07763022965797926,-0.33289756365335155,-0.4877747923347676,0,0,1,1,0,0,1,0,0,0,9.350189267092581
0.24158445645869173,0.33533831575293155,0.15798629592889096,1,0,1,0,0,0,1,0,0,0,9.648659816955295
-1.2340035847477204,-1.1201260577432184,-0.8786324142105835,0,0,1,0,0,0,1,0,0,0,10.778977123006351
0.24158445645869173,0.9898166202745192,0.8894695671721315,1,0,1,1,0,0,1,0,0,0,9.739555860853764
-0.9060951311462956,-1.0907753030717429,-1.149033766011278,0,0,1,0,0,0,1,0,0,0,10.6442575495135
-0.08632399714273321,1.0333980438776194,1.502186830152025,1,0,1,0,0,0,1,0,0,0,9.680406499268875
-0.7421409043455831,-0.7079476002967908,-0.29788313104010045,0,0,1,0,0,0,1,0,0,0,10.768506042432708
-0.7421409043455831,-0.8211116963222092,-0.5761365332802646,1,0,1,0,0,0,1,0,0,0,12.06678758942668
0.24158445645869173,0.5943667683275012,0.44749166001093454,1,0,1,0,0,1,0,0,0,0,10.255938588321637
2.700897858469379,3.4761339982670973,0.6289881147844505,1,0,1,1,0,0,1,0,0,0,8.160803920954665
0.7334471368608292,1.733577233332549,1.0091833104957377,0,0,1,0,0,0,1,0,0,0,10.064798252418377
-0.2502782239434457,0.6662770634607103,1.3257580424997468,0,0,1,0,0,0,0,0,1,0,9.210440366976517
-0.2502782239434457,0.01624584298025525,0.3268027365894587,1,0,1,1,0,0,1,0,0,0,10.988693712621323
2.045080951266529,-0.07381233979315044,-0.9495811096966453,0,1,1,1,0,0,1,0,0,0,10.239995502805316
-0.08632399714273321,-0.1327787818023818,-0.09084233308191358,1,0,1,0,0,0,1,0,0,0,10.126631103850338
-1.2340035847477204,-1.2220115916898493,-1.5049352225973074,1,0,0,0,0,0,1,0,0,0,11.60733523953139
-0.41423245074415815,0.5603039969486128,1.5575804840459895,0,0,1,0,1,0,0,0,0,0,10.668978650219241
1.2253098172629666,-0.03587019722944411,-0.7308838537844172,1,1,1,0,0,0,1,0,0,0,9.61587214452889
0.7334471368608292,-1.1176659686991877,-1.4946652391653663,1,0,1,0,0,0,1,0,0,0,14.483850569372496
0.7334471368608292,0.18182875940540752,-0.3535005752957969,1,0,1,1,0,0,1,0,0,0,11.211833885608513
0.24158445645869173,0.3899901400541704,0.2190683744990941,0,0,1,0,0,0,1,0,0,0,10.633472802314019
0.07763022965797926,0.06563686147964352,0.002193155088130096,0,0,1,1,0,0,1,0,0,0,9.61587214452889
0.40553868325940423,-0.08170354849592626,-0.41576858163800273,0,0,1,0,0,0,1,0,0,0,9.729193687429403
-0.5781866775448706,-1.099309919678342,-1.3167962165118452,1,0,1,0,0,0,1,0,0,0,10.236417809461043
-0.7421409043455831,-1.1325968168202671,-1.34203134947978,1,0,0,0,0,0,1,0,0,0,10.943746596190673
-0.08632399714273321,0.05314717864071776,0.163137570021915,1,0,1,1,0,0,1,0,0,0,9.726213236963687
2.8648520852700914,-1.0923838228313014,-1.5338014711264956,0,0,1,0,0,0,1,0,0,0,10.584081267024454
-0.7421409043455831,-0.8308385099270695,-0.6000532972855229,0,0,1,0,0,0,1,0,0,0,10.472940510749742
1.061355590462254,-0.44331771420658167,-0.989651682924194,1,0,1,1,0,0,1,0,0,0,10.463131911491967
-1.070049357947008,-0.8190679300394759,0.11471982360833032,0,0,0,0,0,0,1,0,0,0,10.677984278792396
-0.7421409043455831,-0.6129692394353234,-0.06434570196930045,1,0,1,0,0,0,1,0,0,0,12.146858590895919
-0.2502782239434457,1.3551019957893438,2.384330768413415,1,0,1,0,0,0,1,0,0,0,9.305286849285137
-0.41423245074415815,-0.7643593344526055,-0.768952979500533,1,0,1,0,0,0,1,0,0,0,10.819798284210286
3.6846232192736537,0.2003740460450246,-1.047451498659178,0,0,1,0,0,0,0,0,1,0,11.409795792463761
-0.41423245074415815,-0.060395392622243804,0.46743337541276203,0,0,1,0,0,0,0,1,0,0,10.483130032299252
-0.2502782239434457,1.2655736783484985,2.2467453957129324,0,0,1,0,1,0,0,0,0,0,10.488520429241627
-0.9060951311462956,-0.5751217156810029,0.43585899269320194,1,0,1,0,0,0,0,1,0,0,10.532096211958502
3.5206689924729413,2.138848517693813,-0.2608552252257591,0,0,1,0,0,0,0,0,1,0,9.105090961257085
0.5694929100601167,0.9009317107374974,0.42243668424966413,1,0,1,0,0,0,1,0,0,0,9.210440366976517
-0.7421409043455831,-1.008135234954184,-1.03599913768487,1,0,1,0,0,0,1,0,0,0,10.876177521259402
1.2253098172629666,2.585146517804761,1.164611386421745,1,0,1,1,0,0,1,0,0,0,8.648396877031582
1.389264044063679,0.6927703300887346,-0.2814888252336425,0,1,1,0,0,0,1,0,0,0,10.122663242288953
-0.9060951311462956,-0.9957780184483983,-0.8570538163361894,1,0,0,0,0,0,1,0,0,0,10.659586057803535
-0.9060951311462956,-0.5459034273426675,0.5256631843860977,0,0,1,0,0,0,1,0,0,0,10.413042369168673
0.24158445645869173,1.5386624859977982,1.5028918402924933,0,0,1,1,0,0,1,0,0,0,10.126631103850338
-0.08632399714273321,0.12032653330463669,0.2549063899729169,1,0,1,0,0,0,1,0,0,0,10.239995502805316
-0.5781866775448706,-0.5871383044729996,-0.26733574666373455,1,0,0,0,0,0,1,0,0,0,10.995394074389191
-1.070049357947008,-1.1276955624940825,-1.150061318291011,0,0,1,0,0,1,0,0,0,0,10.657282884047461
-0.41423245074415815,-0.31739900267595733,0.016052647292400066,0,0,1,0,0,0,1,0,0,0,10.849337086651827
-0.08632399714273321,0.9913872925103235,1.4447990047178771,0,0,1,0,0,0,1,0,0,0,10.231027154561334
0.8974013636615417,1.0570527462240695,0.28075676179010034,1,0,1,1,0,0,1,0,0,0,9.491828300264636
-0.08632399714273321,1.0896205404146624,1.5789882848208776,0,0,1,1,0,0,1,0,0,0,9.472704636443673
-1.070049357947008,-0.6129692394353234,0.9593290219911695,1,0,1,0,0,0,1,0,0,0,10.308952660644293
1.5532182708643916,1.0901693295091,-0.09373349308778284,1,1,1,0,0,0,1,0,0,0,9.61587214452889
-0.41423245074415815,-0.32513882128371585,0.0024590446268210665,0,0,1,0,0,0,1,0,0,0,10.126631103850338
-0.08632399714273321,0.3407883591735537,0.5560632216431055,1,0,1,1,0,0,1,0,0,0,10.021092794610391
-1.2340035847477204,-0.949812200848776,0.1683076443853518,0,0,1,0,0,0,1,0,0,0,11.05089000537367
-0.5781866775448706,-0.5561979538038426,-0.20393770978209183,1,0,1,1,0,0,1,0,0,0,10.645329654634832
-0.7421409043455831,0.5224564731942922,2.7274944542865267,0,0,1,0,0,0,1,0,0,0,10.55843949396453
-0.9060951311462956,-1.19648343691756,-1.47393416419555,0,0,1,0,0,0,1,0,0,0,12.5423698668371
-0.2502782239434457,0.5319183541328724,1.119278197609993,1,0,1,0,0,0,1,0,0,0,9.680406499268875
-0.5781866775448706,-0.33195137555949356,0.2555526492683464,1,0,1,1,0,0,1,0,0,0,11.759003987566935
-1.070049357947008,-1.175004967186983,-1.343939106919888,1,0,1,0,0,0,1,0,0,0,10.896757843893464
1.717172497665104,0.56352103646773,-0.49277683928139265,1,1,1,0,0,0,1,0,0,0,10.122663242288953
-0.41423245074415815,-0.5590365180854167,-0.408340292650822,1,0,1,0,0,0,1,0,0,0,10.404293143019792
-0.5781866775448706,-0.9124377711413846,-0.9338875839698133,1,0,0,0,0,0,1,0,0,0,12.366919427768636
-1.2340035847477204,-1.1840316016023886,-1.2714675895304137,0,0,1,0,0,0,1,0,0,0,10.976867499653059
-0.7421409043455831,-0.8168349261379709,-0.5656206020250344,0,0,0,0,0,0,1,0,0,0,10.165120780630861
2.372989404867954,0.49997504408422583,-0.7098424114302831,0,0,1,0,0,0,1,0,0,0,9.461176908307142
-0.41423245074415815,-0.5526592103328136,-0.39713969583346237,1,0,1,0,0,1,0,0,0,0,10.271458456216711
-0.9060951311462956,-0.8895400192700207,-0.530524844727435,0,0,1,0,0,0,1,0,0,0,10.283839959829217
0.8974013636615417,-0.6195547085685752,-1.0934179835651983,0,0,1,0,0,0,1,0,0,0,8.77971129020447
-0.41423245074415815,-0.5940454775581632,-0.46982724847312307,0,0,1,1,0,0,0,0,1,0,10.12667110305036
-0.5781866775448706,-0.0033970218482371017,0.9287738825032584,0,0,1,0,0,0,1,0,0,0,10.668862367092954
-0.2502782239434457,0.5413802350714525,1.1338190317571588,0,0,1,0,0,0,1,0,0,0,10.165890277802454
-0.08632399714273321,1.8660435664726707,2.6396031901081027,0,0,1,0,0,0,1,0,0,0,9.975854724662028
1.2253098172629666,-0.2723415256464387,-0.9018977488460487,1,0,1,1,0,0,1,0,0,0,11.149096419938578
-0.9060951311462956,-1.1090556570450796,-1.2052195491559266,1,0,0,0,0,1,0,0,0,0,11.598194491615347
-0.08632399714273321,0.4846089494399717,0.7525260474537009,0,0,1,0,0,0,1,0,0,0,11.134603622683905
2.045080951266529,1.445936052799713,-0.10030121913320136,0,0,1,1,0,0,1,0,0,0,8.648396877031582
0.8974013636615417,-0.24876251834749705,-0.7895106723336613,0,1,1,0,0,0,0,0,0,0,10.169537324860794
1.389264044063679,1.374025757666504,0.18381786747566203,1,0,1,1,0,0,1,0,0,0,9.210440366976517
-0.7421409043455831,-0.7908526010806298,-0.5017339931160467,1,0,1,0,0,0,1,0,0,0,10.370392636243981
-0.2502782239434457,-0.2061083590763778,-0.014906865868936846,1,0,1,0,0,0,1,0,0,0,10.545236170010073
0.24158445645869173,1.6276041668204515,1.6022982700985724,1,0,1,0,0,0,1,0,0,0,9.642187721358466
-1.2340035847477204,-1.1276955624940825,-0.9251630834815139,0,1,1,0,0,0,1,0,0,0,10.30865261563529
1.2253098172629666,2.3701725828802203,1.0091442090929892,0,1,1,1,0,0,1,0,0,0,8.612685172875459
1.2253098172629666,0.23292291647374025,-0.5364951401596241,0,1,1,0,0,0,1,0,0,0,8.748463629942055
-0.7421409043455831,-0.5713369633055708,0.038021770426746544,1,0,1,0,0,0,1,0,0,0,10.25769445336048
-0.2502782239434457,-0.49942666817236187,-0.46567272443107566,0,0,1,0,0,0,1,0,0,0,10.357774570341576
0.40553868325940423,-0.5766356166311757,-0.9228365500179674,1,0,1,0,0,0,1,0,0,0,10.568775236216993
-1.070049357947008,-0.9914444769785287,-0.5916932870398457,1,0,1,0,0,0,0,1,0,0,11.141876276228
0.40553868325940423,0.9084065966789757,0.5986193962471442,1,0,1,1,1,0,0,0,0,0,9.841665338892785
2.2090351780672415,0.2234610355351601,-0.8189517731891726,0,1,1,0,0,0,1,0,0,0,8.922791623969637
-0.5781866775448706,-0.5086236164446617,-0.10645595765949252,0,0,1,1,1,0,0,0,0,0,10.736374936104498
-1.2340035847477204,-1.0485942378475526,-0.43891758960029065,0,0,1,0,0,0,1,0,0,0,11.314486721293981
-0.2502782239434457,-0.42373162066372083,-0.3493460512537495,1,0,1,0,0,1,0,0,0,0,9.711176264112805
-1.070049357947008,-0.7738212153911856,0.3001445406529882,1,0,1,0,0,0,1,0,0,0,11.31631429624586
2.045080951266529,1.1233994553653934,-0.28054411164541454,0,1,1,1,0,0,1,0,0,0,8.516392871245468
-0.5781866775448706,-0.886871768845341,-0.8815018054822908,0,0,0,0,0,0,0,0,0,0,11.127262984158243
-0.41423245074415815,-0.39561091051426067,-0.12131253563385394,1,0,0,0,0,0,1,0,0,0,10.151362740069521
-0.08632399714273321,-0.6005741754057835,-0.7298635244026919,1,0,1,0,0,0,1,0,0,0,11.049317340813348
3.356714765672229,1.0333980438776194,-0.6692444024913964,0,0,1,1,0,0,0,0,1,0,8.77971129020447
-1.070049357947008,-1.1736992276174592,-1.338588079953731,0,0,1,0,0,0,0,1,0,0,11.845827048676645
1.389264044063679,1.7167540090237534,0.41790590946616807,0,0,1,1,0,0,1,0,0,0,8.556606193773073
-0.7421409043455831,-0.721667327657732,-0.33161786626152506,0,0,0,0,0,0,1,0,0,0,10.668932138591325
1.8811267244658165,-0.16636845913434126,-0.9728016258303236,0,0,1,0,0,0,1,0,0,0,10.043292972227004
-0.41423245074415815,0.7438644871570673,1.879971549708865,0,0,0,1,0,0,1,0,0,0,10.33449044443213
-1.070049357947008,-1.17922496608559,-1.3612330056655837,1,0,0,0,0,0,1,0,0,0,10.714395546283317
1.389264044063679,1.1469406151405808,0.028715636572560457,0,0,1,0,0,0,1,0,0,0,9.105090961257085
-1.070049357947008,-0.7004537905934353,0.6008102152586504,0,0,0,0,0,0,1,0,0,0,10.51867319162636
-1.070049357947008,-1.2109601147535876,-1.4912862262778344,0,0,1,0,0,0,1,0,0,0,10.91328684226798
-0.41423245074415815,0.2386000450368883,0.9925652143275485,0,0,1,1,0,0,1,0,0,0,10.707751151716078
-0.5781866775448706,-0.10812112007644198,0.7141899460488178,0,0,1,0,0,0,1,0,0,0,10.425282789490705
0.07763022965797926,1.733577233332549,2.0527997498580355,0,0,1,0,1,0,0,0,0,0,9.741027444837728
-1.070049357947008,-0.8887262975093028,-0.17074583236882804,0,0,0,0,0,0,1,0,0,0,11.338560172992684
1.2253098172629666,0.5443134181624123,-0.31130038637928276,1,0,1,0,0,0,1,0,0,0,9.259225769705994
1.717172497665104,1.9795861377356323,0.37769565610453887,0,0,1,1,0,0,1,0,0,0,9.105090961257085
2.2090351780672415,2.974976012474262,0.6518219902876293,0,0,1,0,0,0,1,0,0,0,8.517193191416238
0.24158445645869173,-0.22503212095353808,-0.46831651245783296,1,0,1,0,0,0,1,0,0,0,10.106469212026385
2.045080951266529,-0.9554893294119241,-1.4422880215152638,0,1,0,0,0,0,1,0,0,0,10.39973746484973
-0.2502782239434457,0.030438664388125446,0.34861398781020736,0,0,1,0,0,0,1,0,0,0,10.491274217438248
-1.070049357947008,-1.197410701249541,-1.4357596276145241,1,0,0,0,0,1,0,0,0,0,11.418603796427618
-0.5781866775448706,-0.3858840969094003,0.1450423097498866,1,0,1,1,0,0,1,0,0,0,10.757902880692196
-0.2502782239434457,-0.22503212095353808,-0.04398853416326838,1,0,1,1,0,0,1,0,0,0,10.4341158035983
2.2090351780672415,1.0050124010618788,-0.4011872860392971,0,0,1,1,0,0,1,0,0,0,8.682877107057168
0.40553868325940423,1.399667455010056,1.1019261355277084,1,0,1,0,0,0,1,0,0,0,9.94755228369823
-0.5781866775448706,-0.12852093538002074,0.6723898948204317,1,0,1,1,0,0,1,0,0,0,10.275085591132715
-1.2340035847477204,-1.016045367418837,-0.23883571173528967,0,0,1,0,0,0,0,1,0,0,11.80186424743109
0.7334471368608292,2.309805782492079,1.5152043388171066,1,0,1,1,0,0,1,0,0,0,9.249657234353133
-0.41423245074415815,-0.5442381362974773,-0.3823495902437738,0,0,0,0,0,0,1,0,0,0,11.19227933229478
0.7334471368608292,0.3691740019892941,-0.18898142323072123,1,0,0,0,0,0,1,0,0,0,10.019090435608215
-1.070049357947008,-0.5220216398536912,1.3320396828513226,0,0,1,0,0,0,1,0,0,0,11.01690634852121
-1.070049357947008,-1.2143663918914764,-1.5052454270591136,1,0,0,0,0,0,1,0,0,0,12.38380451915696
-0.9060951311462956,-0.9535969532242081,-0.7274077390800594,0,1,1,0,0,0,1,0,0,0,10.680539205318292
-0.2502782239434457,0.12619289948655638,0.4957672293795249,1,0,0,0,0,0,1,0,0,0,10.11013580132114
-1.2340035847477204,-1.048632085371307,-0.4391502429466453,0,0,1,0,0,0,1,0,0,0,11.451050061252142
-0.08632399714273321,0.15437038092164798,0.30141120887203016,0,0,0,1,0,0,1,0,0,0,9.945061264446057
0.7334471368608292,-0.5561979538038426,-1.0016063258551853,0,1,1,0,0,0,1,0,0,0,9.90353755128617
1.5532182708643916,2.395908899033158,0.7511655015685859,1,0,1,1,0,0,1,0,0,0,8.908018322784887
-1.2340035847477204,-1.2194379600745555,-1.489114795045191,0,1,1,0,0,0,1,0,0,0,10.818797803896322
-0.7421409043455831,0.3170579617795948,2.222450570019848,0,0,1,0,0,0,1,0,0,0,10.336113768706666
-0.08632399714273321,6.313127607605332,8.714440567146246,1,0,1,1,0,0,0,0,0,0,10.106469212026385
-0.7421409043455831,0.04020332551674014,1.5417068785861354,0,0,1,0,0,0,1,0,0,0,10.518538047359652
1.2253098172629666,1.07124556763194,0.06977210945867546,0,0,1,0,0,0,1,0,0,0,9.259225769705994
1.2253098172629666,0.501640335129416,-0.34216116849867934,1,0,1,0,0,0,1,0,0,0,9.093918908958932
-0.9060951311462956,-0.7460411329555143,-0.0894722633756029,0,0,0,0,0,0,1,0,0,0,10.555968976370059
-0.9060951311462956,-0.5742133751108992,0.4386508328494578,0,0,0,0,0,0,1,0,0,0,10.870300281424473
-0.2502782239434457,-0.3120814255884753,-0.17776420831719345,1,0,1,0,0,0,1,0,0,0,11.042937835596494
-0.9060951311462956,-0.7946373534560619,-0.23883571173528967,0,0,1,0,0,0,1,0,0,0,10.859018228147887
2.536943631668666,1.2642679387789744,-0.36958689238660425,1,1,1,0,0,0,1,0,0,0,10.199918739620157
-0.7421409043455831,-0.6178137224758764,-0.07625755330265861,0,0,1,0,0,0,1,0,0,0,10.085850775128717
-0.08632399714273321,0.9671648773075584,1.4117105287918825,0,0,1,0,0,0,1,0,0,0,9.568853625188556
-0.5781866775448706,-0.19475410195008167,0.5366754427802181,0,0,0,0,0,0,1,0,0,0,10.251500085896208
1.717172497665104,0.8611918107954609,-0.3097949823734586,0,0,1,0,0,0,1,0,0,0,9.87822102528824
0.5694929100601167,0.08720995001960623,-0.3471089998464932,0,0,1,1,0,0,1,0,0,0,9.619266151713328
1.389264044063679,-0.5353818157389664,-1.1203333907012498,1,1,1,0,0,0,1,0,0,0,9.735128070758227
-1.070049357947008,-0.9656892370637136,-0.48614621891028503,0,0,1,0,0,0,1,0,0,0,10.849356503939038
-0.08632399714273321,0.5894655140013167,0.8957629576927151,0,0,0,0,0,0,1,0,0,0,9.546741177474825
0.7334471368608292,-0.19664647813779768,-0.6858624986595858,0,0,1,1,0,0,1,0,0,0,10.463131911491967
-0.5781866775448706,-0.6209172194237307,-0.3365501172042436,1,0,0,0,0,0,1,0,0,0,10.434086391401058
-0.41423245074415815,-0.4937495396092138,-0.29367542909031474,1,0,1,1,0,0,1,0,0,0,10.36567949988784
0.7334471368608292,0.18182875940540752,-0.3535005752957969,0,0,1,1,0,0,1,0,0,0,9.392745258631441
0.40553868325940423,0.12505747377392676,-0.20393770978209183,0,0,1,0,0,0,1,0,0,0,9.770013301136158
-0.9060951311462956,-0.3187236660073585,1.2239140401329978,0,0,0,0,0,0,0,0,0,0,11.156236235215168
0.5694929100601167,1.2104298362384536,0.7151324903750749,0,0,1,1,0,0,1,0,0,0,8.981052985901483
-1.2340035847477204,-1.159752415113992,-1.1222204678439043,1,1,1,0,0,0,1,0,0,0,11.346233133048466
1.5532182708643916,-0.35734706399864263,-1.030371375685681,1,0,1,1,0,0,1,0,0,0,9.350189267092581
-0.9060951311462956,-0.7738212153911856,-0.1748560414877603,1,0,1,0,0,0,1,0,0,0,12.013706813470414
1.389264044063679,0.6270670288512341,-0.32636507070827336,0,0,1,1,0,0,1,0,0,0,8.916103530553727
-0.41423245074415815,0.5603039969486128,1.5575804840459895,0,0,1,0,0,0,1,0,0,0,10.404293143019792
-0.08632399714273321,0.3758540899319317,0.6039639606203466,0,0,1,0,0,0,1,0,0,0,9.903287532533462
0.07763022965797926,0.4922352254764673,0.5266635937754226,1,0,0,0,1,0,0,0,0,0,9.61573881119536
-0.9060951311462956,-0.6129692394353234,0.3195323195158758,0,0,1,1,0,0,1,0,0,0,10.203592144986466
-0.7421409043455831,-0.871865225676753,-0.7009317882649,0,0,1,1,0,0,1,0,0,0,10.1226230824528
1.061355590462254,1.9076758426024234,0.816828847348945,0,0,1,1,0,0,1,0,0,0,8.85366542803745
-1.070049357947008,-0.6697405250668043,0.7266756756365172,1,0,1,0,0,1,0,0,0,0,10.858998997563564
-1.070049357947008,-1.1702361791939389,-1.3243962258260973,0,0,1,0,0,1,0,0,0,0,11.695247021764184
-0.41423245074415815,-0.8873637866541472,-0.9849882296869958,1,0,1,0,0,0,1,0,0,0,11.652696102959753
0.24158445645869173,-0.5435190333461453,-0.824276132380451,1,0,1,0,0,0,1,0,0,0,11.320553572322773
-1.070049357947008,-0.9157494294698876,-0.2814888252336425,0,0,1,0,0,0,1,0,0,0,11.156250521031495
-0.7421409043455831,-0.8417764442920681,-0.6269480241241205,0,0,1,0,0,0,1,0,0,0,10.474128058603277
-0.7421409043455831,-0.5883683489950151,-0.0038558319170908634,1,0,1,0,0,0,0,1,0,0,10.868587496017359
-0.7421409043455831,-0.4521172634794612,0.3311649868336084,0,0,1,0,0,0,0,1,0,0,11.127277689932466
0.7334471368608292,0.6611865715157541,0.06745241874061006,0,0,1,1,0,0,1,0,0,0,8.839421607620602
-0.5781866775448706,0.8009007054548283,2.5768126369641635,0,0,1,0,0,0,1,0,0,0,10.460786372659188
-0.41423245074415815,0.10407102185215603,0.7562891230082308,1,0,1,0,0,0,1,0,0,0,10.274913168420769
0.5694929100601167,0.06828618814244597,-0.36500541110454343,1,0,1,1,0,0,1,0,0,0,9.674137279312397
-0.9060951311462956,0.3587848567187331,3.3062778166803133,0,0,1,0,0,0,1,0,0,0,10.661766828033855
1.061355590462254,2.360332226704097,1.1646456001491503,1,0,1,1,0,0,1,0,0,0,9.433563920090563
-0.5781866775448706,-0.6262158727493357,-0.3474072733674608,1,0,1,0,0,1,0,0,0,0,10.275085591132715
-1.2340035847477204,-1.2087271108520827,-1.4232738980268245,1,0,1,0,0,0,1,0,0,0,12.180580463369232
1.389264044063679,-0.291265287523599,-0.953598492480416,1,0,1,1,0,0,1,0,0,0,9.994287576862567
-0.9060951311462956,-0.27900268982719917,1.3459988836326016,0,0,0,0,0,0,1,0,0,0,10.085642428772983
-0.08632399714273321,-0.44871098634157236,-0.5224142905697936,0,0,1,0,0,0,1,0,0,0,9.769727562356604
-0.7421409043455831,-0.6129692394353234,-0.06434570196930045,0,0,1,0,0,0,1,0,0,0,11.05089000537367
-0.08632399714273321,0.21967628315972806,0.39062084201313046,1,0,1,1,0,0,1,0,0,0,10.085850775128717
1.389264044063679,-0.4306387937488843,-1.0487924866971943,1,0,1,0,0,0,1,0,0,0,11.198159924108706
1.061355590462254,1.0778310367651915,0.17918418832743183,0,0,1,1,0,0,1,0,0,0,9.210440366976517
-0.9060951311462956,0.020976783449545313,2.2680040952360887,1,0,1,0,0,0,1,0,0,0,10.25769445336048
0.7334471368608292,0.5508421160100326,-0.029447700016102613,0,0,1,0,0,0,1,0,0,0,10.203629181337648
-0.2502782239434457,0.7945801689878568,1.5229317535353146,1,0,1,1,0,0,1,0,0,0,9.770013301136158
2.2090351780672415,0.4467614256856512,-0.699590491146351,0,0,1,0,0,0,1,0,0,0,9.249657234353133
3.6846232192736537,0.938779234491818,-0.7637598244479739,0,0,1,0,0,0,0,0,1,0,9.994287576862567
-0.9060951311462956,-0.9100723009067395,-0.5936320649261344,0,0,1,0,0,0,1,0,0,0,10.34177474101152
-0.7421409043455831,-1.0310708343493022,-1.092394308841238,1,0,0,0,0,0,1,0,0,0,11.482455948154028
-0.2502782239434457,0.9064952967293826,1.6949207398279915,0,0,1,1,0,0,1,0,0,0,9.711176264112805
-1.070049357947008,-1.0387538816714292,-0.7855710756687225,0,0,1,0,0,0,1,0,0,0,10.389026137075234
-0.08632399714273321,-0.06418014499767585,0.002865264755376822,1,0,1,0,0,0,1,0,0,0,10.596659732783579
-0.41423245074415815,-0.4615791444180413,-0.23717390211847078,1,0,1,0,0,0,1,0,0,0,11.005444242454628
0.24158445645869173,-0.060508935193506766,-0.2844357676208015,1,0,0,0,0,0,1,0,0,0,10.404232536959167
2.2090351780672415,2.6397226470584907,0.472618221417237,1,1,1,1,0,0,1,0,0,0,9.975854724662028
0.40553868325940423,1.3549316819324493,1.056093426295842,0,0,1,0,0,0,1,0,0,0,9.305741456739435
-1.2340035847477204,-1.1915632588294984,-1.3177656054549896,1,0,0,0,0,0,0,1,0,0,10.668932138591325
-0.7421409043455831,-0.18907697338693358,0.9779412896995417,0,0,0,0,0,0,1,0,0,0,10.505094936455558
-0.9060951311462956,-0.15879895438347716,1.7154523976437894,0,0,1,0,0,0,0,0,0,0,10.859018228147887
-1.2340035847477204,-1.0482157626100095,-0.4365910561367441,1,0,1,0,0,0,1,0,0,0,11.884495917930655
-0.7421409043455831,0.503532711317132,2.6809637850155963,1,0,1,0,0,0,1,0,0,0,10.819798284210286
-1.2340035847477204,-1.2167507858879987,-1.4725964074540108,0,0,0,0,0,0,1,0,0,0,10.341742483467284
-0.41423245074415815,0.17011495080344533,0.8722834342621933,1,0,1,1,0,0,1,0,0,0,10.043075566743182
-0.5781866775448706,-0.291265287523599,0.33892009837876363,1,0,1,0,0,0,1,0,0,0,10.668978650219241
0.5694929100601167,0.006783962041675118,-0.4231687476932065,0,0,1,1,0,0,1,0,0,0,9.680093969966709
-1.070049357947008,-0.9826638514675263,-0.555709569470326,0,0,0,0,0,0,1,0,0,0,10.757902880692196
-0.2502782239434457,0.49596320656626786,1.0640230278507632,0,0,1,0,0,0,1,0,0,0,10.165890277802454
-1.2340035847477204,-1.2090677385658717,-1.4253677781440164,0,1,1,0,0,0,1,0,0,0,11.349241150793087
-1.070049357947008,-0.9230161540307171,-0.31126845356703803,0,0,0,0,0,0,1,0,0,0,10.736396675471232
1.2253098172629666,1.9795861377356323,0.7266756756365172,0,0,1,0,0,0,1,0,0,0,8.556413904569519
1.061355590462254,0.47263020817172924,-0.28584622853307656,0,1,1,0,0,0,1,0,0,0,9.132486932771318
-0.9060951311462956,-1.0390755856233411,-0.9901315304510505,1,0,0,0,0,0,1,0,0,0,11.018612749578452
0.5694929100601167,1.1469406151405808,0.6550900306043164,1,0,1,1,0,0,1,0,0,0,9.44943600950432
0.5694929100601167,0.2575238069140486,-0.1860412985240416,1,0,1,0,0,0,1,0,0,0,9.903487552536127
-0.41423245074415815,-0.6281271726989288,-0.5296856308709413,0,0,1,0,0,0,1,0,0,0,10.477316144080852
0.24158445645869173,0.7822986475295798,0.6575353311607575,1,0,1,1,0,0,1,0,0,0,10.308985993422082
-0.9060951311462956,-0.5181233449069962,0.6110469624982551,0,0,1,0,0,0,1,0,0,0,10.720576542290251
-0.08632399714273321,-0.007408859366195077,0.08041638020692772,1,0,1,0,0,0,1,0,0,0,9.87822102528824
-0.41423245074415815,0.8102111962983911,1.9964976400402095,0,0,0,1,0,0,1,0,0,0,10.184862275413241
0.40553868325940423,1.5632633764381065,1.2695334837973729,1,0,1,1,0,0,1,0,0,0,9.210440366976517
-1.070049357947008,-0.8710704276779122,-0.09839064165253117,0,0,0,0,0,0,1,0,0,0,10.5531790651673
-0.41423245074415815,0.35316449944121653,1.1937771227319864,0,0,1,0,0,0,1,0,0,0,9.975808214115753
0.5694929100601167,-0.6129692394353234,-1.0092762163943496,0,1,1,0,0,0,1,0,0,0,10.46310334047155
-0.9060951311462956,-1.0009063579171087,-0.8728160805517171,0,0,1,0,0,0,1,0,0,0,10.887455624298198
-0.41423245074415815,-0.4303549373207269,-0.18233418476344548,1,0,1,0,0,0,1,0,0,0,10.373209892223665
1.8811267244658165,1.07124556763194,-0.24825263289726376,0,1,1,1,0,0,1,0,0,0,9.210340371976184
-0.9060951311462956,-0.5116892658687617,0.6308224969384005,1,0,0,0,0,0,1,0,0,0,10.529452721013085
-0.2502782239434457,-0.44927869919788715,-0.3886063034510971,0,0,1,0,0,0,1,0,0,0,10.069044362997353
-0.5781866775448706,0.30106738299339436,1.5526338307532586,0,0,1,0,0,0,1,0,0,0,10.318110598429058
0.8974013636615417,-0.13041331156773678,-0.6925097371268616,0,1,1,1,0,0,1,0,0,0,9.90353755128617
-0.5781866775448706,-0.7738212153911856,-0.6498566236285086,1,0,1,0,0,0,1,0,0,0,10.34177474101152
-0.5781866775448706,0.1278960380555008,1.197798702004688,0,0,1,1,0,0,1,0,0,0,10.203592144986466
-0.41423245074415815,-0.40480785878656056,-0.13746532510933412,1,0,1,0,0,0,1,0,0,0,10.571342565808699
0.8974013636615417,1.6957297095782284,0.8042267910880682,0,0,1,0,0,0,1,0,0,0,9.024131268455035
0.24158445645869173,0.3994520209927505,0.22964352660612386,1,0,1,0,0,0,1,0,0,0,9.94755228369823
-0.41423245074415815,0.1187937085925867,0.7821468806459335,0,0,1,0,0,0,1,0,0,0,9.90353755128617
1.061355590462254,0.4278376638084909,-0.32026438295941795,0,0,1,1,0,0,1,0,0,0,10.950824090522445
-0.2502782239434457,-0.19664647813779768,-0.00036603172177107916,1,0,1,0,0,0,1,0,0,0,10.596659732783579
0.7334471368608292,1.5632633764381065,0.8596204449820327,1,0,1,1,0,0,1,0,0,0,9.200391041122515
-1.070049357947008,-1.1891977885948535,-1.402102443508551,0,0,1,0,0,0,1,0,0,0,11.002116507732017
1.389264044063679,0.7116940919658948,-0.2685636393250507,1,0,1,1,0,0,1,0,0,0,9.465060106725137
0.5694929100601167,2.3580613752788375,1.8004603511195278,0,0,1,1,0,0,1,0,0,0,8.699681400989514
-1.2340035847477204,-1.2083297118526624,-1.4208310378901006,0,0,1,1,0,0,0,1,0,0,11.24339760309849
0.24158445645869173,-0.6113039483901334,-0.9000365220752115,1,0,1,0,0,0,1,0,0,0,10.81478584288724
0.07763022965797926,0.31429509254552934,0.3078996521981432,1,0,1,0,0,0,1,0,0,0,9.741027444837728
-0.41423245074415815,-0.1332518758493108,0.3394740349177033,1,0,1,0,0,0,1,0,0,0,10.292077743419448
1.8811267244658165,1.502139625574879,0.004010066935852152,0,0,1,1,0,0,1,0,0,0,8.77971129020447
-1.2340035847477204,-0.48964308328187,2.9970233560383917,0,0,0,1,0,0,1,0,0,0,11.115294588970581
-0.2502782239434457,-0.17772271626063743,0.028715636572560457,1,0,1,0,0,0,1,0,0,0,10.484333519758916
-0.2502782239434457,-0.4466482962969619,-0.38456395155818496,0,0,1,1,0,0,1,0,0,0,10.657282884047461
0.07763022965797926,0.06353632391127874,-0.000389297056406629,0,0,1,0,0,0,0,0,0,0,10.714439990727769
-0.9060951311462956,-0.5511453093826408,0.509551940151038,0,0,0,0,0,0,1,0,0,0,10.591597065328735
-0.41423245074415815,0.34124252945860556,1.1728383215600677,1,0,1,0,0,1,0,0,0,0,10.714439990727769
-1.2340035847477204,-1.2250583173520722,-1.5236638169788568,0,0,1,0,0,1,0,0,0,0,11.456365695436427
0.24158445645869173,0.45622330662423133,0.2930944392483016,1,0,1,0,0,0,1,0,0,0,9.798182590890704
0.24158445645869173,1.3818791188455255,1.3276615698790122,0,0,1,1,0,0,1,0,0,0,9.648659816955295
0.24158445645869173,-0.8078839867700741,-1.1197458822508592,1,1,1,1,0,0,1,0,0,0,11.356283350762888
1.389264044063679,1.9722626418891713,0.5924217696039745,0,0,1,1,0,0,1,0,0,0,8.682877107057168
-0.2502782239434457,0.8441604251060166,1.5991257244664634,0,0,1,1,0,0,1,0,0,0,10.46310334047155
1.8811267244658165,1.5784023859398348,0.048657351974387704,0,0,1,0,0,0,1,0,0,0,8.77971129020447
-0.41423245074415815,0.635904425647868,1.6903590724298234,0,0,0,0,0,0,1,0,0,0,10.463074768634808
-0.5781866775448706,-0.13987519250631691,0.6491245601849663,0,0,1,0,1,0,0,0,0,0,10.505094936455558
-0.9060951311462956,-0.3917315393294428,0.9995198875739357,0,0,0,1,0,0,1,0,0,0,10.949068194652432
-0.2502782239434457,0.718090323480375,1.4053836502896266,0,0,0,1,0,0,1,0,0,0,9.754929537894979
-0.08632399714273321,-0.30861837716495494,-0.33104398800718343,0,0,0,0,0,0,1,0,0,0,9.980031840175913
-1.2340035847477204,-1.1996058576272914,-1.3672044415553533,1,0,1,0,0,0,0,1,0,0,12.07254696717504
-1.2340035847477204,-0.9592740817873562,0.11014430779668875,0,0,1,0,0,0,1,0,0,0,10.594156665220533
0.24158445645869173,0.10613371189676649,-0.09818618871179524,1,0,1,1,0,0,1,0,0,0,9.723223876851618
3.5206689924729413,0.46568518756281146,-0.9244125888158538,1,0,1,1,0,0,0,0,1,0,8.003363058629947
-0.5781866775448706,-1.0695996135312005,-1.255918590882378,1,0,1,0,0,0,1,0,0,0,12.278397958261774
1.717172497665104,1.2566984340281104,-0.06667223543284698,0,0,1,1,0,0,1,0,0,0,8.665785595466064
0.5694929100601167,-0.31018904940075925,-0.722933636265547,1,0,1,0,0,0,1,0,0,0,9.898525260706313
1.5532182708643916,1.9776937615479162,0.4805529250192273,0,0,1,1,0,0,1,0,0,0,9.735128070758227
-0.5781866775448706,-0.33813944569332494,0.2428730418920179,1,0,1,0,0,0,1,0,0,0,10.34177474101152
3.0288063120708038,-0.291265287523599,-1.1844053837052693,1,0,1,0,0,0,1,0,0,0,8.699681400989514
0.5694929100601167,-0.21557024001495795,-0.6334515799752959,1,0,1,1,0,0,1,0,0,0,10.515451792270389
-0.08632399714273321,-0.02084473029897886,0.062062616216727214,0,0,0,0,0,0,1,0,0,0,9.740968623038354
-1.070049357947008,-1.08606328636433,-0.9794488642975996,0,0,1,0,0,1,0,0,0,0,11.018629143155449
0.40553868325940423,0.6170752825800936,0.3001445406529882,0,0,1,1,1,0,0,0,0,0,10.221941283654663
-0.41423245074415815,-0.4937495396092138,-0.29367542909031474,1,0,1,0,0,0,1,0,0,0,11.149096419938578
-0.2502782239434457,-0.276504753259414,-0.12309067192385016,0,0,1,0,0,0,0,0,0,0,11.0186455364637
-1.070049357947008,-0.9799009822334609,-0.5443871066143996,0,0,0,0,0,0,1,0,0,0,10.22015787614662
-0.08632399714273321,0.31429509254552934,0.5198727010990486,1,0,1,1,0,0,1,0,0,0,9.740733301234702
1.389264044063679,-0.7450381735760249,-1.2635315253825383,1,1,1,0,0,0,1,0,0,0,10.896739325546411
0.40553868325940423,-0.8874773292254101,-1.2413002056197604,1,1,0,0,0,0,1,0,0,0,11.372524818667134
-0.2502782239434457,-0.7709826511096116,-0.8829946644547332,1,0,1,0,0,0,1,0,0,0,10.819798284210286
1.2253098172629666,-0.4606708038479376,-1.0380957549002547,1,0,1,0,0,0,1,0,0,0,10.558179726714524
1.8811267244658165,1.6768059477010682,0.10626675202411115,1,0,1,1,0,0,1,0,0,0,9.210440366976517
-1.070049357947008,-0.9301693360202837,-0.3405827752077242,1,0,1,0,0,1,0,0,0,0,11.042601784513568
0.07763022965797926,1.5973261478169951,1.8852893404826856,0,0,1,1,0,0,1,0,0,0,9.358846580275406
2.372989404867954,5.070990801750409,1.631706886845546,0,0,1,1,0,0,0,0,0,0,9.741027444837728
-0.08632399714273321,0.9501334916181141,1.3884451941564173,1,0,1,0,0,0,1,0,0,0,10.021315031649332
-0.9060951311462956,-0.9880381998406398,-0.8332650116714262,0,0,0,0,0,0,1,0,0,0,10.085767441795337
-0.41423245074415815,-0.272492915741456,0.0949221317066272,1,0,1,1,0,0,1,0,0,0,10.239995502805316
2.700897858469379,1.3700517676723003,-0.36688453428663864,0,1,1,0,0,0,1,0,0,0,9.392745258631441
-0.9060951311462956,-0.9415614406703342,-0.6904158570096698,0,0,0,0,0,0,1,0,0,0,10.420255485757748
-0.2502782239434457,0.6284295397063897,1.267594705911084,1,0,1,0,0,0,1,0,0,0,10.184937747111391
1.5532182708643916,0.027410862487779804,-0.7814078052602708,0,0,1,1,0,0,1,0,0,0,9.392745258631441
-0.41423245074415815,-0.3049093198370315,0.03798853423441023,0,0,1,0,0,1,0,0,0,0,9.770013301136158
-1.070049357947008,-1.2034852288121094,-1.4606535356744719,1,0,0,0,0,0,1,0,0,0,12.506147607911917
-0.7421409043455831,-0.5032114205477939,0.20553217980209618,1,0,1,0,0,0,1,0,0,0,10.959557617938563
-0.41423245074415815,-0.6318930013124837,-0.5362996331458808,1,0,1,0,0,0,1,0,0,0,10.712215345197256
-0.5781866775448706,-0.6697405250668043,-0.4365910561367441,1,0,1,1,0,0,1,0,0,0,10.275085591132715
0.7334471368608292,1.960662375858472,1.2086004645140112,1,0,1,1,0,0,1,0,0,0,9.305650551780507
-0.9060951311462956,-0.028868405334894813,2.11480186666155,0,0,1,0,0,0,1,0,0,0,10.642706921198457
0.07763022965797926,2.0742049471214337,2.471575773296409,0,0,1,0,0,0,1,0,0,0,9.87822102528824
-1.070049357947008,-1.053363025840597,-0.8454405367973198,1,0,1,0,0,1,0,0,0,0,11.39640288460621
-0.41423245074415815,-0.2562563280508525,0.12343878473124024,1,0,1,0,0,0,1,0,0,0,10.27163147557801
-1.2340035847477204,-1.2260991242553159,-1.5300617840036097,0,0,1,0,0,0,0,1,0,0,11.4295003768251
-0.41423245074415815,-0.2259783090473961,0.17661669246944645,1,0,1,0,0,0,1,0,0,0,10.819778284410283
1.389264044063679,-0.5032114205477939,-1.0983605746566438,1,0,1,0,0,0,1,0,0,0,11.51293546492023
-0.2502782239434457,-0.19664647813779768,-0.00036603172177107916,1,0,1,1,0,0,1,0,0,0,10.817796321618971
-0.5781866775448706,-0.49942666817236187,-0.08761103660476569,1,0,1,1,0,0,1,0,0,0,10.434145214930487
1.389264044063679,-0.8551933914629748,-1.3387690325564512,0,0,1,0,0,0,1,0,0,0,10.221977646629885
-1.2340035847477204,-1.2014982338150075,-1.3788371088730857,1,0,1,0,0,0,1,0,0,0,11.275949181024878
-1.2340035847477204,-1.2337632478155658,-1.577174086640427,0,0,1,0,0,0,1,0,0,0,11.37940550085183
-0.08632399714273321,-0.5240275586126703,-0.6252987704021843,0,0,1,1,0,0,0,0,1,0,10.545367754151743
-0.41423245074415815,-0.6831007009520793,-0.626236769608122,1,0,1,0,0,0,1,0,0,0,10.596634733096073
0.5694929100601167,0.6927703300887346,0.22557616041111228,1,0,1,0,0,0,1,0,0,0,9.287394001418473
-0.9060951311462956,-1.010368238855689,-0.9018977488460487,1,0,1,0,0,0,0,1,0,0,11.258046118484
-1.2340035847477204,-1.0653417671088394,-0.5418666953622242,0,0,1,0,0,1,0,0,0,0,10.985309671896763
-1.070049357947008,-1.1201260577432184,-1.1190408721103908,0,1,1,0,0,0,1,0,0,0,10.799595985047786
1.389264044063679,0.24238479741232036,-0.5891082498581273,1,0,1,1,0,0,1,0,0,0,10.043249494911286
-0.7421409043455831,-0.6521414265210451,-0.1606641873601265,1,0,0,0,0,0,1,0,0,0,10.27163147557801
-0.7421409043455831,-0.8930409152172953,-0.7529996071790712,1,0,1,1,0,0,1,0,0,0,10.292179440058462
-0.08632399714273321,0.09672860224381784,0.22267097631688898,1,0,1,0,0,0,1,0,0,0,9.648659816955295
-0.5781866775448706,-1.0576776435485895,-1.2314899895151394,1,0,1,1,0,0,1,0,0,0,11.141876276228
0.5694929100601167,1.7594270920567499,1.2343252773823685,0,0,1,1,0,0,0,1,0,0,9.018089684104343
-0.7421409043455831,-0.3770277763508893,0.5157986825006605,1,0,1,0,0,1,0,0,0,0,10.736396675471232
1.717172497665104,-1.154188829122107,-1.548674051711982,1,1,1,0,0,0,1,0,0,0,14.284889617206765
-0.7421409043455831,-0.6792024060053843,-0.22720304441755704,0,0,1,0,0,0,1,0,0,0,10.714439990727769
0.24158445645869173,1.2718374435298385,1.2046725508742573,0,0,1,1,0,0,1,0,0,0,9.741027444837728
-0.41423245074415815,-0.036740690275793485,0.5089786158332354,0,1,1,0,0,0,1,0,0,0,10.099301016178382
0.5694929100601167,2.660841565313402,2.0868029312483305,0,0,1,0,0,0,1,0,0,0,8.517393171418904
-0.9060951311462956,-0.8667368862080426,-0.460438024138096,0,0,1,0,0,0,1,0,0,0,10.915088464214607
0.40553868325940423,0.4467614256856512,0.125654530886999,0,1,1,1,0,0,1,0,0,0,9.433563920090563
1.389264044063679,0.6359990444572537,-0.32026438295941795,1,0,1,0,0,0,1,0,0,0,10.043249494911286
-1.397957811548433,-1.231776252818464,-1.5300617840036097,1,0,1,0,0,0,0,1,0,0,10.839580911706463
-0.08632399714273321,-0.5561979538038426,-0.6692444024913964,0,1,1,1,0,0,1,0,0,0,10.34177474101152
-0.5781866775448706,-0.6035073584967433,-0.30087660409653033,1,0,1,0,0,0,1,0,0,0,10.731405981781311
1.389264044063679,-0.7507720734248045,-1.2674478567128418,0,1,1,0,0,0,1,0,0,0,9.792611856190192
-0.08632399714273321,-0.5572766082308408,-0.6707178736849759,1,0,1,0,0,0,1,0,0,0,10.853232402669228
-0.9060951311462956,-1.2201381392640105,-1.5466383349313788,1,0,1,0,0,0,1,0,0,0,11.976665770490767
1.717172497665104,-0.026332621243355336,-0.8553670795751181,1,0,1,0,0,0,1,0,0,0,9.472396896788991
1.061355590462254,1.4751921886618027,0.4845126237496186,0,1,1,1,0,0,1,0,0,0,8.006700845440367
-1.2340035847477204,-0.9800902198522324,-0.01781503269837,0,0,1,0,0,0,1,0,0,0,11.082157933374816
0.8974013636615417,-1.0652471482994537,-1.458714757788183,0,1,1,0,0,0,1,0,0,0,10.915106645867503
-1.070049357947008,-1.0950899207797353,-1.0164407463679892,1,0,0,0,0,0,1,0,0,0,10.906762994377685
-1.070049357947008,-0.9346731913470478,-0.3590399406851934,0,0,1,1,0,0,0,0,0,0,11.21176631667128
0.24158445645869173,0.28314658049572355,0.09965375690651536,0,0,1,1,0,0,0,1,0,0,9.496346040047019
0.40553868325940423,0.7817120109113878,0.4688182167601109,0,0,1,0,1,0,0,0,0,0,9.510519035757246
-1.2340035847477204,-1.0671395244871698,-0.5529177293140702,0,0,1,0,0,0,1,0,0,0,11.429554725537322
-1.2340035847477204,-1.227991500443032,-1.5416944513213424,0,0,1,0,0,0,0,1,0,0,10.993748398115178
-1.070049357947008,-1.172734115761724,-1.3346329730657018,1,0,1,0,0,0,1,0,0,0,12.899097318586382
0.24158445645869173,-1.157973581497539,-1.5110265102109564,1,0,1,0,0,0,1,0,0,0,11.082081008522668
-1.070049357947008,-1.1462408491336995,-1.2260614114335309,0,0,1,0,0,1,0,0,0,0,10.768506042432708
0.07763022965797926,1.8281960427183501,2.1691264230353613,0,0,1,0,0,0,0,0,0,0,10.373522431293592
0.24158445645869173,-0.5361387662140528,-0.8160275137369679,0,1,1,0,0,0,1,0,0,0,10.25769445336048
-1.2340035847477204,-1.232627822102936,-1.5701944862497874,1,0,0,0,0,0,1,0,0,0,12.793837087963153
0.24158445645869173,1.1365325461081426,1.0534478757437333,1,1,1,0,0,0,1,0,0,0,9.75272280064639
-0.7421409043455831,-0.3858840969094003,0.494022329281865,0,0,1,0,0,0,1,0,0,0,10.275051108968611
1.061355590462254,-0.14365994488174896,-0.7593975742038241,1,0,0,0,0,0,1,0,0,0,10.992066340225865
0.40553868325940423,1.2226356626492219,0.9205534642653943,1,0,1,1,0,0,1,0,0,0,10.199918739620157
-1.2340035847477204,-1.1159060588446117,-0.8526915660920397,0,0,1,0,0,0,1,0,0,0,10.657282884047461
0.24158445645869173,0.37286413555534037,0.1999273491853705,1,0,1,1,0,0,1,0,0,0,10.122663242288953
0.7334471368608292,0.6208600349555256,0.03203925580619844,1,0,1,0,0,0,1,0,0,0,10.203629181337648
1.061355590462254,1.6402452397543945,0.6113377791811985,1,0,1,1,1,0,0,0,0,0,9.421492310438014
-0.7421409043455831,-1.1068794244292062,-1.2787961699405854,0,0,1,0,0,0,1,0,0,0,10.680539205318292
-0.5781866775448706,-0.38966884928483236,0.1372871982047316,0,0,1,0,0,0,1,0,0,0,10.868587496017359
-0.08632399714273321,0.579227758825773,0.8817779065396186,1,0,1,1,0,0,0,0,0,1,10.043292972227004
-0.2502782239434457,0.7116940919658948,1.3955540464061427,1,0,1,0,0,1,0,0,0,0,10.491301994830229
-0.41423245074415815,-1.041800607333652,-1.256228795344184,0,0,1,0,0,0,1,0,0,0,10.518429918794682
-0.41423245074415815,-0.42373162066372083,-0.17070151744571285,1,0,1,1,0,1,0,0,0,0,10.325481962595504
-0.2502782239434457,-0.5780548987719627,-0.5865070561940232,0,0,1,1,0,0,1,0,0,0,10.308985993422082
0.8974013636615417,1.3753693447597823,0.5416542243922076,0,1,1,0,0,0,1,0,0,0,8.517393171418904
0.07763022965797926,-0.2723415256464387,-0.4133257215012789,1,0,1,0,0,0,0,0,0,1,10.87806606028079
0.40553868325940423,0.5710905412185941,0.2530322380161711,1,0,1,1,1,0,0,0,0,0,9.99884318585288
-0.9060951311462956,-0.3673577340316604,1.0744342651001337,0,0,1,0,0,0,1,0,0,0,10.559270295995857
-0.08632399714273321,0.21011978341176213,0.3775664042454531,0,0,1,1,0,0,1,0,0,0,9.472781556562168
-0.41423245074415815,0.29537133066836907,1.092273791336685,0,0,1,0,1,0,0,0,0,0,10.373522431293592
0.24158445645869173,0.17416463584515762,-0.022150845062252233,1,0,1,1,0,0,1,0,0,0,10.387486538298399
2.8648520852700914,1.0333980438776194,-0.5658429152226621,0,0,1,1,0,0,1,0,0,0,8.612685172875459
-0.41423245074415815,-0.6924490393193965,-0.6426554486222932,1,0,1,0,0,0,1,0,0,0,10.778977123006351
-0.5781866775448706,-0.6038669099724093,-0.30161333969331994,1,0,0,0,0,0,1,0,0,0,10.691944912900398
1.717172497665104,-1.201555005100639,-1.5777906180082666,0,1,0,0,0,0,1,0,0,0,12.971538162085645
0.40553868325940423,-0.08035996140264788,-0.41439204933873763,1,0,1,1,0,0,1,0,0,0,10.53212287826962
1.2253098172629666,1.5772669602272051,0.4357221377835817,0,1,1,1,0,0,1,0,0,0,9.581972891547895
0.7334471368608292,0.13029935581390015,-0.3987516511617768,1,0,1,0,0,0,1,0,0,0,10.461702359555922
-1.070049357947008,-0.9426779426210866,-0.3918440625211994,0,0,0,0,0,0,1,0,0,0,9.883284845218608
-0.41423245074415815,-0.3050228624082945,0.03778911708039189,1,0,1,0,0,0,1,0,0,0,10.896757843893464
0.8974013636615417,1.4913530813048976,0.6367163817127186,0,0,1,0,0,0,1,0,0,0,9.210340371976184
-0.5781866775448706,-0.3196509303393394,0.28075676179010034,1,0,1,1,0,0,1,0,0,0,10.680539205318292
1.061355590462254,-0.15879895438347716,-0.7710302415215567,0,1,1,0,0,0,1,0,0,0,9.546884034617925
1.061355590462254,2.1695050119348127,1.0180158286091305,0,0,1,1,0,0,1,0,0,0,9.116139576577355
-1.397957811548433,-1.228824145965627,-1.493767861972284,1,0,1,0,0,0,1,0,0,0,11.76753667511112
2.045080951266529,1.1469406151405808,-0.26738862242426975,1,0,0,0,0,0,1,0,0,0,9.536112711175099
-1.070049357947008,-0.8712407415348067,-0.09908860169159513,1,0,1,0,0,0,0,0,0,1,10.907789161732996
-0.41423245074415815,0.6655958080331325,1.7425066582056017,1,0,0,0,0,0,1,0,0,0,10.047847603042964
-0.41423245074415815,0.1708908250404089,0.8736461181479849,1,0,0,0,0,0,1,0,0,0,10.709941096725379
-1.2340035847477204,-1.0618219473996877,-0.5202299341512416,0,0,1,0,0,0,1,0,0,0,11.350418300109132
-0.5781866775448706,-0.9180959759426555,-0.9454814757298202,1,0,0,0,0,0,1,0,0,0,12.254391269970792
-0.2502782239434457,0.3521426162998499,0.8430023488138434,1,0,1,0,0,0,1,0,0,0,10.34177474101152
1.389264044063679,-1.0288189066859201,-1.457357613267781,0,1,1,0,0,0,1,0,0,0,10.768506042432708
-0.41423245074415815,-0.5561979538038426,-0.40335486380036517,0,0,1,1,0,0,1,0,0,0,10.373522431293592
-0.5781866775448706,-0.5342274662644596,-0.1589192872624666,0,0,1,0,0,0,1,0,0,0,10.203258756085228
-0.9060951311462956,-0.9049628851999062,-0.5779279640471954,1,0,0,0,0,0,1,0,0,0,10.596609732783568
-1.070049357947008,-0.9535969532242081,-0.4365910561367441,1,0,1,0,0,1,0,0,0,0,11.472103470449973
-0.9060951311462956,-0.3977492956063798,0.9810239465387409,0,0,1,0,0,0,1,0,0,0,10.491301994830229
-1.2340035847477204,-1.148511700558959,-1.0531224239765726,0,0,1,0,0,0,1,0,0,0,10.859018228147887
2.372989404867954,-0.21909005972410975,-1.0781908220462864,1,0,0,0,0,0,1,0,0,0,9.375939552625749
-1.070049357947008,-0.32332214014350846,2.1463263950926055,0,0,1,1,0,0,1,0,0,0,11.184421397998193
-1.070049357947008,-0.8100034481003161,0.15186680790962298,1,0,0,0,0,0,0,1,0,0,10.870452387138238
-0.5781866775448706,-0.40480785878656056,0.10626675202411115,1,0,1,0,0,0,1,0,0,0,10.275085591132715
-0.2502782239434457,-0.051652614634995764,0.22245771074939713,0,1,1,1,0,0,1,0,0,0,10.085850775128717
-0.9060951311462956,-0.35358123538508773,1.1167771741366805,0,0,1,1,0,0,1,0,0,0,10.390286841699265
-0.9060951311462956,-1.2213681837860257,-1.5504189518096418,1,0,1,0,0,0,1,0,0,0,12.66001358269538
-0.7421409043455831,-0.6441934465326379,-0.1411213062663357,1,0,1,0,0,0,1,0,0,0,11.042137528235768
1.061355590462254,0.4113739909753615,-0.33291490866745216,0,0,1,0,0,0,1,0,0,0,9.90353755128617
-0.2502782239434457,0.3120242411202701,0.7813492120298606,1,0,1,0,1,0,0,0,0,0,9.970024076336372
1.2253098172629666,2.301290089647357,0.9593290219911695,0,0,1,1,0,0,0,0,1,0,8.716207971151853
0.24158445645869173,-0.007408859366195077,-0.22508801399615114,0,0,1,0,0,0,1,0,0,0,10.239959789157341
-0.5781866775448706,-0.5508425291926062,-0.19296422694569731,0,0,0,0,0,0,1,0,0,0,10.58655914439847
0.8974013636615417,-0.011193611741627129,-0.5947953316579077,1,1,1,1,0,0,1,0,0,0,9.94755228369823
-1.2340035847477204,-1.2033906100027236,-1.3904697761908185,0,0,0,0,0,0,1,0,0,0,10.91328684226798
1.5532182708643916,0.23952730936886918,-0.6441545758239922,1,0,1,0,0,0,1,0,0,0,9.545454543987825
0.40553868325940423,0.503532711317132,0.18381786747566203,1,0,1,0,0,0,1,0,0,0,10.043292972227004
-0.41423245074415815,0.016832479598447216,0.6030702763375243,0,0,1,0,0,0,0,0,0,0,11.05881093278828
1.389264044063679,0.9298472188857984,-0.11956209617080453,1,0,1,0,0,0,1,0,0,0,9.105090961257085
-0.08632399714273321,-0.265642513941924,-0.2723377936103596,1,0,1,0,0,0,1,0,0,0,11.19822841866684
0.5694929100601167,0.31516558559187874,-0.13152882983202074,1,0,1,0,0,0,1,0,0,0,9.546812608597396
-1.070049357947008,-1.2139879166539334,-1.5036944047500826,0,0,0,0,0,0,1,0,0,0,10.894904309600681
-1.070049357947008,-0.873170965246277,-0.1069988154676533,1,0,1,0,0,0,1,0,0,0,11.37366339763672
-1.2340035847477204,-1.1049870482414903,-0.7855710756687225,1,0,1,0,0,0,1,0,0,0,11.88380602959621
-0.9060951311462956,-0.6370213407811941,0.24560671871168505,0,0,1,1,0,0,1,0,0,0,10.296036268711065
1.5532182708643916,0.5603039969486128,-0.4365910561367441,0,1,1,0,0,0,1,0,0,0,9.433563920090563
-0.7421409043455831,-0.7352167411617787,-0.3649338254595112,0,0,1,0,0,0,1,0,0,0,10.757817770687463
-1.2340035847477204,-1.22893768853689,-1.5475107849802088,0,0,1,0,0,0,0,1,0,0,11.728044909070785
0.07763022965797926,0.3521426162998499,0.35443032146907366,1,0,1,0,0,0,1,0,0,0,9.923290179832307
1.2253098172629666,0.6713486316437891,-0.21942968555111933,1,0,1,0,0,0,1,0,0,0,9.641992909837995
0.24158445645869173,0.5198260702933669,0.3641806117117548,0,0,1,0,0,0,1,0,0,0,9.890959401958858
-0.7421409043455831,-0.8355126791107281,-0.6115463725954426,0,0,0,0,0,0,1,0,0,0,10.545315122572783
3.6846232192736537,3.1433974931809883,0.08324376462443209,0,0,1,0,0,0,0,0,1,0,10.292179440058462
-1.2340035847477204,-1.1875703450734176,-1.2932206774145738,0,0,0,0,0,0,1,0,0,0,10.258921727038727
1.5532182708643916,1.6389584239467476,0.2613689829272127,1,0,1,1,0,0,1,0,0,0,9.54652685348758
0.8974013636615417,-0.36506795884452403,-0.8848365034467075,0,0,1,0,0,0,1,0,0,0,11.198214720130528
-0.08632399714273321,0.143981235651087,0.28721935474439636,1,0,1,0,0,0,1,0,0,0,10.085809109330082
1.061355590462254,0.17425925465454342,-0.5151115605314392,1,0,1,0,0,0,1,0,0,0,9.61587214452889
0.07763022965797926,0.8362124451176094,0.9495575814442742,0,0,1,1,0,0,1,0,0,0,9.38437770918244
-0.9060951311462956,0.20264489747028383,2.826372126487254,1,0,1,0,0,0,1,0,0,0,11.775297421715827
-1.2340035847477204,-1.2334604676255312,-1.5753128598695896,0,0,1,0,0,1,0,0,0,0,11.502885230075814
0.07763022965797926,-0.5435190333461453,-0.7467179668274956,1,0,0,0,0,0,1,0,0,0,10.596609732783568
-0.5781866775448706,-0.3907853512355848,0.1349994402989107,1,0,1,0,0,0,1,0,0,0,10.87804719253426
-0.41423245074415815,0.35638153896033375,1.1994272754291708,0,0,1,0,0,0,1,0,0,0,10.686841000982222
-0.5781866775448706,-0.12095143062915664,0.687900117910742,1,0,1,0,0,0,1,0,0,0,9.952325334619427
2.372989404867954,1.0315056676899033,-0.43756044507988856,0,1,1,1,0,0,1,0,0,0,9.798182590890704
1.5532182708643916,0.7684653775973757,-0.3018970135103665,1,0,1,0,0,0,1,0,0,0,9.87822102528824
0.07763022965797926,0.4846089494399717,0.5172876639173303,0,1,1,1,0,0,1,0,0,0,9.852246888342531
-0.2502782239434457,-0.5002403899330797,-0.4669232361677319,1,0,1,0,0,1,0,0,0,0,10.752590924862394
-0.7421409043455831,-0.9535969532242081,-0.9018977488460487,1,0,1,0,0,0,1,0,0,0,11.767575435251748
0.07763022965797926,0.4463261791624765,0.47022189194978425,1,0,1,1,0,0,0,1,0,0,9.902386947092095
0.5694929100601167,0.4183757828699108,-0.03392180283061522,1,0,1,0,1,0,0,0,0,0,9.350102314351341
-0.7421409043455831,0.20667565875011895,1.9510371761625105,0,0,1,0,0,0,1,0,0,0,10.469795185761123
-0.41423245074415815,-0.0019209684218186014,0.5701332097321726,0,0,1,1,0,0,1,0,0,0,10.183049243755137
-0.08632399714273321,-0.4738795896381955,-0.5567952850866479,1,0,1,0,0,0,1,0,0,0,11.12720415889866
-0.5781866775448706,-0.21557024001495795,0.494022329281865,0,0,1,0,0,0,0,1,0,0,10.404293143019792
-1.070049357947008,-1.2327224409123219,-1.5804700090471178,1,0,1,0,0,1,0,0,0,0,10.859018228147887
-0.41423245074415815,0.031100996053826054,0.6281303653591537,1,0,1,1,0,0,1,0,0,0,10.357774570341576
-0.2502782239434457,0.12361926787126257,0.4918121224914958,0,0,1,0,0,0,1,0,0,0,9.525224101853109
1.389264044063679,0.9690572534952744,-0.09278111096820249,1,0,1,0,0,0,1,0,0,0,9.902286831959609
-0.08632399714273321,-0.6697405250668043,-0.8243466333944979,0,0,1,1,0,0,1,0,0,0,9.852246888342531
-0.7421409043455831,-0.22030118048424802,0.9011656854025065,1,0,1,0,0,0,1,0,0,0,10.392098241730961
-0.08632399714273321,-0.217462616202674,-0.20652274696381023,1,0,1,0,0,0,1,0,0,0,10.221977646629885
-0.08632399714273321,-0.8592241527428099,-1.0831864063999572,1,0,1,0,0,0,1,0,0,0,11.917730355182513
0.24158445645869173,1.1280168532634205,1.0439302388474068,0,0,1,1,1,0,0,0,0,0,10.021315031649332
-0.2502782239434457,1.298330710157863,2.2970857635304203,1,0,1,0,0,0,1,0,0,0,10.404262840448617
-0.41423245074415815,-0.22115274976872024,0.1850919215152231,1,0,1,1,0,0,1,0,0,0,10.16203685698089
-0.7421409043455831,-0.5208294428554301,0.16221212671085997,1,0,0,0,0,0,1,0,0,0,11.237843674494187
-0.5781866775448706,-0.8211306200840863,-0.7467955179429472,1,0,1,0,0,0,1,0,0,0,12.071975378543236
0.5694929100601167,0.7590034966587955,0.28821359981428796,0,1,1,0,0,0,1,0,0,0,9.852246888342531
-0.9060951311462956,-1.2024444219088655,-1.4922556152209787,1,0,1,0,0,0,0,0,0,1,10.799595985047786
1.2253098172629666,1.5348777336223662,0.4050666380286157,1,1,1,1,0,0,1,0,0,0,10.308985993422082
-1.070049357947008,-1.0387538816714292,-0.7855710756687225,0,0,0,0,0,0,1,0,0,0,10.819798284210286
2.045080951266529,3.398868278522652,0.9910544783122585,0,0,1,1,0,0,0,0,0,0,9.798127036878302
2.045080951266529,1.4537894139787344,-0.09591253100878391,1,0,1,0,0,0,1,0,0,0,8.517393171418904
-0.08632399714273321,0.579227758825773,0.8817779065396186,1,0,1,0,0,0,1,0,0,0,11.082157933374816
0.07763022965797926,-0.5372741919266824,-0.7390404063977921,1,0,1,0,0,0,1,0,0,0,10.735330890332664
-0.08632399714273321,0.8820079488603372,1.2953838556145565,1,0,1,1,0,0,1,0,0,0,9.588776807696428
-0.9060951311462956,-0.8968256675927273,-0.5529177293140702,1,0,1,0,0,0,1,0,0,0,11.451060699493427
-0.5781866775448706,-0.6938872452220607,-0.48606866779483354,0,1,1,1,0,0,1,0,0,0,9.814710982145282
0.7334471368608292,-0.8589781438384069,-1.2674958645462167,0,1,1,0,0,0,1,0,0,0,10.839600519357369
-0.5781866775448706,-0.6394625060633478,-0.37455016377550343,0,1,1,0,0,0,1,0,0,0,10.62135173563291
-1.2340035847477204,-1.097152610824346,-0.7374118329733095,1,0,1,0,0,1,0,0,0,0,10.942279062885698
0.07763022965797926,0.4495999899672252,0.47424679484171955,1,0,1,0,0,0,1,0,0,0,10.370392636243981
-1.2340035847477204,-1.1882516005009953,-1.2974084376489576,1,0,1,0,0,0,1,0,0,0,12.388377535518572
1.8811267244658165,0.2695403957060453,-0.7176030623408276,0,0,1,0,0,0,1,0,0,0,9.510519035757246
0.07763022965797926,0.8441604251060166,0.9593290219911695,1,0,1,0,0,0,1,0,0,0,10.239995502805316
-0.08632399714273321,-0.4499410308635878,-0.5240945647379106,0,0,1,0,0,1,0,0,0,0,9.392745258631441
-0.2502782239434457,0.09816680814648202,0.4526972786356199,1,0,1,0,0,1,0,0,0,0,10.651383301144275
-0.5781866775448706,-0.6379296813512978,-0.3714093435997156,0,0,1,1,0,0,1,0,0,0,10.419330568113901
0.24158445645869173,-0.5561979538038426,-0.8384468362038708,1,0,1,0,0,0,1,0,0,0,10.518700218288165
-0.5781866775448706,-0.3961029283230668,0.12410350857796788,0,0,1,0,0,0,1,0,0,0,10.448743588106625
2.372989404867954,-0.011647782026678976,-0.971926406098799,0,0,1,0,0,0,1,0,0,0,8.922791623969637
-0.9060951311462956,-0.6053997346844593,0.34279765415134106,0,0,1,0,0,0,1,0,0,0,10.239995502805316
-0.7421409043455831,-0.15879895438347716,1.0523903605330305,0,0,1,1,0,0,1,0,0,0,10.53212287826962
0.8974013636615417,1.8408938869379248,0.9232057124138373,0,0,1,0,1,0,0,0,0,0,9.392745258631441
-0.41423245074415815,-0.24395588283069833,0.1450423097498866,0,0,1,0,1,0,0,0,0,0,10.463131911491967
-0.9060951311462956,-0.6413548822510639,0.2322873146328812,1,0,1,0,0,0,1,0,0,0,11.461642696843066
1.5532182708643916,2.831155422207844,1.0327984997873754,0,0,1,1,0,0,1,0,0,0,8.853093836138493
-0.5781866775448706,0.7621637648922812,2.4974390702995017,0,0,1,0,0,0,1,0,0,0,10.571342565808699
-1.070049357947008,-1.0924784416406872,-1.0057386924356753,0,0,0,0,0,1,0,0,0,0,10.811746112713019
1.2253098172629666,-0.6775749624839486,-1.1949588523071384,0,0,1,0,0,0,1,0,0,0,10.776891660007811
-1.070049357947008,-0.796529729643778,0.20708320211112727,0,0,1,0,0,0,1,0,0,0,11.119897691565697
0.07763022965797926,0.9616769863631819,1.1038067500774087,0,0,1,0,1,0,0,0,0,0,10.370392636243981
-1.2340035847477204,-1.09552516730291,-0.7274077390800594,0,0,1,0,0,0,1,0,0,0,11.439160510902152
0.07763022965797926,-0.7494852576171576,-0.999937868999899,1,0,1,0,0,0,1,0,0,0,10.55843949396453
1.2253098172629666,2.3485994943402573,0.9935427493962657,0,1,1,0,0,0,1,0,0,0,8.699681400989514
-0.5781866775448706,-0.46729412050494373,-0.02177013958639909,0,0,0,0,0,0,1,0,0,0,10.666324028690118
-0.7421409043455831,0.17662472488918846,1.8771464733602727,0,0,1,0,0,0,1,0,0,0,9.981050264483919
-0.9060951311462956,-0.7862730507063571,-0.2131275169631006,0,0,1,0,0,0,1,0,0,0,10.98874438615708
-0.7421409043455831,0.049362426265285704,1.5642277225132655,1,0,1,1,0,0,1,0,0,0,10.933106969717286
0.07763022965797926,0.9692843386378003,1.1131594146008659,0,0,1,1,0,0,1,0,0,0,9.44943600950432
-0.2502782239434457,1.7387244965631365,2.973874348076104,0,0,1,1,0,0,0,0,0,0,10.404262840448617
1.2253098172629666,-1.031184376920565,-1.4506859364237874,1,1,1,0,0,0,1,0,0,0,11.767575435251748
1.8811267244658165,2.831155422207844,0.7820693295304822,1,0,1,1,0,0,1,0,0,0,8.902591637374087
0.07763022965797926,0.06171964277107136,-0.002622769181411164,0,0,1,1,0,0,1,0,0,0,9.84961197956681
2.2090351780672415,1.006904777249595,-0.4001757497507985,1,0,1,1,0,0,1,0,0,0,8.562357743370612
1.2253098172629666,3.524408514815733,1.8438770448315576,0,0,1,0,0,0,1,0,0,0,9.259225769705994
2.700897858469379,1.2226356626492219,-0.4365910561367441,0,0,1,1,0,0,1,0,0,0,9.105090961257085
-1.070049357947008,-1.2133255849882327,-1.5009801157092784,0,0,1,0,0,0,1,0,0,0,10.778956289890028
-0.08632399714273321,-0.1617889087600685,-0.13047095307765616,0,0,1,0,0,0,1,0,0,0,10.463131911491967
-0.5781866775448706,1.0714158814888342,3.1311092346541227,0,0,0,0,0,0,1,0,0,0,9.85214162518454
-0.9060951311462956,-0.508888549110942,0.6394306707535227,1,0,1,1,0,0,1,0,0,0,11.461590064433068
-0.41423245074415815,-0.17760917368937446,0.26156840008123106,0,0,1,0,0,0,1,0,0,0,10.985309671896763
0.8974013636615417,1.9758392328839547,1.033809113270839,0,0,1,0,0,0,1,0,0,0,9.208939391060554
-1.070049357947008,-0.8054428214879205,0.17055662673344688,0,0,0,0,0,0,1,0,0,0,10.451059677269122
-1.2340035847477204,-1.2317951765803412,-1.565076112629985,0,0,1,0,0,1,0,0,0,0,11.434974734252892
0.7334471368608292,-0.4805029062952016,-0.9351339411824275,0,0,1,1,0,0,1,0,0,0,9.90353755128617
-1.070049357947008,-0.8389757275342484,0.033136050153298846,1,0,1,0,0,0,1,0,0,0,11.510933482289435
1.2253098172629666,-0.016870740304775207,-0.7171436208585307,0,1,1,1,0,0,1,0,0,0,9.680406499268875
-1.070049357947008,-0.9452137267126262,-0.40223591199170705,1,0,1,0,0,1,0,0,0,0,11.344518647594766
0.40553868325940423,0.6927703300887346,0.37769565610453887,0,0,1,0,0,0,1,0,0,0,10.043292972227004
-0.08632399714273321,0.8526761179507388,1.2553157792979217,0,0,1,0,0,0,1,0,0,0,9.305741456739435
0.07763022965797926,0.6113981540169454,0.6731654059749472,0,0,1,0,0,0,0,0,0,0,10.595408982170255
-1.070049357947008,-0.8324091821628739,0.06004628721498703,1,0,1,0,0,1,0,0,0,0,10.809748150372926
-1.070049357947008,-0.7861216606113398,0.24973631560948012,0,0,1,0,0,0,0,0,0,0,11.510432359764517
-0.9060951311462956,-0.7832830963297658,-0.20393770978209183,0,0,1,0,0,1,0,0,0,0,10.545367754151743
-0.7421409043455831,-0.4805029062952016,0.2613689829272127,0,0,1,0,0,0,1,0,0,0,10.714439990727769
1.389264044063679,2.394016522845442,0.8804853879487596,1,0,1,1,0,0,1,0,0,0,9.18512512283512
-0.5781866775448706,-0.19853885432551371,0.5289203312350629,1,0,1,1,0,0,0,1,0,0,10.789339695269716
0.40553868325940423,1.145048238952865,0.8410635709275546,0,0,1,0,0,0,1,0,0,0,9.952325334619427
0.24158445645869173,0.24934874178311534,0.06187931358020553,1,0,1,0,0,0,0,1,0,0,9.648659816955295
-0.9060951311462956,-1.0810863369906367,-1.1192541376778826,0,0,1,0,0,0,1,0,0,0,10.275085591132715
-0.2502782239434457,0.2792861330727829,0.7310379258806671,0,0,1,1,0,0,1,0,0,0,10.021315031649332
-1.2340035847477204,-1.2271967024441912,-1.5368087310478946,0,0,1,0,0,1,0,0,0,0,11.434974734252892
-1.2340035847477204,-1.0746522579524023,-0.5990994185654687,1,0,0,0,0,0,1,0,0,0,11.74325116281265
-0.2502782239434457,1.1847881388949013,2.122595753764431,0,0,1,0,0,0,0,0,0,0,10.819798284210286
-0.7421409043455831,-1.1671516060079616,-1.426996351568499,0,0,1,0,0,0,1,0,0,0,11.918397239722838
2.8648520852700914,0.1920286670571969,-0.9489540423439284,1,1,1,0,0,0,1,0,0,0,9.392328539868899
0.5694929100601167,3.28532570725969,2.677384502763986,1,0,1,0,0,0,0,1,0,0,8.853808274977197
-0.7421409043455831,-0.9914444769785287,-0.9949590873879096,0,0,1,0,0,0,1,0,0,0,10.584081267024454
0.24158445645869173,0.6549038825725368,0.5151514831917103,0,1,1,0,0,0,1,0,0,0,9.305559638557117
-1.070049357947008,-0.8211306200840863,0.10626675202411115,0,0,1,0,0,1,0,0,0,0,10.714439990727769
-1.2340035847477204,-1.17769214137354,-1.2324981540160096,1,0,0,0,0,0,1,0,0,0,11.766799946849087
-0.7421409043455831,0.4308843894707137,2.5023325456844945,0,0,1,1,0,0,1,0,0,0,10.797328155572691
-0.41423245074415815,-0.2196956201041789,0.18765110832512427,0,1,1,1,0,0,1,0,0,0,10.307317991967832
0.40553868325940423,-1.222314371879884,-1.5843475648196952,0,0,1,0,0,0,1,0,0,0,9.19023970026918
0.07763022965797926,-0.8515221816588057,-1.1253845533543276,1,0,0,1,0,0,1,0,0,0,10.995394074389191
-0.5781866775448706,-0.4805029062952016,-0.048835478878990236,1,0,1,1,0,0,1,0,0,0,11.184435286790631
-0.5781866775448706,-0.3827995237234232,0.15136272565918804,0,0,1,0,0,0,1,0,0,0,10.482653835144635
-1.070049357947008,-1.0671395244871698,-0.9018977488460487,0,0,1,0,0,0,1,0,0,0,11.652696102959753
0.40553868325940423,-0.007408859366195077,-0.33965216182230556,0,0,1,0,0,0,1,0,0,0,9.928228944424575
0.7334471368608292,0.7495416157202154,0.1450423097498866,0,0,1,0,0,0,1,0,0,0,9.210440366976517
-0.41423245074415815,0.0054592987102739,0.5830953247433606,0,0,1,1,0,0,1,0,0,0,10.460270761075149
-0.08632399714273321,-0.8116687391455062,-1.0182244220233747,1,0,1,0,0,0,1,0,0,0,11.264476926102367
1.389264044063679,-1.089848038739762,-1.4990413378229897,0,0,1,0,0,0,1,0,0,0,9.852246888342531
-0.2502782239434457,-0.5976031447910692,-0.6165484195420676,0,0,1,0,0,1,0,0,0,0,9.615805480084347
-0.08632399714273321,0.4997101114179456,0.7731546441638133,1,0,0,0,0,0,0,1,0,0,10.043206015705211
-0.41423245074415815,-0.8870799302259899,-0.9844896868019503,0,1,1,1,0,0,1,0,0,0,11.016462864040005
-0.7421409043455831,-0.8360046969195343,-0.6127561699964867,1,0,0,0,0,0,1,0,0,0,11.6776005682537
1.8811267244658165,4.72353160992387,1.8899424074097786,0,0,1,0,0,0,0,0,0,0,9.127067452782361
-0.5781866775448706,0.07216555932726382,1.0836046845022795,0,0,1,0,0,0,0,0,0,0,11.205054290550551
-0.5781866775448706,-0.29486080228025946,0.331552742410866,1,0,1,1,0,0,1,0,0,0,10.431199791458543
-0.08632399714273321,-0.05471826405909573,0.015790450663968638,1,0,1,1,0,0,1,0,0,0,10.609081944147828
-0.7421409043455831,-0.7170499297597048,-0.32026438295941795,1,0,1,0,0,1,0,0,0,0,10.691967639914864
2.372989404867954,2.9257742315936452,0.5327978870076403,0,0,1,0,0,0,1,0,0,0,8.612685172875459
-0.08632399714273321,-0.40480785878656056,-0.46244142795392773,1,0,1,0,0,0,1,0,0,0,10.749355820113736
-0.2502782239434457,0.4487673444446302,0.9914933471247003,1,0,1,0,0,0,1,0,0,0,9.798182590890704
-0.9060951311462956,-0.9437565970480848,-0.6971628040539547,0,0,1,0,0,0,1,0,0,0,10.608069110721736
-0.9060951311462956,-1.1410746621412349,-1.3036319146639446,0,1,1,0,0,0,1,0,0,0,10.239995502805316
0.07763022965797926,0.8071455468742912,0.9138220274441995,0,0,1,0,0,0,1,0,0,0,10.353957893210753
-0.7421409043455831,-0.22408593285968006,0.8918595515483204,0,0,1,0,0,0,1,0,0,0,10.588804153980885
0.07763022965797926,-0.6640633965036561,-0.8949181484554091,1,0,1,1,0,0,1,0,0,0,10.275085591132715
-0.41423245074415815,-1.0682749501997992,-1.3027262284227783,1,0,0,0,0,0,1,0,0,0,11.88380602959621
-1.2340035847477204,-0.6981261678825446,1.7154523976437894,0,0,1,0,0,0,1,0,0,0,11.124332223082254
-0.41423245074415815,0.009622526323249158,0.5904072870573637,1,0,1,1,0,0,1,0,0,0,10.454523783963511
1.2253098172629666,0.03516960485741551,-0.6795085207129251,1,0,1,0,0,0,1,0,0,0,9.38437770918244
-1.2340035847477204,-1.2321925755797616,-1.567518972766709,1,0,0,0,0,0,1,0,0,0,12.793837087963153
-0.5781866775448706,0.030438664388125446,0.9981045797169448,1,0,1,0,0,0,0,1,0,0,10.703266939811954
-1.070049357947008,-0.7811068637138924,0.270287361204141,1,0,1,0,0,1,0,0,0,0,10.747229096720554
-0.2502782239434457,0.16192096191063493,0.5506734191192229,1,0,1,0,0,0,0,1,0,0,10.373209892223665
1.389264044063679,0.6880393896194446,-0.28472012171079064,0,0,1,0,0,0,1,0,0,0,9.465060106725137
0.7334471368608292,2.0742049471214337,1.308309041523148,0,0,1,0,0,0,1,0,0,0,9.105090961257085
0.07763022965797926,-0.726511810698285,-0.9716937527524443,0,0,1,0,0,0,1,0,0,0,10.404293143019792
-1.2340035847477204,-1.122207671549706,-0.8914283482600893,1,0,1,0,0,0,1,0,0,0,10.75579427616868
0.5694929100601167,-0.8343772533980984,-1.2186642281135367,1,0,1,1,0,0,1,0,0,0,10.55843949396453
0.24158445645869173,0.18321019402244024,-0.012040999647931773,1,0,1,0,1,0,0,0,0,0,9.975854724662028
-0.08632399714273321,0.4467614256856512,0.7008253038193336,0,1,1,0,0,0,1,0,0,0,9.581972891547895
-0.2502782239434457,0.25216838230281224,0.6893638952148899,0,0,1,0,0,0,1,0,0,0,9.770013301136158
-0.41423245074415815,0.29915608304380115,1.098921029803961,1,0,1,1,0,0,1,0,0,0,10.269033036643048
0.40553868325940423,1.662613126293198,1.371319322827533,0,0,1,0,0,0,1,0,0,0,8.389359819906353
0.24158445645869173,1.1385952361527532,1.055753258903066,0,0,1,1,0,0,1,0,0,0,9.32375833901174
-0.08632399714273321,-0.7548974535140254,-0.940673306571824,1,0,1,0,0,0,1,0,0,0,10.915106645867503
-0.5781866775448706,-0.17772271626063743,0.5715734447334159,0,0,1,0,0,0,1,0,0,0,10.645448706505872
0.07763022965797926,0.6719541920238583,0.747614476808436,1,0,0,0,0,0,1,0,0,0,9.998752276761909
3.356714765672229,-0.293157663711315,-1.2128777218067672,1,1,1,1,0,0,0,0,1,0,11.492661531288617
-0.2502782239434457,-0.14142694098024405,0.08449427636108833,0,0,1,0,0,0,1,0,0,0,10.419330568113901
-0.08632399714273321,-0.9579494184559549,-1.2180477961702039,1,0,0,0,0,0,1,0,0,0,12.448630513463613
-0.08632399714273321,-0.12095143062915664,-0.07468585069617387,1,0,1,0,0,0,1,0,0,0,10.12667110305036
-0.5781866775448706,-0.31247882458789566,0.29545269816816927,0,0,0,0,0,0,1,0,0,0,10.811221781727163
-0.2502782239434457,-0.4980830810790835,-0.4636079259821781,1,0,0,0,0,0,1,0,0,0,11.125806040978839
0.07763022965797926,-1.227991500443032,-1.5882251205922728,0,0,1,1,0,0,1,0,0,0,10.518700218288165
1.2253098172629666,0.654922806334414,-0.23130869170616863,1,0,1,1,0,0,1,0,0,0,9.350189267092581
-0.7421409043455831,-0.724619434510569,-0.33887665066779016,1,0,1,0,0,0,0,1,0,0,10.819798284210286
0.40553868325940423,0.9860886391847187,0.6782062284792979,0,0,1,1,0,0,1,0,0,0,8.77971129020447
-0.5781866775448706,-0.6697405250668043,-0.4365910561367441,0,0,1,1,0,0,1,0,0,0,9.96415923206886
-0.5781866775448706,-0.5115378757737444,-0.112427393549262,1,0,0,0,0,0,1,0,0,0,10.81851748994286
-0.7421409043455831,-0.9712906705793529,-0.9454039246143686,0,0,1,1,0,0,1,0,0,0,10.228176350617005
2.536943631668666,2.438998304827452,0.20810997887970573,0,0,1,1,0,0,1,0,0,0,7.741099090035366
-0.41423245074415815,-0.21002557778494998,0.2046348026090139,1,0,1,1,0,0,1,0,0,0,10.799595985047786
-0.9060951311462956,-0.7454923438610768,-0.08778552661453168,1,0,1,0,0,0,1,0,0,0,11.373674891823535
-0.2502782239434457,0.07644232951150204,0.4193115234337273,1,0,1,0,0,0,1,0,0,0,10.184937747111391
-1.070049357947008,-1.0910213119761458,-0.9997672565459056,0,0,1,1,0,0,1,0,0,0,10.404293143019792
1.8811267244658165,-0.5255036120390887,-1.1830537785502566,0,0,1,0,0,0,1,0,0,0,10.146472946063877
-1.070049357947008,-1.0710378194338648,-0.9178732786290681,0,0,1,0,0,0,1,0,0,0,10.896757843893464
-1.070049357947008,-0.9378334595805337,-0.37199097696560224,1,0,1,0,0,0,0,1,0,0,10.859018228147887
-0.5781866775448706,-1.1106641768046384,-1.3400615511473104,1,0,1,0,0,0,1,0,0,0,11.050905878263567
-0.9060951311462956,0.5790952924926329,3.9834153812455284,0,0,1,0,0,0,1,0,0,0,10.39246626087211
0.07763022965797926,1.307792591096443,1.5293297205600676,0,0,1,0,0,0,1,0,0,0,10.239995502805316
-0.9060951311462956,-1.1002561077722002,-1.1781735976421983,0,0,1,0,0,0,1,0,0,0,10.545367754151743
-0.5781866775448706,-0.4427121538265126,0.02859930989938313,0,0,1,0,0,0,1,0,0,0,10.126471091048971
-0.7421409043455831,0.06828618814244597,1.6107583917841959,1,0,1,0,0,0,1,0,0,0,10.356186058125473
-0.2502782239434457,-0.9214265580330356,-1.1141939273946688,0,0,1,0,0,0,1,0,0,0,10.184937747111391
-0.08632399714273321,0.5624802295644862,0.8589003274814114,0,0,1,0,0,0,0,0,0,0,10.683752354441571
-0.08632399714273321,0.561628660280014,0.8577370607496382,0,0,1,0,0,0,1,0,0,0,9.453364978883542
-0.2502782239434457,-0.29599622799288905,-0.15304479026701165,1,0,1,0,0,0,1,0,0,0,10.23981692180943
-1.2340035847477204,-1.1333726910572306,-0.9600610854347117,0,0,1,0,0,0,1,0,0,0,11.156264806643742
0.07763022965797926,0.20635395479820723,0.1751941834374496,0,0,1,1,0,0,1,0,0,0,9.15915233520675
-0.9060951311462956,-0.8969392101639903,-0.5532667093336022,1,0,1,0,0,0,1,0,0,0,11.37940550085183
-0.9060951311462956,-0.5406615453026941,0.5417744286211574,0,0,0,0,0,0,1,0,0,0,10.80515183754812
0.5694929100601167,-0.5997226061213112,-0.9967487285137145,0,1,1,0,0,0,0,0,1,0,10.419330568113901
-1.070049357947008,-0.9421102297647719,-0.38951752905765286,0,0,0,0,0,0,1,0,0,0,10.736396675471232
-0.5781866775448706,-0.3291128112779195,0.2613689829272127,1,0,1,0,0,0,1,0,0,0,10.308952660644293
1.717172497665104,2.7270747318834627,0.8371860151549771,0,0,1,0,0,0,1,0,0,0,9.04793908261736
0.8974013636615417,1.5064920908066257,0.6491245601849663,0,0,1,0,0,0,1,0,0,0,9.105090961257085
0.8974013636615417,1.1753262579563213,0.37769565610453887,0,1,1,1,0,0,1,0,0,0,8.699681400989514
-0.41423245074415815,-0.48239528248291763,-0.2737337136884875,1,0,1,0,0,0,1,0,0,0,10.889323003601277
-0.2502782239434457,0.03955991761291669,0.36263135192807516,0,0,1,1,0,0,0,0,0,1,9.350102314351341
-0.7421409043455831,-0.801374212684331,-0.5276050452306841,1,0,0,0,0,0,0,1,0,0,11.19270642661334
-0.5781866775448706,-1.0576776435485895,-1.2314899895151394,1,0,1,0,0,0,1,0,0,0,11.813037464800539
0.5694929100601167,0.7116940919658948,0.2434725716691625,1,0,1,0,0,0,1,0,0,0,9.680406499268875
-0.41423245074415815,-0.9525561463209643,-1.099486912285821,1,0,1,0,0,0,1,0,0,0,10.985309671896763
1.8811267244658165,-0.36696033503224,-1.090236172085529,1,0,1,0,0,0,1,0,0,0,9.844480371956095
0.5694929100601167,1.1280168532634205,0.6371936193462664,1,0,1,0,0,0,1,0,0,0,9.259225769705994
-0.08632399714273321,1.2652519743965869,1.818905585656158,0,0,0,0,0,0,1,0,0,0,9.85214162518454
0.24158445645869173,0.28044048254728965,0.09662926340390487,1,0,1,1,0,0,1,0,0,0,9.797904789961063
-0.7421409043455831,-0.02869809147800037,1.3722887117706775,0,0,1,1,0,0,0,1,0,0,10.643064971973882
-0.5781866775448706,-1.1063306353347686,-1.331181948428108,1,0,1,0,0,0,1,0,0,0,13.38472764187182
0.24158445645869173,0.7684653775973757,0.64207445878028,0,0,1,1,0,0,0,0,0,1,9.375939552625749
-0.41423245074415815,0.142088859463371,0.823060633412016,0,1,1,1,0,0,1,0,0,0,10.477316144080852
-0.41423245074415815,-0.5467360728652625,-0.3867367676321757,1,0,1,1,0,0,1,0,0,0,10.146472946063877
-0.9060951311462956,-0.41922776533695666,0.9150085595106083,1,0,1,0,0,0,1,0,0,0,11.243751064074187
-0.08632399714273321,0.7873891394745359,1.1661319965286383,0,0,1,1,1,0,0,0,0,0,9.99884318585288
-0.41423245074415815,-0.31018904940075925,0.028715636572560457,1,0,1,1,0,0,1,0,0,0,10.668862367092954
1.8811267244658165,2.2634425658930364,0.4497074061666931,0,0,1,1,0,0,1,0,0,0,9.259225769705994
3.192760538871516,1.023936162939039,-0.6411655503451452,0,0,1,1,0,0,1,0,0,0,9.740968623038354
1.2253098172629666,-0.13987519250631691,-0.80609931211178,1,1,1,0,0,0,1,0,0,0,10.633472802314019
0.40553868325940423,-0.23449400189211822,-0.5723055081769579,0,0,1,0,0,0,1,0,0,0,10.511648576689398
-0.9060951311462956,-0.7832830963297658,-0.20393770978209183,0,0,1,0,0,0,1,0,0,0,10.146472946063877
1.061355590462254,1.3929495195436643,0.42131815854603616,0,0,1,0,0,0,1,0,0,0,8.343077871169383
-0.08632399714273321,-0.12095143062915664,-0.07468585069617387,1,0,1,1,0,0,1,0,0,0,9.95227771670556
1.389264044063679,2.2342053537928237,0.7713321929507021,0,0,1,1,0,0,1,0,0,0,8.94910546953925
1.061355590462254,1.9985098996127926,0.8866248512553407,1,0,1,1,0,0,1,0,0,0,8.46611040118692
-0.7421409043455831,-0.6602786441282241,-0.1806723751466266,0,0,1,0,0,0,1,0,0,0,10.691967639914864
0.07763022965797926,2.878464826900745,3.4603524953036815,0,0,1,0,0,0,1,0,0,0,9.90353755128617
0.5694929100601167,1.5632633764381065,1.0488110782814204,0,0,1,0,1,0,0,0,0,0,9.798182590890704
-1.070049357947008,-1.010368238855689,-0.6692444024913964,1,0,1,0,0,0,1,0,0,0,10.62135173563291
-0.5781866775448706,-1.067044905677784,-1.2506838905893982,1,0,0,0,0,0,1,0,0,0,12.675766851909591
-0.41423245074415815,0.47781531892607115,1.4127039216517143,1,0,0,0,0,0,1,0,0,0,10.165851817003619
0.8974013636615417,2.017887831775005,1.068272828977508,0,0,1,1,0,0,1,0,0,0,8.922791623969637
0.40553868325940423,-0.2723415256464387,-0.6110810659027333,0,0,1,1,1,0,0,0,0,0,9.239996256883693
-0.41423245074415815,-0.016549036352863485,0.5444416330561519,0,0,1,0,0,0,1,0,0,0,10.77887295308428
-0.7421409043455831,-0.6860906553286706,-0.2441402080321758,1,0,0,0,0,0,1,0,0,0,10.978472910573082
-0.7421409043455831,-1.067631542295976,-1.1822915618726755,0,0,1,1,0,0,1,0,0,0,11.288543647320601
-0.08632399714273321,0.11143236522237136,0.24275671521884054,1,0,1,0,0,0,1,0,0,0,9.99884318585288
-1.070049357947008,-1.0094220507618308,-0.6653668467188188,0,0,0,0,0,0,1,0,0,0,10.635855446249355
0.07763022965797926,-0.16494917699355424,-0.2812949474450137,0,0,1,0,0,0,1,0,0,0,9.890959401958858
-0.5781866775448706,-0.8627628962138388,-0.8321017449396529,1,0,1,0,0,0,1,0,0,0,10.893047333337728
2.700897858469379,0.3920906776225352,-0.8293188529890262,0,0,1,1,0,0,1,0,0,0,8.160803920954665
-0.5781866775448706,0.17073943494539162,1.2855865646958438,1,0,1,0,0,0,1,0,0,0,10.165890277802454
-1.070049357947008,-1.024788145406085,-0.7283383524654781,1,0,0,0,0,0,1,0,0,0,10.911427224594425
0.7334471368608292,2.462142065603219,1.6489800129710315,0,0,1,0,1,0,0,0,0,0,9.104979856318357
-1.070049357947008,-1.17769214137354,-1.3549513653140082,0,0,1,0,0,0,1,0,0,0,11.361986289404943
-0.9060951311462956,-0.9952292293539607,-0.8553670795751181,1,0,1,0,0,0,1,0,0,0,10.596409707779776
0.40553868325940423,2.5258772956054947,2.255751018994743,0,0,1,0,0,0,0,0,0,0,10.12667110305036
-0.08632399714273321,-1.0400596212409534,-1.3302125594849634,1,0,1,0,0,0,1,0,0,0,10.839580911706463
0.07763022965797926,0.6738465682115743,0.7499410102719826,1,0,1,1,0,0,0,1,0,0,9.711176264112805
0.5694929100601167,-0.1543140228185902,-0.5755208967329876,0,0,1,0,0,0,1,0,0,0,10.021315031649332
0.7334471368608292,1.0333980438776194,0.39431375227272814,1,0,1,0,0,0,0,0,0,0,10.373491181781864
3.0288063120708038,1.2756221959052707,-0.49641620234222605,1,1,0,0,0,0,1,0,0,0,9.04793908261736
-0.08632399714273321,-0.03957925455736752,0.03647074811771546,0,0,1,0,0,0,1,0,0,0,10.34177474101152
-1.2340035847477204,-1.1469031807994001,-1.0432346567564998,1,0,1,0,0,0,1,0,0,0,10.665484260976488
-0.5781866775448706,-0.2216826151012807,0.48149782413643943,0,0,1,0,0,0,1,0,0,0,10.236417809461043
0.24158445645869173,1.3361782339121835,1.276583585202059,1,0,1,1,0,0,1,0,0,0,9.392745258631441
-0.5781866775448706,0.23273367885496862,1.412615291805484,0,0,1,0,0,0,1,0,0,0,10.680539205318292
-0.41423245074415815,-0.5353818157389664,-0.3667950522303484,0,0,1,0,1,0,0,0,0,0,10.736418414365374
-0.7421409043455831,-0.49942666817236187,0.21483831365628228,1,0,1,0,0,0,1,0,0,0,10.305647203635566
0.7334471368608292,1.4856381052179952,0.7914530145001196,0,0,1,0,0,0,1,0,0,0,9.205428327615163
0.40553868325940423,-0.8211306200840863,-1.1733266529264763,1,0,1,0,0,0,1,0,0,0,11.918397239722838
0.5694929100601167,1.648798780122871,1.129702857167807,0,0,1,0,0,0,1,0,0,0,9.296609807128359
-0.41423245074415815,0.070178564330162,0.696763102533776,0,0,1,0,0,0,1,0,0,0,10.389026137075234
-0.5781866775448706,-0.5638242298403382,-0.21956425954557937,0,0,0,0,1,0,0,0,0,0,10.773880932023246
-0.41423245074415815,-1.0939166475433515,-1.3477612690385716,1,0,1,0,0,0,1,0,0,0,13.303018546545275
2.372989404867954,0.8319924462190026,-0.5397631213556009,0,0,1,0,0,0,1,0,0,0,9.453286550586572
0.40553868325940423,-0.4805029062952016,-0.8243466333944979,0,0,1,0,0,0,1,0,0,0,10.085850775128717
0.5694929100601167,0.7116940919658948,0.2434725716691625,1,0,1,1,0,0,1,0,0,0,10.596659732783579
0.40553868325940423,-0.15908281081163456,-0.4950452094083505,1,0,1,0,0,0,1,0,0,0,11.095908894882296
-0.5781866775448706,-1.0324711927282122,-1.1798409466244066,1,0,1,0,0,0,0,1,0,0,10.657282884047461
1.389264044063679,-0.05831377881575618,-0.7944894539456508,0,0,1,0,0,0,1,0,0,0,9.465060106725137
-0.2502782239434457,-0.5391665681143984,-0.5267442278491719,1,0,1,0,0,0,1,0,0,0,10.25769445336048
-0.5781866775448706,0.43635335665321306,1.8298402929348268,0,0,1,1,0,0,1,0,0,0,10.666650414667744
0.5694929100601167,0.8441604251060166,0.36874745047551366,0,0,1,0,0,0,1,0,0,0,9.23024103368252
-0.41423245074415815,-0.2927034934262632,0.05942587829137456,0,0,1,0,0,0,1,0,0,0,10.184937747111391
0.8974013636615417,1.3872723909805162,0.5514101547160124,0,0,1,1,0,0,1,0,0,0,8.853808274977197
-1.070049357947008,-0.36039378966086544,1.9944037599230175,0,0,0,0,0,0,1,0,0,0,10.739023656715148
-0.7421409043455831,-0.7985167246408797,-0.5205789141707736,1,0,0,0,0,0,1,0,0,0,10.568775236216993
-0.5781866775448706,-0.3131790037773506,0.2940180025323155,0,0,1,1,0,0,1,0,0,0,10.593078416893297
0.07763022965797926,0.0077301501355331315,-0.0689987688963935,1,0,1,0,0,0,1,0,0,0,10.713328286593352
0.40553868325940423,-1.1564786043092432,-1.516897482155709,1,0,0,0,0,0,1,0,0,0,11.156264806643742
-1.070049357947008,-0.7284988056953868,0.48587946215945216,0,0,0,0,0,0,1,0,0,0,10.30229722897745
1.2253098172629666,-0.7047494845395507,-1.2146112173286254,0,0,1,0,0,0,1,0,0,0,10.34177474101152
0.5694929100601167,0.6595591279943184,0.19416795865323422,1,0,1,1,0,0,0,0,0,0,10.085850775128717
-0.7421409043455831,1.3551019957893438,4.774843902207467,0,0,1,0,0,0,1,0,0,0,10.736418414365374
0.24158445645869173,1.1847881388949013,1.1073811514895846,0,1,1,0,0,0,1,0,0,0,9.305741456739435
-1.070049357947008,-1.2017063951956564,-1.453363730822026,0,0,1,0,0,0,0,0,0,1,10.39973746484973
-0.7421409043455831,-0.65270913937736,-0.1620601074382544,0,0,1,0,0,0,1,0,0,0,10.227561822428779
-0.5781866775448706,-0.24863005201435692,0.42628142993493556,1,0,1,0,0,0,1,0,0,0,10.448743588106625
-0.7421409043455831,-0.510780925298658,0.186919912093724,1,0,1,0,0,0,1,0,0,0,10.376642461280849
-1.070049357947008,-0.7662517106403215,0.3311649868336084,0,0,1,0,0,0,1,0,0,0,10.817796321618971
-1.2340035847477204,-1.2090677385658717,-1.4253677781440164,1,0,0,0,0,0,1,0,0,0,11.691080018519527
0.07763022965797926,1.3199037986978257,1.5442195347267653,0,0,1,0,0,0,1,0,0,0,10.064798252418377
0.07763022965797926,0.3332188544226896,0.3311649868336084,1,0,1,1,0,0,0,0,0,0,9.852194258148577
0.8974013636615417,1.0394725714401878,0.2663477645392022,0,0,1,0,0,0,1,0,0,0,9.259225769705994
-0.2502782239434457,2.4595116627022935,4.081566011738897,0,0,1,1,0,0,1,0,0,0,10.165890277802454
-0.41423245074415815,-0.6379864526369293,-0.5470016870781947,1,0,0,0,0,0,1,0,0,0,11.578703842168515
-1.2340035847477204,-1.149949906461623,-1.0619632511380495,1,0,0,0,0,0,1,0,0,0,10.950789002803143
-1.2340035847477204,-1.1268629169714874,-0.9200447098617115,1,0,1,0,0,1,0,0,0,0,10.859018228147887
1.389264044063679,1.3361782339121835,0.15796749565847842,0,0,1,0,0,0,1,0,0,0,9.433563920090563
-0.08632399714273321,-0.9062875485313074,-1.1474762811092927,0,0,1,0,0,0,1,0,0,0,9.62251624577579
1.061355590462254,1.2264204150246538,0.2933588180509774,0,0,1,0,0,0,0,0,0,0,10.27163147557801
-1.070049357947008,-1.1816282838439893,-1.371081997327931,1,0,1,0,0,0,1,0,0,0,11.782960235741939
-0.41423245074415815,0.503532711317132,1.457871907036853,0,0,1,1,0,0,0,0,0,0,10.505094936455558
-1.2340035847477204,-1.2345391220525292,-1.5819434802406973,1,0,0,0,0,0,1,0,0,0,12.524166311833152
-0.2502782239434457,-0.35757414914116853,-0.24767653889676644,0,0,1,0,0,0,1,0,0,0,10.62135173563291
-0.2502782239434457,0.08720995001960623,0.43585899269320194,0,0,1,1,0,0,1,0,0,0,9.792611856190192
-0.5781866775448706,-0.6478457325749298,-0.39172773584802206,1,0,0,0,0,0,1,0,0,0,11.097394869378626
-1.2340035847477204,-1.1816282838439893,-1.2566941020368934,1,0,1,0,0,0,0,1,0,0,11.373674891823535
-0.08632399714273321,1.3967342719190963,1.9985139690419496,1,0,1,1,0,0,0,0,0,0,9.99884318585288
-0.7421409043455831,-1.2043367980965816,-1.5184291166858772,1,0,1,0,0,0,1,0,0,0,12.206052645330171
-0.08632399714273321,-0.2950689636609082,-0.31253512178607995,0,0,1,0,0,0,1,0,0,0,10.53212287826962
-0.5781866775448706,-0.678104827816509,-0.45372985265153687,0,0,1,0,0,0,1,0,0,0,10.161418929336001
-0.7421409043455831,-0.31018904940075925,0.6801450063655868,0,0,1,0,0,0,1,0,0,0,10.712215345197256
-0.41423245074415815,-0.36696033503224,-0.07099294043657621,1,0,1,0,0,1,0,0,0,0,10.993748398115178
-0.7421409043455831,-0.9658406271587308,-0.9320030918643407,0,0,1,0,0,0,1,0,0,0,11.065090289695444
0.5694929100601167,-0.10959717350286048,-0.533231676930215,1,0,1,0,0,0,1,0,0,0,9.898525260706313
-1.070049357947008,-0.7208346821351369,0.5172876639173303,0,0,1,0,0,0,1,0,0,0,10.768506042432708
1.2253098172629666,1.2699450673421224,0.2134697645600784,1,1,1,0,0,0,1,0,0,0,10.463131911491967
1.389264044063679,-0.7646431908807629,-1.2769220179838394,0,0,0,0,0,0,1,0,0,0,10.42171570981886
-0.7421409043455831,-0.9809607128985819,-0.9691810966118141,1,1,1,0,0,0,1,0,0,0,11.736037015772427
0.5694929100601167,1.082599824758236,0.594242232326946,1,0,1,1,0,0,1,0,0,0,9.465060106725137
-0.9060951311462956,0.6608270200400881,4.234622831971964,0,0,0,0,0,0,1,0,0,0,9.902537101000133
1.389264044063679,1.6709774290429027,0.3866398847532846,0,0,1,0,0,0,1,0,0,0,9.209940291954844
-0.2502782239434457,0.1570386313463276,0.5431703486992853,0,0,1,1,0,0,1,0,0,0,10.203629181337648
-0.5781866775448706,0.16290499752824728,1.2695334837973729,0,0,1,0,0,0,1,0,0,0,10.146472946063877
0.5694929100601167,0.6927703300887346,0.22557616041111228,0,0,1,0,0,1,0,0,0,0,8.343077871169383
0.8974013636615417,0.6359990444572537,-0.06434570196930045,0,0,1,1,0,0,1,0,0,0,8.699681400989514
0.7334471368608292,0.9009317107374974,0.2779870790954022,0,1,1,0,0,0,1,0,0,0,8.665785595466064
-1.070049357947008,-0.9672220617757635,-0.49242785926186067,1,0,1,0,0,0,0,1,0,0,10.505094936455558
0.40553868325940423,-0.10093009056312109,-0.4354665649626967,1,0,1,1,0,0,1,0,0,0,9.61587214452889
1.389264044063679,0.9766267582461385,-0.08761103660476569,0,0,1,1,0,0,1,0,0,0,9.207937487359873
0.07763022965797926,0.5300259779451564,0.5731244670424468,0,0,1,0,1,0,0,0,0,0,9.846970109700957
0.40553868325940423,0.5012050886062412,0.18143317067552686,1,0,1,1,0,0,1,0,0,0,10.085850775128717
-0.2502782239434457,0.8168912842410287,1.5572190404543316,0,0,0,0,0,0,1,0,0,0,9.680281499268713
-0.9060951311462956,0.23290399271186307,2.9193753016925266,0,0,0,0,0,0,0,0,0,0,10.817455589040637
0.40553868325940423,1.3872723909805162,1.0892271403725173,0,0,1,1,1,0,0,0,0,0,9.841665338892785
-1.2340035847477204,-1.0482157626100095,-0.4365910561367441,1,0,1,0,0,1,0,0,0,0,10.778977123006351
-1.2340035847477204,-0.9775355119988158,-0.0021109318194309713,1,0,0,0,0,0,1,0,0,0,11.263155557588309
1.389264044063679,1.092288790839342,-0.00861230033145262,1,0,1,1,0,0,1,0,0,0,11.56171562913966
0.40553868325940423,-0.8968256675927273,-1.250877768378027,0,0,1,0,0,0,1,0,0,0,10.275085591132715
1.061355590462254,0.8820079488603372,0.028715636572560457,1,0,1,1,0,0,1,0,0,0,10.239995502805316
-0.08632399714273321,0.047129422363780794,0.1549171517840507,0,0,0,0,0,0,1,0,0,0,10.398153306102595
-0.5781866775448706,-0.6035262822586205,-0.30091537965425597,1,0,1,1,0,0,1,0,0,0,10.703154576473747
1.2253098172629666,1.0485370533793474,0.05334952030422954,1,0,1,0,0,0,1,0,0,0,9.539716058977092
1.5532182708643916,1.7525009952097093,0.3348384607234186,0,0,1,1,0,0,1,0,0,0,9.04793908261736
-0.9060951311462956,-0.9783492337595338,-0.8034853833380308,1,0,1,0,0,0,1,0,0,0,12.456835254920371
-0.9060951311462956,-0.40480785878656056,0.9593290219911695,0,0,1,0,0,0,0,0,1,0,9.825580063659602
-0.41423245074415815,0.15344311658966714,0.8430023488138434,1,0,1,0,0,0,1,0,0,0,10.373522431293592
0.8974013636615417,0.7306178538430551,0.013205413482250234,1,0,1,0,1,0,0,0,0,0,9.87822102528824
0.24158445645869173,-0.11226542392754008,-0.34228184964625374,0,0,1,1,0,0,0,0,0,0,10.621327345686446
0.7334471368608292,0.48116482477832856,-0.09063553010737617,1,0,1,1,0,0,1,0,0,0,9.024131268455035
-0.9060951311462956,-0.6553395422782853,0.1893046088938592,1,0,0,0,0,0,1,0,0,0,10.713328286593352
1.5532182708643916,-0.23933848493267124,-0.9540120984294908,1,0,1,1,0,0,1,0,0,0,10.53212287826962
2.536943631668666,-0.3858840969094003,-1.1810817644716314,1,0,1,0,0,0,1,0,0,0,9.433563920090563
0.40553868325940423,-0.4066434636886451,-0.7486761324926472,0,0,1,1,0,0,1,0,0,0,9.433563920090563
-0.08632399714273321,-0.26600206541759003,-0.2728289506748861,1,0,1,1,0,0,1,0,0,0,10.16569795901424
-0.08632399714273321,-0.28443380948594416,-0.29800721282482284,0,0,0,0,0,0,1,0,0,0,11.097394869378626
-0.9060951311462956,-0.481259856770288,0.7243491421729708,0,0,1,1,0,0,1,0,0,0,10.25769445336048
-0.7421409043455831,-0.9725207151013684,-0.9484284181169791,1,0,1,0,0,0,1,0,0,0,10.778977123006351
-0.41423245074415815,-0.7643593344526055,-0.768952979500533,1,0,1,0,0,0,1,0,0,0,10.859018228147887
-0.08632399714273321,-0.19664647813779768,-0.1780873379649082,1,0,1,0,0,0,1,0,0,0,10.239995502805316
0.07763022965797926,-0.21066898568877343,-0.3375039959242978,1,0,1,0,0,0,1,0,0,0,9.874367653962276
-1.2340035847477204,-1.0023256400578957,-0.1544988736817282,0,0,0,0,0,0,1,0,0,0,10.961625008638519
0.5694929100601167,0.7748048378262243,0.3031571032147599,0,0,1,0,0,0,1,0,0,0,9.852246888342531
-0.7421409043455831,-0.5940454775581632,-0.01781503269837,1,0,1,0,0,0,1,0,0,0,10.990971483416393
-0.9060951311462956,-0.9588199115023044,-0.7434608199785304,1,0,0,0,0,0,0,1,0,0,11.532718288296781
-0.5781866775448706,0.2802323211666409,1.5099419416971798,0,0,1,0,1,0,0,0,0,0,10.657282884047461
-1.070049357947008,-0.8078839867700741,0.16055253284019683,1,0,1,0,0,0,0,0,0,1,10.757924157061597
-0.41423245074415815,-0.2881239430519904,0.06746903683677821,1,0,1,1,0,0,1,0,0,0,10.681687944129537
-1.2340035847477204,-1.1390498196203787,-0.9949590873879096,0,0,1,0,0,0,1,0,0,0,11.395278670032656
-0.7421409043455831,-0.40289655883696734,0.4521912576072987,0,0,1,0,0,0,1,0,0,0,10.723795878712753
-0.41423245074415815,-0.0376868783696515,0.5073168062164165,1,0,1,0,0,0,1,0,0,0,10.305647203635566
2.372989404867954,3.3420969928911712,0.7460634544994051,1,0,1,0,0,0,1,0,0,0,8.895766604056085
1.389264044063679,0.3899901400541704,-0.48829179977111137,0,0,1,0,0,0,1,0,0,0,9.61587214452889
0.7334471368608292,0.8441604251060166,0.22813279059083377,1,0,1,1,0,0,1,0,0,0,9.392745258631441
3.192760538871516,1.9900320542918248,-0.23159939041074146,0,0,1,1,0,0,1,0,0,0,8.77971129020447
-0.7421409043455831,-0.944135072285628,-0.8786324142105835,0,0,1,0,0,0,1,0,0,0,10.308985993422082
-1.070049357947008,-0.9317210844942109,-0.34694196667475147,0,0,0,0,0,0,1,0,0,0,10.581292642796804
-0.08632399714273321,-0.08007610497449048,-0.01884904757105732,1,0,1,1,0,0,1,0,0,0,11.49273296168228
-1.070049357947008,-1.0750307331899456,-0.9342365639893453,1,0,0,0,0,0,1,0,0,0,10.668955394675699
2.045080951266529,-0.3504398909134791,-1.1041686831972048,0,1,1,0,0,0,1,0,0,0,9.350189267092581
0.40553868325940423,2.1234067280020503,1.8434117381388482,0,0,1,1,0,0,1,0,0,0,8.867990898182093
-0.41423245074415815,-0.026332621243355336,0.5272585216182439,0,0,1,0,1,0,0,0,0,0,10.463131911491967
0.24158445645869173,-0.5753488008235288,-0.8598509440684988,1,0,1,0,0,0,1,0,0,0,9.975854724662028
0.24158445645869173,0.4654581024202855,0.3034157877047627,0,0,1,1,0,0,1,0,0,0,10.657282884047461
2.2090351780672415,-0.21840880429653198,-1.0551454965535696,0,0,1,1,0,0,1,0,0,0,9.735128070758227
1.717172497665104,0.9198554726146577,-0.2737337136884875,1,0,1,1,0,0,1,0,0,0,9.506808731708581
1.717172497665104,0.4694699399382435,-0.5505911958505237,0,1,1,0,0,0,1,0,0,0,9.433483923290392
1.2253098172629666,1.4118732814208246,0.3161109467753664,0,0,1,1,0,0,1,0,0,0,9.105090961257085
0.8974013636615417,1.6303291885307625,0.750623460087956,0,0,1,1,0,0,1,0,0,0,9.781376414141157
-0.7421409043455831,-0.6442123702945151,-0.14116783693560658,0,0,0,0,0,0,1,0,0,0,10.580683180882003
-0.5781866775448706,-1.0491808744657447,-1.2140797640962662,1,0,0,0,0,0,1,0,0,0,11.235840378931302
-0.7421409043455831,-0.7075880488211247,-0.29699904832395274,1,0,1,0,0,0,1,0,0,0,11.813030057420567
2.045080951266529,-1.062219346399108,-1.501931879398911,0,1,1,0,0,0,1,0,0,0,9.99884318585288
-0.7421409043455831,-0.9971216055416767,-1.0089182881691887,0,0,1,1,0,0,1,0,0,0,11.154835234271214
-1.070049357947008,-0.942242696097912,-0.3900603868658136,0,0,1,1,0,0,1,0,0,0,11.14180381088452
0.7334471368608292,0.31429509254552934,-0.23717390211847078,1,0,1,1,0,0,1,0,0,0,9.90353755128617
3.6846232192736537,0.08749380644776363,-1.0908195365031,1,0,1,0,0,0,0,0,1,0,10.021315031649332
-0.7421409043455831,-0.7866326021820231,-0.4913576538686292,1,0,1,0,0,0,1,0,0,0,10.819698281210112
0.5694929100601167,-0.21557024001495795,-0.6334515799752959,1,0,1,0,0,0,1,0,0,0,11.225256725762893
-1.070049357947008,-1.016991555512695,-0.6963872928994391,0,0,1,0,0,0,1,0,0,0,10.382853468483827
1.5532182708643916,1.298330710157863,0.040960549538594765,0,0,1,1,0,0,1,0,0,0,9.04793908261736
0.5694929100601167,1.669236442950204,1.1490309813265014,1,1,1,0,0,0,1,0,0,0,9.770013301136158
0.7334471368608292,0.2787941152639767,-0.2683494505299942,1,0,1,0,0,0,1,0,0,0,9.770013301136158
2.2090351780672415,0.721155972904475,-0.5529177293140702,0,1,1,0,0,0,1,0,0,0,9.433563920090563
0.07763022965797926,0.46568518756281146,0.494022329281865,0,0,1,0,0,0,1,0,0,0,9.809231816610408
-0.41423245074415815,-0.026332621243355336,0.5272585216182439,0,0,1,0,0,0,0,0,0,0,11.06665398721974
0.24158445645869173,-0.1114895496905765,-0.3414146871734773,0,0,1,0,1,0,0,0,0,0,10.428245666832275
1.2253098172629666,0.9009317107374974,-0.05339730919966977,1,0,1,1,0,0,1,0,0,0,10.434145214930487
-0.2502782239434457,-0.443942198348528,-0.3804052729920956,0,1,1,0,0,0,1,0,0,0,9.83633227734872
-1.2340035847477204,-0.9288635964507597,0.29708127159265185,1,0,1,0,0,0,0,1,0,0,11.17606715383184
-0.41423245074415815,-0.877901905715567,-0.9683701335188065,1,0,1,0,0,0,1,0,0,0,11.884495917930655
0.07763022965797926,-0.12095143062915664,-0.22720304441755704,1,1,1,0,0,0,1,0,0,0,10.887455624298198
-0.41423245074415815,-0.14933707344489702,0.31122327143178097,1,0,1,0,0,0,1,0,0,0,10.643064971973882
1.061355590462254,2.391651052610797,1.1887106806627095,1,0,1,1,1,0,0,0,0,0,9.18512512283512
-0.2502782239434457,0.35458378158200354,0.8467538840238122,0,0,0,0,0,0,1,0,0,0,9.588776807696428
0.24158445645869173,0.014353466792539222,-0.20076516414998286,1,0,1,1,0,0,1,0,0,0,10.77887295308428
0.07763022965797926,-0.31018904940075925,-0.45985639077220936,1,0,1,0,0,0,1,0,0,0,10.064798252418377
1.5532182708643916,4.443138230189986,2.075856920973078,0,0,1,1,0,0,1,0,0,0,9.296609807128359
1.389264044063679,-0.17772271626063743,-0.876047377028865,1,0,1,0,0,0,1,0,0,0,9.798182590890704
-1.070049357947008,-1.010368238855689,-0.6692444024913964,0,0,1,1,0,0,1,0,0,0,11.097410021008562
-0.08632399714273321,-0.058786872862685184,0.010232620723274214,1,0,1,1,0,0,1,0,0,0,10.307317991967832
1.2253098172629666,-0.057026963008109284,-0.746184232679976,0,1,1,1,0,0,1,0,0,0,10.433998149618517
-0.08632399714273321,0.40891390193133065,0.6491245601849663,0,0,1,1,0,0,1,0,0,0,9.472781556562168
-0.7421409043455831,-0.4615791444180413,0.3078996521981432,0,0,1,0,0,0,1,0,0,0,10.385944565501662
-0.7421409043455831,-0.9683574874883931,-0.9381916708773744,1,0,1,0,0,0,1,0,0,0,10.477316144080852
-0.9060951311462956,-0.9990139817293927,-0.8669997468928509,0,1,1,0,0,0,1,0,0,0,10.757924157061597
-0.08632399714273321,1.5292006050592182,2.179466571762235,1,0,1,0,0,0,1,0,0,0,10.106469212026385
1.061355590462254,0.2371807628961013,-0.46676328699211306,1,0,1,0,0,0,1,0,0,0,9.711176264112805
-0.9060951311462956,-0.8059916105823581,-0.2737337136884875,1,0,1,0,0,0,0,1,0,0,10.859018228147887
0.5694929100601167,1.4454629587527839,0.937405918200058,1,0,1,0,0,0,1,0,0,0,9.350189267092581
0.5694929100601167,-0.5111026292505697,-0.9129398345922657,1,0,1,0,0,0,1,0,0,0,10.517320926376348
1.5532182708643916,-0.2140184915410308,-0.9376284048809369,1,0,1,0,0,0,1,0,0,0,9.741027444837728
-0.08632399714273321,-0.17327563221950476,-0.14616212877068657,1,1,1,0,0,0,1,0,0,0,10.829748417047593
-0.2502782239434457,0.6265371635186736,1.2646865390816506,1,0,1,0,0,0,1,0,0,0,10.106469212026385
0.24158445645869173,-0.4805029062952016,-0.7538456193476335,1,0,1,0,0,0,1,0,0,0,10.434145214930487
0.5694929100601167,-1.1163413053677864,-1.4853207558584844,0,1,1,0,0,0,1,0,0,0,10.778977123006351
-0.9060951311462956,-0.8495730341854582,-0.4076838778521786,0,0,0,0,0,0,1,0,0,0,10.043249494911286
-1.070049357947008,-0.6735252774422362,0.7111654525462073,0,0,0,0,0,0,1,0,0,0,10.983613347424248
0.07763022965797926,0.8924538654165296,1.018702155980877,0,0,1,1,0,0,1,0,0,0,10.10401732897875
0.40553868325940423,2.5094514702961197,2.238922426941757,0,0,1,1,0,0,1,0,0,0,9.305741456739435
-0.08632399714273321,-0.2988347922744631,-0.3176793457776996,0,0,1,0,0,0,1,0,0,0,10.389026137075234
-0.2502782239434457,-0.584583596619583,-0.5965402317555676,1,0,1,0,0,0,1,0,0,0,11.075985169527042
-0.7421409043455831,-1.0401542400503392,-1.1147290300912847,1,0,0,0,0,0,1,0,0,0,10.335237500902117
0.7334471368608292,1.3588867481647757,0.6801450063655868,0,0,1,0,0,0,1,0,0,0,9.392745258631441
1.389264044063679,1.8263036665306343,0.492729810691006,0,0,1,1,1,0,0,0,0,0,8.476579508530941
-0.9060951311462956,-0.6301520152197849,0.26672000989336975,0,0,1,0,0,0,1,0,0,0,10.466355190329153
-0.9060951311462956,-0.9172822541819375,-0.6157922961664151,0,0,1,1,0,0,0,0,0,0,11.19822841866684
1.8811267244658165,0.8441604251060166,-0.38119740224277915,0,0,1,1,0,0,1,0,0,0,9.04793908261736
-1.070049357947008,-0.9157494294698876,-0.2814888252336425,0,0,1,0,0,0,1,0,0,0,10.691967639914864
-0.9060951311462956,-0.9535969532242081,-0.7274077390800594,1,0,1,0,0,0,1,0,0,0,10.59653472809574
-0.7421409043455831,-1.227991500443032,-1.5765924532745403,1,0,1,0,0,0,1,0,0,0,11.156264806643742
0.40553868325940423,-0.9256276331697653,-1.2803859678073422,0,1,1,0,0,0,1,0,0,0,11.103467395592086
-0.7421409043455831,-0.8968256675927273,-0.7623057410332573,1,0,1,0,0,1,0,0,0,0,11.561725152903833
-0.7421409043455831,-0.5291748218432578,0.14169210156237969,0,0,1,0,0,0,1,0,0,0,11.02841714952161
-0.7421409043455831,-1.03954867967027,-1.1132400486746148,0,0,1,0,0,0,1,0,0,0,10.795813406956452
-1.2340035847477204,-1.2049802060004051,-1.4002412167377138,0,0,0,0,0,1,0,0,0,0,10.596609732783568
1.2253098172629666,1.4875683289294654,0.37085291062351955,0,0,1,0,0,0,1,0,0,0,9.99884318585288
-0.7421409043455831,-0.1963058504240088,0.9601665740380464,0,0,1,1,0,0,1,0,0,0,10.146472946063877
0.40553868325940423,-0.6810947821931004,-1.0298570893411074,1,1,1,0,0,0,1,0,0,0,10.275085591132715
0.07763022965797926,-0.7908526010806298,-1.0507958905130261,1,1,1,0,0,0,1,0,0,0,11.797359769127505
-0.41423245074415815,0.31997222110867746,1.1354808413739776,1,0,1,0,0,0,1,0,0,0,10.463131911491967
-0.2502782239434457,-0.19664647813779768,-0.00036603172177107916,1,0,1,0,0,0,1,0,0,0,10.12667110305036
-0.9060951311462956,0.045577673889853655,2.3436164328013507,0,0,1,1,0,0,1,0,0,0,10.505094936455558
-0.5781866775448706,-0.8625168873094358,-0.831597662689218,0,0,1,0,0,0,1,0,0,0,10.857093336791094
-0.2502782239434457,-0.0452563831205156,0.2322873146328812,0,0,1,0,0,0,0,0,1,0,9.90353755128617
-0.7421409043455831,-0.2534177637692785,0.8197370141783782,0,0,1,0,0,0,1,0,0,0,10.485731104959568
1.389264044063679,2.3559229901867185,0.8544669887147642,1,0,1,1,0,0,1,0,0,0,8.293049139768444
-0.08632399714273321,-0.21557024001495795,-0.20393770978209183,0,0,1,0,0,0,1,0,0,0,10.085809109330082
-1.2340035847477204,-1.019830119794269,-0.2621010463707549,0,0,1,0,0,0,1,0,0,0,10.905790829399939
0.24158445645869173,1.156402496079161,1.0756556951684957,1,0,1,0,0,0,1,0,0,0,9.61587214452889
-1.070049357947008,-0.7359736916368651,0.4552467715560898,0,0,1,0,0,0,1,0,0,0,11.095908894882296
-0.9060951311462956,-1.1315749336789003,-1.2744339196964356,1,0,0,0,0,0,0,1,0,0,11.333786837278764
3.5206689924729413,1.9879693642472143,-0.3206921649188443,0,0,1,1,0,0,0,0,1,0,8.699681400989514
1.717172497665104,0.6643846872729942,-0.4307747224778778,0,0,1,0,0,0,1,0,0,0,9.21024036697585
-1.070049357947008,-1.0974932385381349,-1.026289738030336,1,0,0,0,0,0,1,0,0,0,10.628617778949124
-1.070049357947008,-0.9906118314559336,-0.5882810379599774,0,0,1,1,0,0,0,0,0,1,10.126631103850338
0.40553868325940423,0.7757510259200823,0.46271106641830123,0,0,1,1,0,0,0,0,0,0,10.666650414667744
-0.08632399714273321,-0.10202766875199638,-0.048835478878990236,1,0,1,1,0,0,1,0,0,0,10.163965423497029
-1.070049357947008,-0.9545431413180662,-0.4404686119093217,0,0,1,1,0,0,1,0,0,0,10.085850775128717
-1.2340035847477204,-1.0747090292380337,-0.5994483985850007,1,0,0,0,0,0,1,0,0,0,11.277089200908689
0.8974013636615417,-0.2984563170369199,-0.8302405181688157,1,0,1,0,0,0,1,0,0,0,9.259130536145614
-0.41423245074415815,-0.7946562772179391,-0.8221641234310757,0,0,0,0,0,0,1,0,0,0,10.275051108968611
0.5694929100601167,1.6768059477010682,1.1561895458297213,0,0,1,1,0,0,0,1,0,0,9.04793908261736
-1.070049357947008,-1.082411000322038,-0.9644814990154501,1,0,0,0,0,0,0,1,0,0,10.659586057803535
-0.08632399714273321,-0.656493891752792,-0.8062513731224693,0,1,1,1,0,0,1,0,0,0,9.975854724662028
0.40553868325940423,-0.4653638967934734,-0.8088364103041877,1,0,1,0,0,0,1,0,0,0,10.477316144080852
-0.5781866775448706,-0.6318930013124837,-0.3590399406851934,0,0,1,0,0,0,1,0,0,0,10.203629181337648
2.045080951266529,1.3778483575656904,-0.13835061641429391,1,1,1,1,0,0,1,0,0,0,10.02353468984558
-0.5781866775448706,-0.5372741919266824,-0.16516215205631637,1,0,1,0,0,1,0,0,0,0,10.968215530759236
2.045080951266529,1.6957297095782284,0.03929078867959001,1,1,1,0,0,0,1,0,0,0,10.915106645867503
1.061355590462254,1.3929495195436643,0.42131815854603616,0,0,1,0,0,0,1,0,0,0,9.581972891547895
-0.2502782239434457,1.1847881388949013,2.122595753764431,0,0,1,0,0,0,1,0,0,0,10.196194479235656
1.5532182708643916,0.3559273686752819,-0.5688361161699149,0,1,1,0,0,0,1,0,0,0,9.23024103368252
0.5694929100601167,-1.2129471097506894,-1.5766819353308306,0,1,1,0,0,0,1,0,0,0,10.819598268208338
1.2253098172629666,-0.011193611741627129,-0.7130379735699192,1,0,0,0,0,0,1,0,0,0,10.114599007626499
-1.2340035847477204,-1.068823739294237,-0.5632708032268523,0,0,1,1,0,0,1,0,0,0,11.257142496188242
1.061355590462254,-0.6438149712950947,-1.1437118207134154,1,0,1,0,0,0,1,0,0,0,11.092869425057021
1.717172497665104,1.807379904653474,0.2718383835131721,0,0,1,1,0,0,1,0,0,0,8.881975184248867
0.07763022965797926,0.11162160284114296,0.0587279182523106,1,0,1,1,0,0,1,0,0,0,9.952325334619427
-0.7421409043455831,-0.4615791444180413,0.3078996521981432,0,0,0,0,0,0,1,0,0,0,10.7258191914769
1.2253098172629666,0.5537374515772382,-0.3044850118801877,1,0,1,1,0,0,1,0,0,0,8.895766604056085
1.8811267244658165,-0.49942666817236187,-1.1677872875370798,0,0,0,0,0,0,1,0,0,0,9.99884318585288
0.24158445645869173,-0.6781994466258948,-0.9748028474719109,1,0,1,0,0,1,0,0,0,0,9.45727857185611
-0.08632399714273321,-0.9554893294119241,-1.21468724783397,0,1,1,0,0,0,1,0,0,0,10.571342565808699
-0.08632399714273321,0.4495621424434709,0.704651158848277,0,0,1,0,0,0,1,0,0,0,9.770013301136158
-1.070049357947008,-0.8097763629577901,0.1527974212950416,0,0,0,0,0,0,0,0,0,0,11.248191394729853
0.24158445645869173,-0.22313974476582205,-0.4662014820364271,1,0,1,0,0,0,1,0,0,0,10.165120780630861
-0.9060951311462956,-0.008222581126912968,2.1782580668797813,0,0,1,0,0,0,1,0,0,0,10.596134608054392
-1.2340035847477204,-1.1975620913445582,-1.354641160852202,0,0,1,0,0,1,0,0,0,0,11.418625774449598
0.07763022965797926,0.8820079488603372,1.0058596912621,0,0,1,1,0,0,1,0,0,0,9.581972891547895
-0.5781866775448706,-0.4426553825408811,0.028715636572560457,0,0,1,0,0,0,1,0,0,0,10.79939188675334
0.07763022965797926,0.5603039969486128,0.6103490024591911,1,0,1,1,0,0,1,0,0,0,9.60918360377546
-0.9060951311462956,-0.6030721119735686,0.3499517445517466,0,0,0,0,0,0,0,1,0,0,10.266358263011872
0.24158445645869173,0.7042002822625394,0.5702480256693347,0,0,1,0,1,0,0,0,0,0,10.146472946063877
1.061355590462254,0.6097896342573869,-0.1804542626344191,1,0,1,0,0,0,1,0,0,0,9.259225769705994
1.8811267244658165,1.8471198045955104,0.2059753290332478,0,0,1,1,0,0,0,0,0,0,9.798182590890704
-1.2340035847477204,-1.1593739398764489,-1.1198939343803578,0,0,0,0,0,0,0,1,0,0,11.951186847493476
-1.2340035847477204,-1.1135405886099667,-0.8381507319448739,0,0,0,0,0,1,0,0,0,0,10.645424897265505
-0.9060951311462956,-0.757698170271845,-0.12530087871421935,0,0,1,0,0,0,1,0,0,0,10.788493994370517
-0.41423245074415815,1.434487176864031,3.092926389025013,0,0,0,0,1,0,0,0,0,0,10.257659366256743
-0.5781866775448706,0.3464654877367018,1.6456563937373938,1,0,1,1,0,1,0,0,0,0,10.165890277802454
-1.2340035847477204,-1.1239108101186506,-0.9018977488460487,0,0,1,0,0,0,1,0,0,0,10.789339695269716
0.7334471368608292,1.2226356626492219,0.5604947139546229,0,0,1,1,0,0,1,0,0,0,8.853808274977197
-1.2340035847477204,-1.146884257037523,-1.0431183300833227,1,0,1,0,0,1,0,0,0,0,10.778977123006351
-0.2502782239434457,1.1090930913862602,2.0062690805871046,0,0,1,1,0,0,1,0,0,0,10.373522431293592
0.7334471368608292,0.6397837968326858,0.048657351974387704,1,0,1,0,0,0,1,0,0,0,9.38437770918244
1.389264044063679,-0.3480365731550798,-0.9923740502061912,0,1,1,0,0,0,1,0,0,0,9.495594499353297
0.7334471368608292,2.1877475183843953,1.4080176185322848,1,0,1,0,0,0,1,0,0,0,8.612685172875459
0.8974013636615417,0.6056264066444116,-0.08923961002924825,0,1,1,0,0,0,1,0,0,0,8.809862805379057
0.07763022965797926,0.6927703300887346,0.7732063449074478,1,0,1,0,0,0,1,0,0,0,9.741027444837728
0.07763022965797926,-0.40480785878656056,-0.5761830639495354,0,0,1,1,1,0,0,0,0,0,9.44943600950432
1.2253098172629666,0.9671648773075584,-0.005498090832535455,0,1,1,0,0,0,1,0,0,0,9.680344001221918
0.40553868325940423,0.41839470663178796,0.09659225037153026,0,0,1,1,1,0,0,0,0,0,9.78571701680162
-0.41423245074415815,-1.046985718087994,-1.265335512044352,1,0,0,0,0,1,0,0,0,0,11.002099841204238
-1.070049357947008,-1.0387538816714292,-0.7855710756687225,0,0,1,0,0,0,0,0,0,1,10.819778284410283
-0.41423245074415815,0.18182875940540752,0.8928566373184117,1,0,1,1,0,0,1,0,0,0,10.547864568726643
0.7334471368608292,0.7306178538430551,0.12842421358169712,1,0,1,0,0,0,1,0,0,0,9.94755228369823
0.24158445645869173,-0.09996497870738591,-0.32853415190711527,0,0,1,0,1,0,0,0,0,0,9.159047077588632
-0.41423245074415815,-0.04888974540093037,0.48764098035328046,1,0,0,1,0,0,1,0,0,0,10.560981648381585
0.5694929100601167,1.9038910902269912,1.3709464809263237,0,0,1,1,1,0,0,0,0,0,9.472781556562168
-0.5781866775448706,-1.0387538816714292,-1.192714431789364,1,0,1,0,0,0,1,0,0,0,11.263194068746921
-1.070049357947008,-0.8589781438384069,-0.048835478878990236,0,0,1,0,0,1,0,0,0,0,10.308919326755392
2.045080951266529,-0.6078219762047359,-1.248001327004915,1,0,1,1,0,0,1,0,0,0,9.38437770918244
-0.41423245074415815,-0.5410967918258688,-0.3768323823159348,1,0,1,1,0,0,1,0,0,0,10.809748150372926
-0.41423245074415815,-0.21557024001495795,0.19489659825445502,1,0,1,1,0,0,1,0,0,0,10.747229096720554
0.07763022965797926,-0.24395588283069833,-0.378427719548081,0,1,1,0,0,0,1,0,0,0,10.043292972227004
1.8811267244658165,2.301290089647357,0.47186486772427905,0,0,1,0,0,0,1,0,0,0,8.748304912379623
0.40553868325940423,0.3303613663792384,0.006400303101376654,1,0,1,0,0,0,1,0,0,0,9.903487552536127
-0.7421409043455831,-0.7969460524050754,-0.5167168686212863,1,0,0,0,0,0,1,0,0,0,11.652678711655406
-0.2502782239434457,-0.64797819890807,-0.6939638205415782,0,0,1,0,0,0,1,0,0,0,11.635151947212842
0.40553868325940423,0.046978032268763514,-0.28393168537036634,1,0,1,0,0,0,1,0,0,0,9.798182590890704
0.40553868325940423,0.938779234491818,0.629736781322079,1,0,1,1,0,0,1,0,0,0,10.491301994830229
0.07763022965797926,0.6965550824641666,0.7778594118345408,0,0,1,0,0,0,1,0,0,0,10.12667110305036
0.8974013636615417,0.6113981540169454,-0.08450899198670372,0,0,1,0,0,0,1,0,0,0,9.305286849285137
-0.5781866775448706,-0.39171261556756565,0.13309943797034784,1,0,0,0,0,0,1,0,0,0,10.38495645364112
-0.7421409043455831,-0.3858840969094003,0.494022329281865,0,0,1,0,0,0,1,0,0,0,10.419330568113901
-0.7421409043455831,-0.7643593344526055,-0.4365910561367441,1,0,1,0,0,1,0,0,0,0,10.819698281210112
0.7334471368608292,-1.0046911102925409,-1.3954552050412754,0,0,1,0,0,0,1,0,0,0,10.714439990727769
0.07763022965797926,0.37835202649971683,0.386652809939193,0,1,1,0,0,0,1,0,0,0,9.651880224221337
-1.070049357947008,-1.148511700558959,-1.2353675452877169,1,1,1,0,0,0,1,0,0,0,11.80560254159177
-0.5781866775448706,-0.49942666817236187,-0.08761103660476569,1,0,1,0,0,0,1,0,0,0,10.858998997563564
0.40553868325940423,-0.15879895438347716,-0.49475439272540717,0,0,1,0,0,0,1,0,0,0,10.165890277802454
-0.9060951311462956,-0.6905945106554349,0.0809463128291799,1,0,1,0,0,0,1,0,0,0,11.170449240431308
-0.2502782239434457,-0.3991307302234125,-0.3115398824711185,0,1,1,0,0,0,1,0,0,0,9.941986851686737
0.24158445645869173,0.3237569734841095,0.1450423097498866,0,0,1,0,0,0,1,0,0,0,9.61587214452889
0.07763022965797926,0.9441157353411772,1.082216519535697,0,0,1,1,0,0,1,0,0,0,9.428189934829282
1.061355590462254,0.6687371525047411,-0.13515956426599773,0,0,1,0,0,0,1,0,0,0,8.850230965588816
-1.070049357947008,-0.9838749722276645,-0.5606728408592252,0,0,1,0,0,0,1,0,0,0,10.419300717813158
-1.070049357947008,-0.7738212153911856,0.3001445406529882,0,0,1,0,0,0,1,0,0,0,11.06665398721974
2.045080951266529,0.04084673342056359,-0.8855062630801527,0,0,1,0,0,0,0,0,0,0,10.308985993422082
0.40553868325940423,-0.141540483551507,-0.4770727384024536,0,1,1,1,0,0,1,0,0,0,9.839002363309719
-1.2340035847477204,-1.1996058576272914,-1.3672044415553533,0,0,1,0,0,0,1,0,0,0,11.104972264124868
-0.08632399714273321,-0.10202766875199638,-0.048835478878990236,1,0,1,1,0,0,1,0,0,0,10.114599007626499
-0.2502782239434457,-0.7914770852225762,-0.9144901112174942,1,0,1,1,0,0,1,0,0,0,12.278397958261774
-1.070049357947008,-0.9252113104084677,-0.32026438295941795,1,0,1,0,0,1,0,0,0,0,11.149096419938578
1.061355590462254,0.7968510204131161,-0.0367181170896855,0,0,1,0,0,0,1,0,0,0,9.15915233520675
0.07763022965797926,0.143981235651087,0.09851164047895614,1,0,1,1,1,0,0,0,0,0,9.75272280064639
-0.7421409043455831,-0.9206506837960721,-0.8208878536453588,1,0,1,0,0,0,1,0,0,0,11.630717389475995
0.40553868325940423,-0.1614482810462796,-0.4974686817662115,1,0,1,1,0,0,1,0,0,0,9.998615897627705
-0.41423245074415815,-0.02652185886212694,0.52692615969488,0,0,1,1,0,0,1,0,0,0,10.778977123006351
-0.41423245074415815,-0.4615791444180413,-0.23717390211847078,1,0,1,0,0,0,1,0,0,0,11.598194491615347
-1.070049357947008,-0.9311912191616504,-0.34477053544210795,0,0,0,0,0,0,1,0,0,0,10.757902880692196
1.2253098172629666,-0.7638862404056765,-1.2573783765849953,0,0,1,1,0,0,1,0,0,0,10.571342565808699
-0.2502782239434457,0.5432726112591685,1.1367271985865919,1,0,1,1,0,1,0,0,0,0,10.817796321618971
-1.070049357947008,-0.9752457368116795,-0.5253095322133181,0,0,1,0,0,1,0,0,0,0,10.896757843893464
-0.41423245074415815,0.6293757278002478,1.6788925860737727,0,0,1,0,0,0,0,0,0,0,10.946428556333773
0.07763022965797926,0.2007525212825678,0.1683076443853518,0,0,1,0,0,0,1,0,0,0,9.814710982145282
0.24158445645869173,1.0901693295091,1.0016296304192882,1,0,1,1,0,0,1,0,0,0,9.798182590890704
-0.41423245074415815,-0.6954011461722335,-0.6478402946267684,0,0,0,0,0,0,1,0,0,0,10.633472802314019
0.07763022965797926,-0.1273098146198825,-0.23502019685507344,1,0,1,1,0,0,1,0,0,0,9.949941656908011
-0.08632399714273321,0.6811700640580354,1.021033859518787,0,0,1,1,0,0,1,0,0,0,9.680406499268875
0.24158445645869173,1.4760248341843978,1.4328843333439574,0,0,1,0,0,0,1,0,0,0,9.472781556562168
-0.5781866775448706,0.12505747377392676,1.191982368345822,0,0,1,1,0,0,1,0,0,0,10.571342565808699
-1.070049357947008,-1.0231985494084035,-0.7218240587675477,1,0,0,0,0,0,1,0,0,0,11.694421681264394
-0.9060951311462956,-0.7910796862231558,-0.227901004456621,0,0,0,0,0,0,1,0,0,0,10.561887996766238
0.5694929100601167,0.7168413551964824,0.2483403955313522,1,0,1,0,0,0,1,0,0,0,9.648659816955295
-0.7421409043455831,-0.8414358165782793,-0.6261104720772439,0,0,0,0,0,0,1,0,0,0,10.49124643927466
-0.7421409043455831,-0.8087355560545463,-0.545705475577076,1,0,1,0,0,0,1,0,0,0,11.06663836234181
1.2253098172629666,0.9252865922734027,-0.03578408233152633,0,0,1,0,0,0,1,0,0,0,9.200391041122515
-0.08632399714273321,0.8763308202971891,1.2876287440694012,0,0,1,0,1,0,0,0,0,0,9.648659816955295
-0.5781866775448706,-0.877901905715567,-0.8631221911202733,0,0,0,1,1,0,0,0,0,0,10.411599497604435
0.40553868325940423,-0.1618835275694543,-0.4979146006800578,0,0,1,1,0,0,1,0,0,0,9.259225769705994
-1.070049357947008,-1.157973581497539,-1.2741431030134922,0,0,1,0,0,0,1,0,0,0,11.097334260563056
-0.5781866775448706,-0.3953459778479804,0.125654530886999,1,0,1,0,0,0,1,0,0,0,10.27163147557801
2.045080951266529,1.0690882587779436,-0.31089479819258975,0,0,1,1,0,0,1,0,0,0,8.699681400989514
0.7334471368608292,1.7312117630979038,1.0071060484747143,1,1,1,1,0,0,1,0,0,0,9.200391041122515
-0.9060951311462956,-0.7476685764769502,-0.09447431032222793,0,0,0,0,0,0,1,0,0,0,10.688256300143298
1.717172497665104,2.1062050284557117,0.4555298331274876,0,0,1,1,0,0,0,0,0,0,9.472781556562168
-0.7421409043455831,-0.8899752657931953,-0.7454616387571804,1,0,1,0,0,0,1,0,0,0,11.002116507732017
1.5532182708643916,-0.2723415256464387,-0.9753672266422545,1,0,1,1,0,0,1,0,0,0,9.798182590890704
-1.2340035847477204,-1.1901439766887114,-1.3090411049666901,0,0,1,0,0,1,0,0,0,0,11.418625774449598
3.356714765672229,0.5413802350714525,-0.8708773026654283,1,0,1,0,0,0,0,0,1,0,8.412054873292933
0.8974013636615417,-0.13987519250631691,-0.7002648486720168,0,0,1,0,0,0,1,0,0,0,8.987321812850125
-0.5781866775448706,-0.3196509303393394,0.28075676179010034,0,1,1,1,0,0,1,0,0,0,10.714417768752456
1.389264044063679,1.1844096636573582,0.05430750467157221,1,0,1,0,0,0,1,0,0,0,9.210340371976184
-1.2340035847477204,-0.9914444769785287,-0.08761103660476569,0,0,1,0,0,0,1,0,0,0,10.370392636243981
1.061355590462254,-0.3149199898700493,-0.8909921232356743,0,1,1,0,0,0,1,0,0,0,9.792611856190192
-1.070049357947008,-1.1049870482414903,-1.05699997974915,0,0,1,0,0,0,0,1,0,0,11.231901180182515
1.5532182708643916,1.673834917086354,0.283936357523614,0,0,1,1,0,0,1,0,0,0,9.205428327615163
0.07763022965797926,-0.10013529256428036,-0.2016111763185453,1,0,1,0,0,0,1,0,0,0,10.126471091048971
0.8974013636615417,-0.9753592793829424,-1.38504119810921,1,1,1,0,0,0,1,0,0,0,11.17606715383184
0.24158445645869173,0.3805282591155903,0.20849322239206455,0,0,1,0,0,0,1,0,0,0,10.199918739620157
-0.7421409043455831,-0.6185517491890857,-0.07807224940422494,0,0,0,0,0,0,0,0,0,0,10.749334360656016
1.389264044063679,0.8025281489762641,-0.20652274696381023,0,0,1,1,0,0,1,0,0,0,9.61587214452889
-0.7421409043455831,-0.7456248101942169,-0.39052569355852296,1,0,0,0,0,0,1,0,0,0,10.560981648381585
-1.070049357947008,-1.2285592132993468,-1.5634087636477765,0,0,1,0,0,1,0,0,0,0,11.183045451818261
-1.2340035847477204,-0.9396690644826182,0.23065874120839863,1,0,1,0,0,0,0,0,0,1,11.125806040978839
0.07763022965797926,-0.5183504300495221,-0.7157750717623268,0,0,1,0,0,0,1,0,0,0,9.994287576862567
-0.9060951311462956,-0.7650216661183061,-0.14781008997403197,0,0,1,1,0,0,1,0,0,0,10.043075566743182
-0.7421409043455831,-1.0728166530503178,-1.1950409652529106,1,0,1,0,0,0,1,0,0,0,12.128116509451258
-0.9060951311462956,-1.1796791363706418,-1.422285121304817,0,0,1,0,0,0,1,0,0,0,11.3373928113354
1.8811267244658165,1.4347521095303113,-0.035441293367429565,0,0,1,0,0,0,1,0,0,0,8.648396877031582
0.5694929100601167,-0.3434002514951755,-0.754341838023425,0,1,1,0,0,0,1,0,0,0,9.883335864325275
-0.7421409043455831,-0.8987180437804434,-0.7669588079603503,1,0,1,1,0,0,0,1,0,0,11.289794413577894
0.24158445645869173,0.09311416372528022,-0.11273759801106813,1,0,1,0,0,0,1,0,0,0,9.903287532533462
-0.08632399714273321,-0.4284625611330109,-0.49475439272540717,1,0,1,1,0,0,1,0,0,0,10.043249494911286
0.5694929100601167,0.9955505201232987,0.511918740539915,1,0,1,1,0,0,1,0,0,0,9.741027444837728
1.2253098172629666,0.425718202478249,-0.39706735823837724,1,0,1,0,0,0,1,0,0,0,9.391911647379434
-1.070049357947008,-0.8814028016628417,-0.1407335506890779,1,0,0,0,0,0,1,0,0,0,11.034873534864897
-0.9060951311462956,-1.0378076935775713,-0.9862345868996101,1,0,1,0,0,1,0,0,0,0,11.124332223082254
-0.08632399714273321,1.245211710568674,1.7915300419017608,0,0,1,0,0,0,1,0,0,0,9.39024233725137
-1.070049357947008,-0.8024907146350835,0.18265460074388878,0,0,1,0,0,0,1,0,0,0,10.419330568113901
-0.08632399714273321,-0.6141803601954616,-0.7484499417392468,1,0,1,1,0,0,1,0,0,0,11.407576060361786
-1.070049357947008,-1.1708228158121308,-1.3268003104050952,0,0,1,0,0,0,1,0,0,0,10.841050419685823
-0.2502782239434457,-0.23449400189211822,-0.05852936831043415,0,0,1,0,0,0,1,0,0,0,10.768506042432708
1.717172497665104,1.525415852683786,0.09851164047895614,0,0,1,1,0,0,1,0,0,0,9.674137279312397
-0.41423245074415815,-0.8684400247769869,-0.951752037350617,0,0,1,0,0,0,1,0,0,0,10.381304329495126
2.2090351780672415,0.9804115106215705,-0.4143372577897775,1,0,1,0,0,0,1,0,0,0,9.61587214452889
0.24158445645869173,-0.4426553825408811,-0.711545010919515,1,0,1,0,0,0,1,0,0,0,10.714439990727769
0.24158445645869173,1.1378382856776668,1.0549072467345035,1,0,1,1,0,0,0,1,0,0,9.680406499268875
0.07763022965797926,1.1280168532634205,1.308309041523148,1,0,1,0,0,0,1,0,0,0,9.61587214452889
1.389264044063679,2.112052470875754,0.687900117910742,0,0,1,1,1,0,0,0,0,0,9.282754052485227
0.07763022965797926,0.2007525212825678,0.1683076443853518,0,1,1,0,0,0,1,0,0,0,9.952325334619427
0.5694929100601167,1.7878884299199989,1.2612414799144762,0,0,1,1,0,0,1,0,0,0,9.18512512283512
0.5694929100601167,1.0939540818845321,0.604980079081776,0,0,1,1,0,0,1,0,0,0,9.429475901892854
-1.2340035847477204,-1.103302833434423,-0.7752180017559405,0,0,1,1,0,1,0,0,0,0,10.30547997116532
0.8974013636615417,0.4543309304365153,-0.2132438436362779,0,0,1,0,0,0,1,0,0,0,10.199918739620157
-1.070049357947008,-0.7075880488211247,0.5715734447334159,0,0,1,0,0,0,1,0,0,0,10.887455624298198
-1.070049357947008,-1.0064131726233625,-0.6530362193620223,0,0,0,0,0,0,1,0,0,0,11.560772327227417
1.389264044063679,1.374025757666504,0.18381786747566203,0,0,1,0,0,0,1,0,0,0,8.824824939175638
1.2253098172629666,-0.6072921108721754,-1.1441309388741276,1,0,1,0,0,0,1,0,0,0,10.448743588106625
0.8974013636615417,0.1316429429071785,-0.4777241677722467,0,0,1,1,0,0,1,0,0,0,9.209940291954844
0.24158445645869173,-0.046202571214373614,-0.2684461376349726,1,0,1,1,0,0,1,0,0,0,9.769899015421748
-0.9060951311462956,-0.9730884279576832,-0.7873159757663825,0,0,1,0,0,0,0,1,0,0,11.231901180182515
3.192760538871516,0.5603039969486128,-0.8377175153689032,0,0,1,0,0,0,1,0,0,0,10.12667110305036
-0.08632399714273321,-0.1919155376685076,-0.1716247450106124,1,1,1,0,0,0,1,0,0,0,10.819778284410283
-0.7421409043455831,-0.511613570821253,0.184872562645803,0,0,0,0,0,0,1,0,0,0,10.507776196611822
-0.41423245074415815,0.18182875940540752,0.8928566373184117,0,0,1,0,0,0,1,0,0,0,10.491301994830229
-0.7421409043455831,-0.9062875485313074,-0.7855710756687225,0,0,1,0,0,0,1,0,0,0,10.154090616746489
1.389264044063679,1.601110900192427,0.33892009837876363,1,0,1,0,0,0,1,0,0,0,9.210340371976184
-1.2340035847477204,-1.203428457526478,-1.390702429537173,0,0,1,0,0,0,1,0,0,0,10.87806606028079
3.192760538871516,-0.5183504300495221,-1.2950016788935648,1,0,0,0,0,0,0,0,1,0,11.225256725762893
0.07763022965797926,1.7714247570868695,2.099330419128966,0,0,1,1,0,0,1,0,0,0,10.199918739620157
0.5694929100601167,0.7873891394745359,0.3150582167013632,0,0,1,0,0,0,1,0,0,0,9.159047077588632
0.24158445645869173,0.28744227444183895,0.1044548759631069,1,0,1,0,0,0,1,0,0,0,10.165890277802454
-0.7421409043455831,-0.21557024001495795,0.9127983527202391,0,0,1,0,0,0,1,0,0,0,10.434145214930487
0.40553868325940423,0.2639768097141602,-0.06161202514963329,1,0,1,0,0,0,1,0,0,0,9.729193687429403
1.389264044063679,2.9257742315936452,1.2436831119801892,0,0,1,0,0,0,1,0,0,0,8.657129031713755
-0.2502782239434457,-0.23449400189211822,-0.05852936831043415,0,0,1,1,1,0,0,0,0,0,10.12667110305036
-1.2340035847477204,-1.162704521966829,-1.1403674288595673,1,0,1,0,0,0,1,0,0,0,11.332613886815139
0.24158445645869173,0.8441604251060166,0.7266756756365172,1,0,1,0,0,0,1,0,0,0,9.305741456739435
-0.9060951311462956,-1.010368238855689,-0.9018977488460487,0,0,1,1,0,0,1,0,0,0,11.511934974596555
-0.5781866775448706,-0.5558005548044223,-0.20312342306985054,0,0,0,0,0,0,1,0,0,0,10.482093312723077
-0.9060951311462956,-0.7763948470064794,-0.18276625526381846,1,0,0,0,0,0,1,0,0,0,10.545315122572783
-0.41423245074415815,-0.8445960848117651,-0.9098744350067796,0,0,1,0,0,1,0,0,0,0,10.92415631759022
-1.070049357947008,-0.6825708356195188,0.6740960193603659,0,0,0,0,0,0,1,0,0,0,10.714417768752456
-0.7421409043455831,-0.8211306200840863,-0.5761830639495354,1,0,1,0,0,0,0,1,0,0,11.33857207782545
-0.7421409043455831,-0.5402262987795193,0.11451819070815626,0,0,0,1,0,0,1,0,0,0,10.323118516117193
-0.9060951311462956,-0.8968256675927273,-0.5529177293140702,0,0,1,0,0,1,0,0,0,0,10.584055950889214
1.717172497665104,1.4556628664045734,0.05563362874579368,0,1,1,1,0,0,1,0,0,0,9.998797732340453
-1.070049357947008,-0.7564113544641982,0.37149156686841495,0,0,1,0,0,0,1,0,0,0,10.106469212026385
1.2253098172629666,-0.21557024001495795,-0.8608412759599335,0,0,1,0,0,0,1,0,0,0,9.90353755128617
-0.2502782239434457,-0.8717706068673672,-1.0378836297903429,1,0,1,0,0,0,1,0,0,0,11.225256725762893
-1.070049357947008,-0.7198506465175246,0.521320321920811,0,0,0,0,0,0,1,0,0,0,10.232287575708806
-0.7421409043455831,-0.7394745875841398,-0.37540322604547055,0,0,1,0,0,0,1,0,0,0,10.369483160384325
-0.2502782239434457,-0.30820205440365744,-0.17180246631685547,0,0,1,0,0,0,1,0,0,0,10.590390276998745
-1.070049357947008,-0.9772516555706584,-0.5335299504511826,1,0,1,0,0,0,1,0,0,0,11.289781913656018
0.07763022965797926,0.4090842157882251,0.42443571338718844,1,0,1,0,0,0,1,0,0,0,9.787009914477434
3.356714765672229,0.08720995001960623,-1.05699997974915,1,0,1,0,0,0,0,0,1,0,9.852246888342531
0.24158445645869173,0.21967628315972806,0.028715636572560457,0,1,1,1,0,0,1,0,0,0,10.308985993422082
-0.9060951311462956,-1.1163980766534178,-1.2277869237523278,1,0,0,0,0,0,1,0,0,0,12.06047445534465
1.2253098172629666,1.743039114271129,0.5556070386110376,0,0,1,1,0,0,1,0,0,0,9.61587214452889
-1.070049357947008,-1.1826880145091103,-1.3754248597932175,0,0,1,0,0,0,1,0,0,0,11.065090289695444
0.07763022965797926,0.0344126543823291,-0.03619464706038753,1,0,1,1,0,0,1,0,0,0,10.858056245620261
-0.9060951311462956,-0.9405584812908447,-0.6873332001704706,1,0,0,0,0,0,0,0,0,0,11.492243050775025
-1.070049357947008,-0.9621126460689302,-0.47148905808994196,1,0,1,0,0,0,0,1,0,0,10.633472802314019
0.7334471368608292,1.2816967234678391,0.612359792095542,0,0,1,1,0,0,0,1,0,0,8.974744612722734
1.8811267244658165,-0.5892388420413645,-1.2203669438132314,0,0,1,0,0,0,1,0,0,0,11.07055256683868
1.2253098172629666,1.07124556763194,0.06977210945867546,0,0,1,0,0,0,1,0,0,0,9.350189267092581
1.2253098172629666,1.0996312104476802,0.09030034590173318,1,0,1,1,0,0,1,0,0,0,9.581972891547895
-0.08632399714273321,-0.17772271626063743,-0.15223696614772456,0,0,1,0,0,0,1,0,0,0,10.817796321618971
0.24158445645869173,-0.5751217156810029,-0.85959714041793,1,0,1,0,0,0,1,0,0,0,10.308919326755392
-0.41423245074415815,-0.03655145265702188,0.5093109777565994,0,0,1,0,1,0,0,0,0,0,10.404293143019792
2.372989404867954,-0.2406442245021953,-1.089232162108701,0,1,1,0,0,0,1,0,0,0,9.740733301234702
-0.7421409043455831,-0.12662855919230473,1.1314924982936123,0,0,1,1,0,0,1,0,0,0,10.799575577092764
0.5694929100601167,-0.7278364740296862,-1.1179074327307144,0,0,1,0,0,1,0,0,0,0,8.81001204797317
1.8811267244658165,1.9228148521041515,0.25029025214841977,1,1,1,0,0,0,1,0,0,0,8.987321812850125
-0.9060951311462956,-1.148511700558959,-1.326490105943289,1,0,1,0,0,0,0,1,0,0,11.511934974596555
-0.41423245074415815,-0.24028467302652926,0.15149013106314402,1,0,1,0,0,0,1,0,0,0,10.819778284410283
1.389264044063679,0.3332188544226896,-0.5270673574968866,1,0,1,0,0,0,1,0,0,0,9.104535313079205
-0.2502782239434457,-0.650816763189644,-0.698326070785728,1,0,1,1,0,0,1,0,0,0,10.545367754151743
-0.2502782239434457,0.4248477094318996,0.9547341184006651,0,0,1,0,0,0,1,0,0,0,9.835690394470303
1.389264044063679,0.6118523243019973,-0.33675692017878106,0,0,1,0,0,0,0,0,0,0,9.903437551286085
-0.41423245074415815,-0.6318930013124837,-0.5362996331458808,1,0,1,0,0,0,1,0,0,0,11.156264806643742
1.717172497665104,1.6665871162874015,0.18529133866924144,1,0,1,1,0,0,1,0,0,0,8.665785595466064
-0.2502782239434457,-0.49942666817236187,-0.46567272443107566,1,0,1,1,0,0,1,0,0,0,10.571342565808699
-0.5781866775448706,-0.2094578649286352,0.5065468344272906,1,0,0,0,0,0,1,0,0,0,10.239924074233857
1.2253098172629666,1.8948076845259543,0.6653646761265853,0,0,1,1,0,0,1,0,0,0,9.105090961257085
-0.2502782239434457,-0.28483120848536453,-0.13588660597335603,0,0,1,1,0,0,1,0,0,0,10.757924157061597
-1.070049357947008,-0.8360425444432886,0.045156473048289285,0,0,0,0,0,0,1,0,0,0,10.271839059304192
-0.2502782239434457,0.579227758825773,1.191982368345822,0,0,1,0,0,0,1,0,0,0,10.434145214930487
0.8974013636615417,2.443218303726059,1.416880603155319,0,0,1,1,1,0,0,0,0,0,9.15915233520675
0.5694929100601167,0.3758351661700545,-0.07415293533871185,1,0,1,0,0,0,1,0,0,0,9.825580063659602
1.8811267244658165,0.4775125387360366,-0.5958478110818929,0,0,1,0,0,0,1,0,0,0,8.612685172875459
-0.2502782239434457,-0.18985284762389715,0.010074287195893941,0,0,0,0,0,0,1,0,0,0,9.655026193237628
-1.070049357947008,-0.9072148128632883,-0.2465132721649932,0,0,0,0,0,0,1,0,0,0,11.263194068746921
-0.41423245074415815,-0.8551933914629748,-0.9284867027151518,0,0,1,1,0,0,1,0,0,0,10.667815210028436
-0.9060951311462956,-0.6129692394353234,0.3195323195158758,1,0,1,0,0,0,0,1,0,0,10.596659732783579
-1.070049357947008,-0.791458161460699,0.2278669010521428,0,0,0,0,0,0,1,0,0,0,10.714395546283317
2.372989404867954,1.1280168532634205,-0.38812160897952497,0,1,1,0,0,0,1,0,0,0,9.798182590890704
-0.2502782239434457,-0.3291128112779195,-0.20393770978209183,1,0,1,1,0,0,1,0,0,0,10.308985993422082
-1.070049357947008,-0.9597282520724081,-0.4617176175430465,0,0,0,0,0,0,1,0,0,0,10.753382038770598
0.24158445645869173,-0.007408859366195077,-0.22508801399615114,1,0,1,1,0,0,0,0,0,0,10.915088464214607
1.2253098172629666,0.5754051589265866,-0.28881512472865384,0,1,1,0,0,0,1,0,0,0,9.19532825185568
-1.2340035847477204,-1.0619354899709506,-0.5209278941903055,0,0,0,0,0,0,1,0,0,0,10.689692377847104
-0.08632399714273321,1.4623240305853338,2.088111357760308,1,0,1,1,0,0,1,0,0,0,9.99884318585288
-0.5781866775448706,0.31009401740879977,1.5711297717884534,0,0,1,0,0,0,1,0,0,0,10.39726874169286
0.07763022965797926,-0.9185879937514616,-1.2078368993024164,0,0,1,0,0,0,1,0,0,0,11.461642696843066
-0.41423245074415815,0.37106637817701016,1.2252185606822008,0,0,1,0,0,0,1,0,0,0,10.404293143019792
1.061355590462254,-0.08789161862975767,-0.7165457359721267,0,0,1,1,0,0,1,0,0,0,11.184421397998193
-0.08632399714273321,0.5881786981936699,0.8940051324091467,0,0,0,0,0,0,1,0,0,0,9.655026193237628
0.07763022965797926,0.8441604251060166,0.9593290219911695,1,0,1,0,0,0,0,0,0,0,10.275085591132715
2.045080951266529,0.3332188544226896,-0.7221201630265447,0,1,1,0,0,0,1,0,0,0,7.972810784121404
1.2253098172629666,1.601110900192427,0.45296585639575,1,0,1,0,0,0,1,0,0,0,9.729193687429403
-0.9060951311462956,-0.6192140808547864,0.300338418441617,1,0,1,0,0,1,0,0,0,0,10.518700218288165
1.717172497665104,2.0878679031967433,0.44425777849660497,1,0,1,0,0,0,1,0,0,0,8.853808274977197
-0.2502782239434457,0.43642905170072166,0.9725320993967961,1,0,1,0,0,0,1,0,0,0,10.596634733096073
-1.070049357947008,-1.1201260577432184,-1.1190408721103908,0,0,1,0,0,0,1,0,0,0,11.512925464970229
3.0288063120708038,1.2989551942998092,-0.4861711460545374,0,0,1,1,0,0,1,0,0,0,8.881975184248867
-0.5781866775448706,0.5162305555367065,1.9935119220953246,0,0,1,1,0,0,0,0,0,0,10.819798284210286
1.5532182708643916,-0.6896104750378225,-1.2453675575433116,1,0,0,0,0,0,1,0,0,0,9.726213236963687
-0.7421409043455831,-0.015886704687162873,1.4037899748670972,0,0,1,1,0,0,1,0,0,0,10.511920715155128
-0.2502782239434457,-0.5221351824249542,-0.5005707263842735,0,0,1,0,0,0,1,0,0,0,11.915058360753719
0.40553868325940423,0.4089328256932078,0.08689836094008634,1,0,1,0,0,0,0,1,0,0,9.797904789961063
0.07763022965797926,-0.9504366849907223,-1.2469924574939044,0,0,1,0,0,0,0,0,0,0,10.463131911491967
-0.5781866775448706,-1.08466292798542,-1.286783934832095,1,0,0,0,0,0,1,0,0,0,11.247670025080003
0.7334471368608292,2.5283752321732798,1.7071433495596946,1,0,1,0,0,0,1,0,0,0,9.132486932771318
0.7334471368608292,1.5821871383152668,0.8762385411502224,0,0,1,0,0,0,1,0,0,0,9.851983709669012
-0.08632399714273321,-0.36696033503224,-0.41074068431956046,1,0,1,0,0,0,1,0,0,0,10.545367754151743
0.5694929100601167,0.6246447873309576,0.1611490798821318,1,0,1,0,0,0,1,0,0,0,9.798182590890704
-1.2340035847477204,-1.111004804518427,-0.8225629577391123,1,0,0,0,0,0,0,1,0,0,10.774759997758618
1.061355590462254,0.24806192597546844,-0.45840230735749277,0,0,1,0,0,0,1,0,0,0,9.392745258631441
-0.08632399714273321,-0.31018904940075925,-0.33318956886800977,0,1,1,0,0,0,1,0,0,0,11.225256725762893
-0.41423245074415815,0.285909449729789,1.0756556951684957,1,0,1,0,0,0,1,0,0,0,10.460270761075149
1.8811267244658165,1.9795861377356323,0.2835264444847987,0,0,1,0,0,0,1,0,0,0,9.04793908261736
2.045080951266529,1.6003728734792178,-0.013997402787732278,0,0,1,1,0,0,1,0,0,0,9.433563920090563
-1.2340035847477204,-0.9195341818453197,0.35443032146907366,0,0,1,0,0,1,0,0,0,0,10.714439990727769
2.372989404867954,-0.10202766875199638,-1.0182244220233747,1,1,1,0,0,0,1,0,0,0,10.12667110305036
-0.9060951311462956,-0.726511810698285,-0.029447700016102613,0,0,1,0,0,0,1,0,0,0,10.789339695269716
-1.2340035847477204,-1.157973581497539,-1.1112857605652358,0,0,1,0,0,0,1,0,0,0,11.49273296168228
1.2253098172629666,0.6719541920238583,-0.2189917498403341,0,0,1,0,0,0,1,0,0,0,8.85366542803745
0.8974013636615417,2.7047636166302906,1.6312473964864957,0,0,1,0,0,0,1,0,0,0,8.160803920954665
-0.5781866775448706,-0.42373162066372083,0.0674911942983359,0,1,1,0,0,0,0,0,1,0,10.819798284210286
-0.08632399714273321,1.7525009952097093,2.484500959205001,1,0,1,0,0,0,1,0,0,0,9.892477160016076
0.7334471368608292,1.2604831864035424,0.5937309062910019,1,0,1,0,0,0,1,0,0,0,9.305741456739435
2.045080951266529,-0.19570029004393968,-1.017695664418023,1,0,1,0,0,0,1,0,0,0,10.462989048226156
-0.9060951311462956,-0.08088982673520836,1.9549108543793152,0,0,1,0,0,0,1,0,0,0,10.18437157048691
0.5694929100601167,1.7903485189640298,1.2635680133780227,0,0,1,0,1,0,0,0,0,0,8.412054873292933
-0.7421409043455831,-0.4805029062952016,0.2613689829272127,1,0,1,0,0,0,1,0,0,0,11.630717389475995
-0.9060951311462956,-0.8681940158725838,-0.46491660105542304,1,0,1,1,0,0,1,0,0,0,11.346233133048466
0.7334471368608292,1.884967328349831,1.1421280798412536,0,0,1,0,0,0,1,0,0,0,8.294299608857235
-0.41423245074415815,-0.25909489233242655,0.11845335588078339,1,0,1,0,0,0,1,0,0,0,10.373522431293592
-0.7421409043455831,-0.35009926319969026,0.5820118248731947,0,0,1,1,0,0,1,0,0,0,10.34177474101152
1.717172497665104,2.3655362612203157,0.6149439060496955,1,0,1,0,0,0,1,0,0,0,8.517393171418904
2.045080951266529,0.6075377065940047,-0.5688227580830427,0,1,0,0,0,0,1,0,0,0,10.106469212026385
1.5532182708643916,0.6652362565574664,-0.36869301374008384,0,0,1,0,0,0,1,0,0,0,8.698847859222488
0.07763022965797926,0.507790557739493,0.5457876988457752,0,0,1,1,0,0,1,0,0,0,9.741027444837728
0.8974013636615417,1.0901693295091,0.3078996521981432,0,0,1,1,0,0,1,0,0,0,9.53885243891622
0.8974013636615417,-1.0728166530503178,-1.464918847024307,0,1,1,0,0,0,1,0,0,0,10.594156665220533
0.7334471368608292,2.5283752321732798,1.7071433495596946,1,0,1,1,0,0,1,0,0,0,8.612685172875459
-0.08632399714273321,1.1847881388949013,1.7089898046894936,0,0,1,0,0,0,1,0,0,0,9.87822102528824
1.8811267244658165,-0.41039036854032285,-1.1156618592228589,0,1,1,0,0,0,1,0,0,0,10.16203685698089
1.2253098172629666,0.40891390193133065,-0.40922007421266726,1,0,1,0,0,0,1,0,0,0,9.635673464721814
0.7334471368608292,1.2604831864035424,0.5937309062910019,0,0,1,1,0,0,1,0,0,0,9.305650551780507
-0.2502782239434457,-0.5145656776740901,-0.48893805906654086,0,0,1,0,0,0,1,0,0,0,10.292179440058462
-1.2340035847477204,-1.0822785339888978,-0.6459790678559312,0,0,1,0,0,0,0,1,0,0,11.275949181024878
-0.5781866775448706,0.2669856878526287,1.4827990512891371,0,0,1,0,0,0,1,0,0,0,10.414333176102122
-0.2502782239434457,-0.36696033503224,-0.2621010463707549,1,0,1,0,0,0,1,0,0,0,10.933124826700707
-0.9060951311462956,-0.07727538821667077,1.96602005166775,1,0,1,0,0,1,0,0,0,0,10.645448706505872
-0.5781866775448706,-0.10202766875199638,0.7266756756365172,1,0,1,0,0,0,1,0,0,0,10.505094936455558
-0.41423245074415815,0.013899296507487377,0.5979186665253856,0,0,0,0,0,0,1,0,0,0,9.862196698118247
-1.070049357947008,-1.217261727458682,-1.5171107477232009,0,0,1,0,0,0,1,0,0,0,10.778977123006351
-0.41423245074415815,-1.0087029478104987,-1.1980986949478574,1,0,1,0,0,0,1,0,0,0,12.037659911047468
-0.08632399714273321,-1.2185296195044517,-1.574007416092822,1,0,1,0,0,0,1,0,0,0,10.491301994830229
-1.070049357947008,-0.9880949711262713,-0.5779667396049212,1,0,0,0,0,0,1,0,0,0,10.709941096725379
0.7334471368608292,0.039900545326705575,-0.4781362965572177,1,0,1,0,0,0,1,0,0,0,9.798182590890704
-0.2502782239434457,0.4846089494399717,1.0465740268741641,0,0,1,0,1,0,0,0,0,0,9.433563920090563
-1.070049357947008,-1.0784937816134659,-0.9484284181169791,0,0,1,1,0,0,1,0,0,0,10.757924157061597
-0.41423245074415815,0.12505747377392676,0.7931480603092752,1,0,1,1,0,0,1,0,0,0,10.308985993422082
0.40553868325940423,-0.48527169428824596,-0.8292323536679456,1,0,1,1,0,0,0,0,0,0,10.915015734297125
-0.2502782239434457,1.960662375858472,3.3149441538320237,0,0,1,0,1,0,0,0,0,0,9.472781556562168
-1.2340035847477204,-1.19175249644827,-1.318928872186763,1,0,0,0,0,0,1,0,0,0,11.560772327227417
0.5694929100601167,1.7950605356714426,1.2680242197812772,1,0,1,0,1,0,0,0,0,0,9.465060106725137
0.24158445645869173,0.938779234491818,0.8324271967068136,0,1,1,0,0,0,1,0,0,0,9.34975442775886
-0.7421409043455831,0.08435246197615502,1.6502629299952158,0,0,1,0,0,0,1,0,0,0,10.782076417226271
-0.5781866775448706,-0.5329974217424441,-0.1563988760102913,0,0,0,0,0,0,1,0,0,0,10.463074768634808
-0.2502782239434457,0.36701669313529783,0.865860540093188,0,0,1,0,0,0,1,0,0,0,10.064798252418377
-0.41423245074415815,-0.23449400189211822,0.16166040591807607,1,0,1,1,0,0,1,0,0,0,10.239995502805316
-1.2340035847477204,-1.23366862900618,-1.5765924532745403,0,0,1,0,0,0,0,1,0,0,11.320565693461432
1.389264044063679,0.46568518756281146,-0.4365910561367441,0,1,1,1,0,0,1,0,0,0,9.392745258631441
0.40553868325940423,-1.0186379227960078,-1.3756769009184353,0,0,1,1,0,0,1,0,0,0,9.417435838868785
1.389264044063679,-0.10770479731514446,-0.8282241891670755,0,0,1,0,0,0,1,0,0,0,9.210440366976517
-1.2340035847477204,-1.2313031587715348,-1.5620516191273746,0,0,1,0,0,0,0,1,0,0,11.350383005783868
0.24158445645869173,1.4733755075215953,1.4299232907539887,1,0,1,0,0,0,1,0,0,0,9.472704636443673
0.24158445645869173,1.183671636944149,1.1061332835409552,0,0,1,0,0,0,1,0,0,0,8.922791623969637
-0.2502782239434457,-0.3442518207796477,-0.22720304441755704,0,0,1,1,0,0,1,0,0,0,10.275085591132715
-0.7421409043455831,-0.877901905715567,-0.7157750717623268,0,0,0,0,0,0,0,1,0,0,11.223922520551032
-1.070049357947008,-1.0114090457589326,-0.6735097138412317,0,0,0,0,0,0,1,0,0,0,10.571291283757406
-0.7421409043455831,0.2386000450368883,2.02953441522257,0,0,1,1,0,0,1,0,0,0,10.292179440058462
-0.9060951311462956,-0.6318930013124837,0.2613689829272127,0,0,1,0,0,0,0,1,0,0,10.838168149521874
-1.070049357947008,-0.9325348062549288,-0.3502766646391681,1,0,1,0,0,0,0,0,0,0,11.6172944892629
0.07763022965797926,0.9491873035242561,1.0884516292180015,0,0,1,0,0,0,1,0,0,0,9.770013301136158
0.07763022965797926,0.8820079488603372,1.0058596912621,0,0,1,1,0,0,1,0,0,0,10.292179440058462
-0.9060951311462956,-0.9867135365092385,-0.8291935781102198,1,0,0,0,0,0,1,0,0,0,11.372524818667134
-0.2502782239434457,-0.08310390687483613,0.17412397804421814,0,0,1,0,0,0,1,0,0,0,9.680093969966709
0.5694929100601167,2.2874378959532753,1.7336709443044844,0,0,1,0,1,0,0,0,0,0,8.412054873292933
-0.9060951311462956,-0.9501339048006878,-0.716763848484334,0,0,1,0,0,0,1,0,0,0,11.407576060361786
0.07763022965797926,-0.4142697397251407,-0.587815731267268,1,0,1,0,0,0,1,0,0,0,11.104972264124868
-0.5781866775448706,0.039900545326705575,1.0174923585798326,0,0,1,0,0,0,1,0,0,0,10.609081944147828
-0.5781866775448706,-0.4142697397251407,0.08687897316122352,1,0,1,0,0,0,1,0,0,0,10.308985993422082
-1.2340035847477204,-1.207932312853242,-1.4183881777533767,1,0,1,0,0,0,0,0,1,0,13.304678267509395
-1.070049357947008,-0.8461478332856922,0.0037441773971611816,0,0,1,0,0,0,1,0,0,0,10.736418414365374
-0.2502782239434457,-0.5353818157389664,-0.5209278941903055,1,0,1,1,0,0,1,0,0,0,10.17068626604651
-1.070049357947008,-1.19941662000852,-1.4439800458523884,0,0,1,0,0,0,1,0,0,0,11.39640288460621
-0.7421409043455831,-0.06739718451679311,1.2771334931116245,0,0,0,1,0,0,1,0,0,0,10.593153681259418
1.8811267244658165,-0.6061188376357914,-1.2302491716679145,0,1,1,1,0,0,1,0,0,0,9.775654181026242
-0.2502782239434457,-0.06847583894379124,0.1966041076357364,1,0,1,0,0,0,1,0,0,0,10.736418414365374
0.8974013636615417,-0.05011978992294579,-0.6266998605546756,1,0,1,0,0,0,1,0,0,0,10.261196961231647
-0.41423245074415815,-0.16920702341591531,0.2763252694785833,0,0,1,1,0,1,0,0,0,0,9.546812608597396
-1.070049357947008,-0.5448058491537922,1.2386681398476553,0,0,1,0,0,0,0,1,0,0,10.373366173968712
-0.5781866775448706,1.06218108569278,3.1121867624839443,0,0,1,0,0,0,1,0,0,0,10.195149195980738
-0.5781866775448706,0.5536806802916067,2.0702487508346343,0,0,1,0,0,0,1,0,0,0,10.518700218288165
-0.9060951311462956,-0.9791440317583745,-0.8059282434747546,1,0,1,0,0,0,1,0,0,0,11.225256725762893
-1.070049357947008,-0.9914444769785287,-0.5916932870398457,1,0,1,0,0,0,0,1,0,0,11.308370569092329
0.7334471368608292,-0.34046706840421564,-0.8121600295378256,1,0,1,1,0,0,1,0,0,0,10.62135173563291
0.5694929100601167,0.25920802172111584,-0.18444851792207526,1,0,1,0,1,0,0,0,0,0,10.757902880692196
0.07763022965797926,1.464708424581856,1.7222458753573455,0,0,1,0,0,0,1,0,0,0,10.043249494911286
-0.5781866775448706,0.2087383487947294,1.3634478846092006,1,0,0,0,0,0,1,0,0,0,10.275016625615446
0.40553868325940423,0.46568518756281146,0.1450423097498866,1,0,1,0,0,0,1,0,0,0,9.901034546375062
-0.7421409043455831,-0.7957917029305687,-0.5138784977957596,0,0,0,0,0,0,1,0,0,0,10.452937557838887
0.5694929100601167,0.011514902510965184,-0.4186946448786939,0,0,1,0,0,0,1,0,0,0,9.305650551780507
-0.2502782239434457,-0.06947879832328073,0.19506277921613682,0,0,0,1,1,0,0,0,0,0,10.596609732783568
0.7334471368608292,0.5224564731942922,-0.05437484426838673,1,0,1,1,0,0,1,0,0,0,9.38437770918244
1.389264044063679,1.0333980438776194,-0.048835478878990236,0,0,1,0,0,0,1,0,0,0,8.81744592104187
0.40553868325940423,0.5319183541328724,0.21289953576999357,1,0,1,1,0,0,1,0,0,0,9.674137279312397
-0.5781866775448706,-0.26666439708329065,0.38932832342227147,0,0,1,0,0,0,1,0,0,0,10.785104020476263
-0.9060951311462956,-1.128092961493503,-1.2637318657641217,0,0,0,0,0,0,1,0,0,0,10.629343907505778
-0.08632399714273321,0.0982235794321135,0.2247131556904464,1,0,1,1,0,0,1,0,0,0,10.463131911491967
-0.41423245074415815,-0.9819825960399485,-1.1511691913688904,0,1,1,1,0,0,1,0,0,0,10.896757843893464
-0.9060951311462956,0.2217011256805842,2.8849426064320376,0,0,0,0,0,0,1,0,0,0,10.59653472809574
3.6846232192736537,0.7870674355226241,-0.8220467581268879,1,0,1,0,0,0,0,0,1,0,9.635673464721814
-0.2502782239434457,0.2007525212825678,0.6103490024591911,0,0,1,0,0,0,1,0,0,0,10.63106031411106
-1.070049357947008,-0.8324848772103824,0.05973608275318069,0,0,1,0,0,0,0,0,0,0,11.141876276228
3.0288063120708038,2.7933078984535236,0.1699694540021707,0,0,1,0,0,0,1,0,0,0,10.184937747111391
0.07763022965797926,0.6359990444572537,0.703410341001052,0,0,1,0,0,0,1,0,0,0,10.203629181337648
-1.070049357947008,-1.0552554020283131,-0.8531956483424747,1,0,1,0,0,0,1,0,0,0,11.270866642542865
0.7334471368608292,0.34769553225871724,-0.20784296238161643,1,0,1,0,0,0,1,0,0,0,9.104535313079205
-0.9060951311462956,-1.1522964529343909,-1.3381227732610217,1,0,0,0,0,0,1,0,0,0,11.561725152903833
-1.070049357947008,-1.09552516730291,-1.0182244220233747,1,0,1,0,0,1,0,0,0,0,11.338583982516495
0.07763022965797926,0.8252366632288564,0.9360636873557043,0,0,1,1,0,0,1,0,0,0,8.935903526274423
-0.41423245074415815,-0.19664647813779768,0.22813279059083377,0,0,1,0,0,0,1,0,0,0,10.542732775946709
-0.41423245074415815,-0.4518334070513038,-0.22005726306523568,1,0,1,0,0,0,1,0,0,0,10.248919530528813
1.2253098172629666,-1.0868202368394164,-1.49092127985218,1,0,1,0,0,0,1,0,0,0,11.308370569092329
0.07763022965797926,-0.21557024001495795,-0.3435297175948832,1,1,1,1,0,0,1,0,0,0,9.903337541285003
1.717172497665104,1.2226356626492219,-0.08761103660476569,0,0,1,0,1,0,0,0,0,0,8.881975184248867
-1.070049357947008,-1.1002561077722002,-1.0376122008862627,0,1,1,0,0,0,1,0,0,0,10.480662556843653
0.5694929100601167,0.020976783449545313,-0.40974643924966886,0,0,1,0,0,0,1,0,0,0,9.901034546375062
-0.9060951311462956,-0.6271620608431936,0.2759098170743785,0,0,1,1,0,0,1,0,0,0,10.491301994830229
-1.070049357947008,-1.0731762045259838,-0.9266365546750934,0,0,1,0,0,1,0,0,0,0,11.314486721293981
0.40553868325940423,0.7205125650006515,0.4061181399175321,0,0,1,1,0,0,1,0,0,0,9.561067663645012
-1.2340035847477204,-1.2337254002918114,-1.5769414332940723,1,0,1,0,0,1,0,0,0,0,11.350418300109132
-0.08632399714273321,1.014474282000459,1.4763364583348413,0,0,1,0,0,0,1,0,0,0,10.307317991967832
1.5532182708643916,0.6227524111432416,-0.3961828433488308,1,0,1,1,0,0,1,0,0,0,9.674137279312397
-0.9060951311462956,-1.0633547721117376,-1.0647550912943053,1,0,1,1,0,0,0,1,0,0,11.173262142245258
-0.7421409043455831,-1.1125565529923542,-1.2927553707218644,1,0,1,0,0,0,1,0,0,0,11.766799946849087
-1.070049357947008,-0.9604852025474945,-0.4648196621611085,0,0,0,0,0,0,1,0,0,0,10.749355820113736
0.24158445645869173,-0.3858840969094003,-0.6480940982773371,0,1,1,1,0,0,1,0,0,0,10.12667110305036
-0.2502782239434457,-0.19664647813779768,-0.00036603172177107916,1,0,1,0,0,0,1,0,0,0,10.434145214930487
-1.2340035847477204,-1.1810984185114288,-1.2534369551879283,0,0,0,0,0,0,1,0,0,0,10.725445626675544
0.07763022965797926,0.8441604251060166,0.9593290219911695,0,0,1,1,1,0,0,0,0,0,10.184900011974314
-0.9060951311462956,-0.6473915622898779,0.21373321026109768,0,0,1,1,0,0,1,0,0,0,10.655917278259798
0.5694929100601167,0.8441604251060166,0.36874745047551366,1,0,1,0,0,0,1,0,0,0,9.65509029374725
0.07763022965797926,1.0996312104476802,1.27341103956995,0,0,1,0,0,0,1,0,0,0,10.152337836193743
1.061355590462254,1.7631739969084275,0.7057950378011872,1,0,1,0,0,0,1,0,0,0,9.076923258535832
-0.9060951311462956,-0.8120472143830494,-0.2923459813968597,1,0,1,0,0,0,1,0,0,0,11.81894585784987
-0.9060951311462956,-1.1996058576272914,-1.4835311147326793,0,0,1,0,0,0,1,0,0,0,10.571342565808699
-0.08632399714273321,-0.46971636202522027,-0.5511082032868675,0,1,1,1,0,0,1,0,0,0,10.32518683708304
2.536943631668666,-0.4805029062952016,-1.2276124337425618,1,0,1,0,0,0,1,0,0,0,9.642187721358466
1.8811267244658165,1.6389584239467476,0.08410929046652539,0,0,1,1,0,0,1,0,0,0,8.987196820661973
0.8974013636615417,1.2226356626492219,0.4164712138303141,0,0,1,0,0,0,1,0,0,0,9.648659816955295
-1.070049357947008,-0.7832641725678886,0.2614465340426642,0,0,0,0,0,0,1,0,0,0,10.768463937169544
-0.9060951311462956,-0.059316738195245675,2.021217058090391,0,0,0,0,0,0,1,0,0,0,10.659398242331683
-0.7421409043455831,-0.8369319612515151,-0.6150361727907624,0,0,0,0,0,0,1,0,0,0,10.738698372359542
-0.5781866775448706,-0.7241841879873943,-0.5481483357137998,1,0,1,0,0,1,0,0,0,0,10.5506169722625
1.061355590462254,1.298330710157863,0.34861398781020736,0,1,1,1,0,0,1,0,0,0,9.15915233520675
2.700897858469379,-0.12473618300458869,-1.0737032969233304,0,0,1,0,0,0,1,0,0,0,9.61587214452889
0.40553868325940423,0.6170752825800936,0.3001445406529882,1,0,1,1,0,0,1,0,0,0,9.648659816955295
-0.41423245074415815,0.09582026167371414,0.7417981431495697,1,0,1,0,0,0,1,0,0,0,10.733261330627899
0.40553868325940423,1.302247928866435,1.0021178499415626,0,0,1,1,0,0,1,0,0,0,8.612685172875459
-1.2340035847477204,-1.114770633131982,-0.8457119657014002,1,0,0,0,0,0,1,0,0,0,11.481445117743048
0.40553868325940423,0.8820079488603372,0.5715734447334159,0,0,1,0,0,0,1,0,0,0,9.210340371976184
-1.2340035847477204,-1.1494957361765712,-1.0591714109817936,1,0,0,0,0,0,0,1,0,0,10.770567031595471
-0.9060951311462956,-0.6114553384851507,0.32418538644296885,0,0,1,0,0,0,1,0,0,0,10.775847295304315
-1.070049357947008,-1.03635056391303,-0.7757220840063755,1,0,0,0,0,0,1,0,0,0,11.502885230075814
0.5694929100601167,0.8252366632288564,0.35085103921746363,1,0,1,1,0,0,0,1,0,0,9.612198984490236
-0.7421409043455831,-0.39795745698702856,0.4643357622870113,0,0,1,0,0,0,1,0,0,0,10.832872183921442
-0.5781866775448706,-0.10645582903125188,0.7176021951286858,1,0,0,0,0,0,1,0,0,0,10.199918739620157
-1.2340035847477204,-1.2187377808851005,-1.4848107081376298,1,0,1,0,0,0,1,0,0,0,11.719541180998819
-1.070049357947008,-0.9540511235092599,-0.4384522829075813,0,0,1,0,0,0,1,0,0,0,10.819778284410283
0.24158445645869173,0.3655595634707565,0.19176333175874363,1,0,1,0,0,0,1,0,0,0,9.53249633228804
-1.2340035847477204,-0.8566883686512704,0.7407512030909738,1,0,1,0,0,0,1,0,0,0,10.760558924750312
-0.9060951311462956,-1.0115415120920728,-0.9055038757145457,1,0,0,0,0,0,1,0,0,0,12.250094315624496
-0.7421409043455831,-0.2534177637692785,0.8197370141783782,0,0,1,0,0,0,0,1,0,0,10.915106645867503
-0.5781866775448706,1.3390167981937575,3.6794343964543126,1,0,1,1,0,0,1,0,0,0,10.021315031649332
-0.7421409043455831,-0.6460858227203539,-0.14577437319342876,0,0,1,0,0,0,1,0,0,0,10.657282884047461
1.5532182708643916,1.9795861377356323,0.4817774163158307,1,0,1,0,0,0,1,0,0,0,8.922791623969637
-0.5781866775448706,-0.23875184831447926,0.4465222710677903,0,0,1,0,0,0,1,0,0,0,10.59162219127253
-0.5781866775448706,-0.10240614398953958,0.7259001644820017,0,0,1,0,0,0,1,0,0,0,10.275085591132715
-0.5781866775448706,-0.33215953694014233,0.25512611813336294,0,0,1,0,0,0,1,0,0,0,10.126311052639412
-0.08632399714273321,0.1856135117808396,0.3440901727422,0,0,1,0,1,0,0,0,0,0,9.99884318585288
-0.5781866775448706,-0.9162225235168167,-0.9416426955149685,1,0,1,0,0,1,0,0,0,0,10.203258756085228
-1.070049357947008,-0.5618750823669907,1.1687170337103565,1,0,1,1,0,0,1,0,0,0,10.857093336791094
-0.5781866775448706,-0.9917283334066861,-1.0963571708408124,1,0,1,1,0,0,1,0,0,0,11.472113887062386
-0.7421409043455831,-0.46292273151131974,0.3045959746799072,0,0,1,1,0,0,1,0,0,0,10.709985739582528
-0.41423245074415815,-0.6986938807388594,-0.6536233920932982,1,0,1,1,0,0,1,0,0,0,11.901590234400047
0.8974013636615417,0.49492239966302404,-0.17997441510756262,1,0,1,0,0,0,1,0,0,0,9.472781556562168
2.700897858469379,1.7525009952097093,-0.1860412985240416,0,0,1,1,0,0,1,0,0,0,7.824445930877619
-0.41423245074415815,0.5603039969486128,1.5575804840459895,1,0,1,0,0,0,1,0,0,0,9.798182590890704
-0.41423245074415815,-0.14574155868823657,0.3175381479756929,0,0,1,1,0,0,1,0,0,0,9.674137279312397
0.07763022965797926,1.9322767330427317,2.2970857635304203,0,0,1,0,0,0,1,0,0,0,9.798182590890704
-1.070049357947008,-1.0926487554975817,-1.0064366524747392,0,0,0,0,0,0,1,0,0,0,10.596609732783568
-0.41423245074415815,-0.7454355725754452,-0.7357167871641542,0,0,1,0,0,0,1,0,0,0,10.571342565808699
2.045080951266529,0.3332188544226896,-0.7221201630265447,0,0,1,0,0,0,1,0,0,0,9.259225769705994
1.061355590462254,1.657882185823908,0.6248898366063569,1,0,1,0,0,0,1,0,0,0,9.071193240566025
-1.070049357947008,-1.19941662000852,-1.4439800458523884,1,0,1,0,0,0,1,0,0,0,10.915106645867503
0.5694929100601167,-0.3858840969094003,-0.7945192812977476,1,0,1,0,0,0,1,0,0,0,10.633472802314019
-1.070049357947008,-1.1616826388254624,-1.2893431216419962,0,0,1,0,0,0,1,0,0,0,10.146472946063877
1.2253098172629666,0.6170752825800936,-0.25867967363024524,1,0,1,0,0,0,1,0,0,0,9.546741177474825
-0.41423245074415815,-0.3392181001203231,-0.02226868247144471,0,0,0,0,0,0,1,0,0,0,9.595602772766828
-0.41423245074415815,-0.618703139284103,-0.5131340070874247,0,0,1,1,0,0,1,0,0,0,9.674137279312397
-0.2502782239434457,0.8063129013516961,1.5409623878778003,1,0,1,0,0,0,1,0,0,0,10.165851817003619
-0.2502782239434457,-0.0452563831205156,0.2322873146328812,1,0,1,1,0,0,1,0,0,0,10.645448706505872
1.061355590462254,0.8630841869831769,0.014174802425394688,0,0,1,0,0,0,1,0,0,0,8.974744612722734
-0.2502782239434457,1.7903485189640298,3.05320913918304,0,0,1,1,0,0,1,0,0,0,8.955577146281511
-1.070049357947008,-1.1806820957501312,-1.3672044415553533,0,0,1,0,0,0,1,0,0,0,11.477308649967686
0.07763022965797926,-0.2647720208955746,-0.4040195876470928,1,0,1,0,0,0,1,0,0,0,10.668978650219241
-1.070049357947008,-0.9862404424623096,-0.5703667302906692,0,0,0,0,0,0,1,0,0,0,10.659609532257463
-1.2340035847477204,-1.2019334803381823,-1.3815126223561642,1,0,1,0,0,0,1,0,0,0,12.133238477128485
-0.9060951311462956,-0.9781978436645165,-0.8030200766453215,0,0,1,0,0,0,1,0,0,0,11.225256725762893
0.8974013636615417,1.2604831864035424,0.44749166001093454,1,0,1,1,0,0,1,0,0,0,9.04793908261736
-0.5781866775448706,-0.8684400247769869,-0.8437344122573855,0,0,1,0,0,0,1,0,0,0,10.12667110305036
-1.070049357947008,-0.9831558692763325,-0.5577258984720664,0,0,0,0,0,0,1,0,0,0,10.749355820113736
1.389264044063679,1.2037119007720616,0.0674911942983359,0,0,1,0,0,0,1,0,0,0,9.79540110267107
-0.08632399714273321,0.06828618814244597,0.18381786747566203,1,0,1,0,0,0,1,0,0,0,10.505094936455558
-1.070049357947008,-0.578906468056435,1.098921029803961,1,0,1,0,0,0,1,0,0,0,10.736418414365374
1.061355590462254,-0.8305925010226665,-1.2872298537459415,1,0,1,1,0,0,1,0,0,0,9.798182590890704
-0.2502782239434457,0.6889855777133025,1.3606560444529447,0,0,1,0,0,0,1,0,0,0,10.505094936455558
-0.9060951311462956,-0.46063295632418333,0.7877471790546136,0,0,1,0,0,0,1,0,0,0,11.049317340813348
-0.41423245074415815,0.16290499752824728,0.8596204449820327,0,0,1,0,0,0,1,0,0,0,10.238208256118535
-0.08632399714273321,0.16290499752824728,0.31306972656158,0,0,1,0,0,0,1,0,0,0,10.373522431293592
-0.08632399714273321,0.2375592381336445,0.415049443380369,1,0,1,1,0,0,1,0,0,0,10.308985993422082
-0.9060951311462956,-0.9327808151593319,-0.66342806883253,0,0,1,0,0,0,1,0,0,0,10.146472946063877
-1.070049357947008,-1.1125565529923542,-1.0880204259297706,0,0,1,1,0,0,1,0,0,0,11.196857635323791
0.8974013636615417,3.455639564154133,2.246677538486912,0,0,1,1,1,0,0,0,0,0,9.546884034617925
0.8974013636615417,0.34268073536126975,-0.30475415986910775,1,0,1,0,0,0,1,0,0,0,8.77971129020447
-0.08632399714273321,0.37106637817701016,0.5974238165505995,0,0,1,0,0,0,1,0,0,0,10.396688774948379
1.5532182708643916,0.64735330158355,-0.3802644564929861,0,0,1,0,0,0,1,0,0,0,8.612685172875459
0.8974013636615417,0.6638548219404337,-0.04151465358036394,0,0,1,0,0,0,1,0,0,0,9.207937487359873
-0.41423245074415815,-0.5183504300495221,-0.33688247912760744,1,0,1,0,0,0,1,0,0,0,10.373522431293592
2.2090351780672415,0.8536223060445968,-0.48211018911917597,0,1,1,0,0,0,1,0,0,0,10.203629181337648
-0.2502782239434457,0.07375515532494528,0.4151819265359322,1,0,1,1,0,0,1,0,0,0,9.952182474074887
-0.2502782239434457,-0.7454355725754452,-0.8437344122573855,1,0,1,0,0,0,1,0,0,0,10.725489582719506
0.07763022965797926,1.7808866380254496,2.110963086446698,1,0,1,1,0,0,1,0,0,0,9.841665338892785
0.40553868325940423,-0.8788480938094251,-1.2324593784582838,1,0,1,0,0,0,1,0,0,0,11.26446410567173
-0.08632399714273321,0.5697658778871929,0.868852720631027,0,0,1,0,0,0,1,0,0,0,9.90353755128617
-1.2340035847477204,-1.2281807380618035,-1.5428577180531158,1,0,1,0,0,0,1,0,0,0,11.736069016284437
-0.2502782239434457,0.3919014400037636,0.904102933900234,1,0,1,1,0,0,1,0,0,0,11.195168990711622
-0.2502782239434457,-0.5561979538038426,-0.5529177293140702,0,0,1,0,0,0,1,0,0,0,9.952325334619427
-0.9060951311462956,-0.5647136466485647,0.46784882781696663,0,0,1,1,0,0,1,0,0,0,10.165390172000421
1.389264044063679,1.3260540213079026,0.15105252119738172,0,0,1,0,0,0,1,0,0,0,9.664659134301736
-0.2502782239434457,-0.3858840969094003,-0.29118271466508644,0,0,1,0,0,0,1,0,0,0,10.308952660644293
2.2090351780672415,1.0523218057547796,-0.37589887882683487,1,0,1,0,0,0,1,0,0,0,8.75605259917045
-0.5781866775448706,-0.6886642869439644,-0.47536661386251955,1,0,1,0,0,0,1,0,0,0,10.448743588106625
2.045080951266529,0.9606740269836924,-0.37147984461376266,0,0,1,0,0,0,1,0,0,0,9.564582358673212
-1.2340035847477204,-1.212190159275603,-1.4445616792182752,1,0,1,0,0,0,1,0,0,0,12.517047570877859
-0.5781866775448706,-0.14365994488174896,0.6413694486398116,1,0,1,0,0,0,1,0,0,0,10.933106969717286
-1.2340035847477204,-1.2090677385658717,-1.4253677781440164,0,0,1,0,0,0,1,0,0,0,10.915106645867503
-0.9060951311462956,-0.9849347028927855,-0.8237262244708855,1,0,1,0,0,0,0,0,0,0,10.942013616092948
-0.08632399714273321,1.310725774187403,1.8810240291328502,0,0,1,0,0,0,1,0,0,0,9.801011760946892
-0.7421409043455831,-0.7545189782764822,-0.4123951081158603,1,0,0,0,0,0,1,0,0,0,11.349241150793087
-0.2502782239434457,0.4467614256856512,0.9884106902855011,0,0,1,0,0,0,1,0,0,0,10.308952660644293
-0.2502782239434457,1.5632633764381065,2.7042291196510617,0,0,1,0,0,0,1,0,0,0,9.472781556562168
0.24158445645869173,-0.2534177637692785,-0.500041968778922,1,0,1,1,0,0,1,0,0,0,10.518700218288165
-0.08632399714273321,0.48816661667287786,0.7573859173553313,1,0,1,0,0,0,1,0,0,0,10.30881931842128
0.40553868325940423,0.7392660130209173,0.42533142877065394,1,0,1,0,0,0,1,0,0,0,9.792611856190192
-0.9060951311462956,-0.7793658776211936,-0.19189789910823857,0,0,1,0,0,0,1,0,0,0,10.678928750822154
-1.2340035847477204,-1.1825744719378473,-1.2625104356957597,1,0,1,0,0,0,1,0,0,0,11.674202123168433
-0.9060951311462956,-0.49749644446089153,0.6744449993798979,1,0,0,0,0,0,1,0,0,0,10.855126123041925
0.7334471368608292,0.7118833295846665,0.11197229837518966,1,0,1,0,0,0,1,0,0,0,9.510519035757246
-1.2340035847477204,-1.1670380634366988,-1.167006237017175,1,0,1,0,0,0,1,0,0,0,11.151180547551608
-0.41423245074415815,-0.626972823224422,-0.5276582231384223,0,0,1,0,0,0,1,0,0,0,9.95227771670556
-0.2502782239434457,2.6905707952224205,4.4366531816126855,0,0,1,1,0,0,1,0,0,0,9.952325334619427
0.24158445645869173,-0.5580903299915587,-0.8405618666252768,0,0,1,1,1,0,0,0,0,0,10.236417809461043
-0.7421409043455831,-0.40480785878656056,0.44749166001093454,0,0,1,0,0,0,1,0,0,0,10.46310334047155
-0.41423245074415815,-0.42789484827669605,-0.17801347975971626,0,0,1,1,0,0,1,0,0,0,10.623787731088578
-0.5781866775448706,-0.14933707344489702,0.629736781322079,1,0,1,0,0,0,1,0,0,0,10.403990075979044
-0.5781866775448706,-1.1844668481255634,-1.4912862262778344,0,1,1,0,0,0,1,0,0,0,11.418625774449598
-1.070049357947008,-0.664044472741779,0.7500185613874342,0,0,1,0,0,0,1,0,0,0,11.13343507403426
-0.41423245074415815,-1.1254625585925777,-1.4031660016633152,1,0,0,0,0,0,1,0,0,0,12.100161978566867
0.8974013636615417,0.47145693493534535,-0.1992070917395473,0,0,1,0,0,0,1,0,0,0,9.392745258631441
-0.41423245074415815,-0.4521172634794612,-0.2205558059502813,1,0,1,0,0,0,0,0,0,0,11.0186455364637
-0.41423245074415815,-0.3291128112779195,-0.004520555763818501,1,0,1,0,0,0,1,0,0,0,10.373522431293592
-1.070049357947008,-1.1163413053677864,-1.1035306490200805,0,0,1,0,0,0,1,0,0,0,10.633472802314019
-0.9060951311462956,-0.40480785878656056,0.9593290219911695,0,0,1,1,0,0,0,0,0,0,11.19822841866684
-0.9060951311462956,-0.7469873210493724,-0.09238043020503606,1,0,1,0,0,0,1,0,0,0,10.373522431293592
2.045080951266529,1.4799988241786015,-0.08126594534054796,0,1,1,0,0,0,1,0,0,0,8.34283980427146
-1.070049357947008,-0.9767407139999751,-0.5314360703339908,1,0,1,1,0,0,1,0,0,0,10.591069274623191
-0.5781866775448706,-0.6886642869439644,-0.47536661386251955,0,0,1,1,0,0,1,0,0,0,10.809748150372926
-0.5781866775448706,-0.8888587638424429,-0.8855732390434973,1,0,0,0,0,0,0,0,0,1,11.350418300109132
-0.2502782239434457,-0.7993493701634748,-0.9265880852279361,1,0,1,0,0,0,1,0,0,0,11.344518647594766
-0.5781866775448706,0.8820079488603372,2.7430046773768373,0,0,1,0,0,0,0,0,0,0,11.034825145816942
0.24158445645869173,0.3953077171416524,0.22501160998324485,0,0,1,0,0,0,1,0,0,0,9.846970109700957
-0.41423245074415815,-0.6886642869439644,-0.6360082101550174,0,0,1,0,0,0,1,0,0,0,9.87822102528824
-0.5781866775448706,-0.739020417299088,-0.5785483729708079,0,0,1,1,0,0,1,0,0,0,10.511920715155128
-0.9060951311462956,-0.9625668163539821,-0.7549771606230857,1,0,0,0,0,0,1,0,0,0,11.289769413577893
-1.2340035847477204,-1.1129161044680203,-0.8343119517300221,1,0,0,0,0,0,1,0,0,0,11.000448478455008
0.40553868325940423,-0.7656272264983752,-1.1164622975216267,1,0,1,1,0,0,1,0,0,0,10.602890127258581
-0.5781866775448706,-0.820392593370877,-0.745283271191642,1,0,1,0,0,0,1,0,0,0,11.643874776891703
-0.9060951311462956,-0.7437702815302552,-0.08249266298496333,0,0,0,0,0,0,1,0,0,0,10.555395985079477
0.7334471368608292,0.21967628315972806,-0.32026438295941795,1,0,1,0,0,0,1,0,0,0,10.373522431293592
-1.2340035847477204,-1.2155775126516148,-1.4653841537170165,1,0,1,0,0,1,0,0,0,0,10.91328684226798
3.6846232192736537,1.9417386139813118,-0.378427719548081,0,1,1,0,0,0,0,0,1,0,8.853808274977197
-0.7421409043455831,-0.5562168775657198,0.07519977517422002,1,0,0,0,0,0,0,1,0,0,10.995394074389191
-1.070049357947008,-1.2026904308132687,-1.4573963888255068,1,0,0,0,0,0,1,0,0,0,12.100161978566867
0.07763022965797926,0.13128339143151246,0.08290060093855889,1,0,1,0,0,0,1,0,0,0,10.292179440058462
-0.9060951311462956,-1.1068794244292062,-1.1985307654482302,1,0,1,0,0,1,0,0,0,0,11.289781913656018
0.8974013636615417,0.08720995001960623,-0.5141421715882948,0,1,1,0,0,0,1,0,0,0,9.99884318585288
1.2253098172629666,1.136911021345686,0.11726076309694879,1,0,1,0,0,0,1,0,0,0,8.987321812850125
1.2253098172629666,-0.3991307302234125,-0.9935905382917057,0,1,1,0,0,0,1,0,0,0,11.034905792929415
2.2090351780672415,1.3551019957893438,-0.21405307266707665,0,0,1,0,0,0,0,0,0,0,9.61587214452889
0.07763022965797926,1.0858168642773531,1.2564273452860606,0,0,1,0,1,0,0,0,0,0,10.221941283654663
-0.7421409043455831,0.2518466783509005,2.0621058837122215,0,0,1,0,0,0,1,0,0,0,9.798182590890704
2.045080951266529,0.4183757828699108,-0.6745319785449112,0,0,1,0,0,0,1,0,0,0,9.740968623038354
1.061355590462254,1.1772186341440372,0.2555526492683464,0,0,1,0,1,0,0,0,0,0,9.87822102528824
0.7334471368608292,0.9259678477009805,0.2999728203259169,0,0,1,0,0,0,1,0,0,0,8.699681400989514
1.717172497665104,1.8373172959431414,0.2902412632098252,0,1,1,0,0,0,1,0,0,0,9.305741456739435
1.061355590462254,0.2744227262703527,-0.4381469253904908,0,0,1,0,0,0,1,0,0,0,9.674137279312397
0.07763022965797926,0.060243589344652855,-0.004437465282977494,0,0,1,1,0,0,1,0,0,0,10.165890277802454
-0.2502782239434457,0.1447949574118049,0.5243545093128528,1,0,1,0,0,0,1,0,0,0,10.341452118734878
-0.9060951311462956,0.14087773870323272,2.636526995861858,1,0,1,0,0,0,1,0,0,0,10.62135173563291
-0.7421409043455831,0.503532711317132,2.6809637850155963,0,0,1,0,0,0,1,0,0,0,10.308952660644293
1.061355590462254,2.1309762327529143,0.9884106902855011,1,0,1,1,0,0,1,0,0,0,8.412054873292933
-0.9060951311462956,-0.788032960560933,-0.21853670726584626,1,0,0,0,0,1,0,0,0,0,10.491274217438248
0.24158445645869173,-0.25228233805664885,-0.4987729505260784,0,1,1,1,0,0,1,0,0,0,9.61587214452889
-0.9060951311462956,-0.6638930826467617,0.1630147807557835,1,0,0,0,0,0,0,1,0,0,11.06035302593416
-0.7421409043455831,-0.8842413659444157,-0.7313628459680885,0,0,1,0,0,0,1,0,0,0,10.481392217583796
-0.7421409043455831,-0.7188666108999122,-0.32473132720942727,1,0,0,0,0,0,1,0,0,0,12.206032644730152
0.5694929100601167,0.2386000450368883,-0.20393770978209183,0,0,1,1,0,0,1,0,0,0,9.99884318585288
-0.5781866775448706,0.012934184651752204,0.9622371888206027,0,0,0,0,0,0,1,0,0,0,10.075548313621022
0.40553868325940423,0.030438664388125446,-0.30087660409653033,0,0,1,0,0,0,1,0,0,0,9.648659816955295
-1.2340035847477204,-1.2327224409123219,-1.570776119615674,0,0,0,0,0,1,0,0,0,0,11.487617913343598
-0.41423245074415815,0.3805282591155903,1.24183665685039,0,0,1,1,0,0,1,0,0,0,10.48849257447637
0.5694929100601167,1.5045997146189098,0.9933322033814648,0,0,1,0,0,0,1,0,0,0,8.699681400989514
-0.2502782239434457,-0.48428765867063367,-0.4424073897956104,1,0,1,0,0,0,1,0,0,0,11.502885230075814
-1.070049357947008,-1.0595700197363056,-0.8708773026654283,0,0,1,0,0,1,0,0,0,0,10.373491181781864
1.2253098172629666,0.03617256423690501,-0.6787831896919371,0,0,1,0,0,0,1,0,0,0,8.497194544909547
-1.2340035847477204,-0.9870541642230275,-0.06062324842762602,0,0,1,0,0,1,0,0,0,0,10.714439990727769
1.389264044063679,-0.007408859366195077,-0.7597207038515389,0,0,1,1,0,0,1,0,0,0,10.430757228718052
-0.7421409043455831,0.10991846427219853,1.713125864180243,0,0,1,0,0,0,1,0,0,0,9.846970109700957
-0.9060951311462956,-1.1564029092617347,-1.3507442173007616,1,0,1,0,0,0,1,0,0,0,13.081533049516018
1.389264044063679,-0.3858840969094003,-1.0182244220233747,0,1,1,0,0,0,1,0,0,0,8.974744612722734
-0.41423245074415815,-0.5997226061213112,-0.47979810617403656,0,0,1,1,1,0,0,0,0,0,9.392745258631441
-0.5781866775448706,-0.6089195543936111,-0.31196641360610194,1,0,1,0,0,0,0,0,0,1,10.680539205318292
-0.7421409043455831,-0.7623155681698722,-0.4315657438554835,1,0,0,0,0,0,1,0,0,0,11.097425172408931
-0.7421409043455831,-0.5325810989811466,0.1333165810936122,0,0,1,0,0,0,0,1,0,0,10.905974329106854
0.24158445645869173,-0.19664647813779768,-0.4365910561367441,0,1,1,0,0,0,1,0,0,0,10.308985993422082
-1.070049357947008,-0.2939146141864014,2.2668408285043156,1,0,1,1,0,0,1,0,0,0,10.771553960123265
0.7334471368608292,0.669683340598599,0.0749139439201271,1,0,1,1,0,0,1,0,0,0,9.392745258631441
-1.070049357947008,-0.7365792520169342,0.45276513586163986,0,0,1,1,0,0,1,0,0,0,10.23552138255841
1.389264044063679,0.9955505201232987,-0.07468585069617387,0,0,1,0,0,0,1,0,0,0,8.188966863648876
0.40553868325940423,-0.1833998448237855,-0.5199585052471611,1,0,1,0,0,0,1,0,0,0,10.211009016314165
1.2253098172629666,1.9795861377356323,0.7266756756365172,1,0,1,0,0,0,1,0,0,0,8.853808274977197
-0.2502782239434457,-0.5301777812227473,-0.5129304354093643,1,0,1,0,0,0,1,0,0,0,10.221977646629885
0.24158445645869173,0.40546977726968747,0.23636932334619473,1,0,1,0,0,0,0,0,0,0,10.419330568113901
0.07763022965797926,0.6927703300887346,0.7732063449074478,0,1,1,1,0,0,1,0,0,0,9.798182590890704
-0.7421409043455831,-0.3452547801591372,0.5939236762065526,0,0,1,0,0,0,1,0,0,0,10.070103079508465
-1.2340035847477204,-1.1816282838439893,-1.2566941020368934,0,0,1,0,0,0,1,0,0,0,11.218567827096358
-0.08632399714273321,0.10613371189676649,0.2355186111100291,1,0,1,0,0,0,1,0,0,0,9.975854724662028
-1.070049357947008,-0.890524054887633,-0.17811318833672543,0,0,0,0,0,0,1,0,0,0,10.635855446249355
0.8974013636615417,0.7873891394745359,0.05973608275318069,0,0,1,0,0,0,1,0,0,0,8.682877107057168
1.717172497665104,0.3899901400541704,-0.5994483985850007,0,0,1,0,0,0,1,0,0,0,10.021315031649332
-0.2502782239434457,0.22535341172287612,0.6481551712418221,1,0,1,0,0,0,1,0,0,0,10.308985993422082
-0.2502782239434457,-0.8557232567955353,-1.0132223750767497,0,0,1,0,0,0,1,0,0,0,10.768506042432708
0.5694929100601167,-0.40480785878656056,-0.8124156925557977,1,0,1,1,0,0,1,0,0,0,10.008883067581468
0.07763022965797926,2.1536847470055065,2.5692901787653635,0,0,1,1,0,0,1,0,0,0,9.680406499268875
-0.08632399714273321,-0.48523384676449166,-0.5723055081769579,1,0,1,0,0,0,0,1,0,0,9.998615897627705
-0.7421409043455831,-0.3844458910067361,0.4975586601464559,1,0,0,0,0,0,1,0,0,0,10.968181048000611
-0.9060951311462956,-0.5067690877807001,0.645944964451453,0,0,0,0,0,0,1,0,0,0,10.651193938585422
-1.2340035847477204,-1.0671395244871698,-0.5529177293140702,0,0,1,0,0,0,1,0,0,0,11.320565693461432
0.40553868325940423,0.23167394818984766,-0.09470696366858258,0,0,0,0,0,0,1,0,0,0,10.11013580132114
-0.5781866775448706,0.5981515207029333,2.161371311490206,0,0,1,1,0,0,0,0,0,0,10.714439990727769
0.07763022965797926,0.0635552476731559,-0.00036603172177107916,1,1,1,0,0,0,1,0,0,0,10.165851817003619
-0.08632399714273321,-0.24632135306534336,-0.24594456398501519,1,0,1,1,0,0,1,0,0,0,10.791399385808587
0.7334471368608292,0.5135623051120269,-0.06218534946743574,0,0,1,1,1,0,0,0,0,0,9.825580063659602
-1.070049357947008,-0.8867393025122009,-0.1626029652464152,0,0,1,0,0,0,1,0,0,0,10.570778318550847
0.07763022965797926,0.4278376638084909,0.44749166001093454,1,0,1,0,1,0,0,0,0,0,9.87822102528824
0.5694929100601167,0.7684653775973757,0.29716180544331317,0,1,1,0,0,0,1,0,0,0,9.61587214452889
-0.7421409043455831,0.07750206017662302,1.633418827719139,0,0,1,0,0,0,1,0,0,0,10.373522431293592
-0.41423245074415815,0.9766267582461385,2.288776715446325,1,0,1,0,0,0,1,0,0,0,9.741027444837728
0.5694929100601167,-0.07458821403011401,-0.5001233161028221,1,0,1,0,0,0,1,0,0,0,9.87822102528824
-0.41423245074415815,-0.877901905715567,-0.9683701335188065,0,0,1,0,0,0,1,0,0,0,10.71194805485153
1.2253098172629666,2.364135902841406,1.004778537476099,0,0,1,0,0,0,0,0,0,0,9.674137279312397
-1.2340035847477204,-1.2078755415676106,-1.4180391977338447,0,0,1,0,0,0,0,1,0,0,11.042937835596494
1.389264044063679,0.47325469231367556,-0.4314209817733073,1,0,1,0,0,0,1,0,0,0,9.230142999272362
-0.41423245074415815,-0.6318930013124837,-0.5362996331458808,1,0,1,0,0,0,1,0,0,0,10.043249494911286
0.8974013636615417,0.4136448424006207,-0.24659082328044468,0,1,1,0,0,0,1,0,0,0,9.825580063659602
-1.070049357947008,-0.9214265580330356,-0.30475415986910775,0,0,1,0,0,0,1,0,0,0,10.34177474101152
-0.41423245074415815,-1.1653349248677543,-1.4731946589160654,1,0,1,0,0,0,1,0,0,0,11.908346971208951
-0.41423245074415815,-0.2534177637692785,0.12842421358169712,0,0,1,0,0,0,0,0,0,0,10.819798284210286
-0.9060951311462956,-1.1163413053677864,-1.2276124337425618,0,0,1,0,0,0,1,0,0,0,11.127277689932466
2.045080951266529,2.3391376134016775,0.398845960318598,0,0,1,1,0,0,1,0,0,0,7.9724660159745655
1.5532182708643916,2.8879267078393247,1.0695332386854783,0,0,1,0,0,0,1,0,0,0,9.472012088995733
-0.2502782239434457,0.24806192597546844,0.68305317319502,1,0,1,1,0,0,1,0,0,0,10.645448706505872
-1.2340035847477204,-1.2287673746799954,-1.5464638449216128,0,0,0,0,0,0,1,0,0,0,10.518646164234097
0.5694929100601167,0.7116940919658948,0.2434725716691625,1,0,1,0,0,0,1,0,0,0,9.928228944424575
1.061355590462254,0.142088859463371,-0.5398309785816211,1,0,1,0,0,0,1,0,0,0,9.648659816955295
-0.08632399714273321,-0.7643593344526055,-0.953598492480416,0,0,1,0,1,0,0,0,0,0,11.082157933374816
-0.9060951311462956,-0.3961596996086983,0.9859096668121886,0,0,0,0,0,0,1,0,0,0,10.611498714744615
-1.070049357947008,-1.2071753623781556,-1.4757760031875244,1,0,1,0,0,0,0,1,0,0,10.985309671896763
1.5532182708643916,0.4183757828699108,-0.5284279033820016,1,0,1,1,0,0,1,0,0,0,9.472704636443673
-0.41423245074415815,-0.4615791444180413,-0.23717390211847078,1,0,1,0,0,0,1,0,0,0,11.635151947212842
-0.2502782239434457,0.29537133066836907,0.7557573439308488,0,0,1,0,0,0,1,0,0,0,10.203629181337648
1.717172497665104,3.639200054362587,1.3978805798696892,1,1,1,0,0,0,1,0,0,0,8.174984532943087
-0.9060951311462956,-0.9595768619773908,-0.745787353442077,0,0,0,0,0,0,1,0,0,0,10.545236170010073
-1.070049357947008,-1.2011386823393415,-1.4510371973584795,1,0,0,0,0,0,1,0,0,0,12.577608615375254
-0.08632399714273321,0.21697018521129413,0.38692423884327326,0,1,1,1,0,0,1,0,0,0,8.999742789830492
-0.41423245074415815,-0.6725790893483783,-0.6077574466690954,1,0,1,0,0,0,1,0,0,0,11.404794448349735
1.717172497665104,1.123229141508499,-0.14871743802481502,1,0,1,0,0,0,1,0,0,0,8.839421607620602
-1.070049357947008,-0.8211306200840863,0.10626675202411115,0,1,1,0,0,0,1,0,0,0,10.819798284210286
-0.7421409043455831,-0.8116687391455062,-0.5529177293140702,1,0,1,0,0,0,1,0,0,0,10.819798284210286
1.2253098172629666,-0.07184426855792576,-0.7568999721032522,0,0,1,0,0,0,1,0,0,0,8.517393171418904
0.24158445645869173,-0.28937291133588294,-0.5402275467856346,1,0,1,0,0,0,1,0,0,0,9.286930974137896
1.2253098172629666,2.471603946541799,1.082498440649515,1,0,1,0,0,0,1,0,0,0,8.779557455883728
-0.2502782239434457,-0.06418014499767585,0.20320564633854965,0,0,1,0,0,0,1,0,0,0,10.448743588106625
-0.2502782239434457,-0.4691486491689054,-0.4191420551601452,1,0,1,0,0,0,1,0,0,0,10.373522431293592
-0.5781866775448706,1.1090930913862602,3.208311370086142,0,0,1,0,1,0,0,0,0,0,10.599156550639583
-0.9060951311462956,-0.5757461998229492,0.4339396025857761,1,0,1,1,0,0,0,1,0,0,10.819778284410283
2.700897858469379,0.9463865867664364,-0.5672169619092522,0,0,1,0,1,0,0,0,0,0,8.987321812850125
-0.41423245074415815,0.05740502506307882,0.6743286727067205,0,0,1,1,0,0,1,0,0,0,10.064798252418377
1.389264044063679,-1.1266358318289615,-1.524167899229292,1,1,1,0,0,0,1,0,0,0,10.714439990727769
1.5532182708643916,0.5844317933419921,-0.42097879210505024,1,1,1,1,0,0,1,0,0,0,10.868587496017359
-0.7421409043455831,-0.8123121470493296,-0.5544997720692819,1,0,1,0,0,0,1,0,0,0,10.734242182303689
1.5532182708643916,-1.0482157626100095,-1.4774086582496622,1,0,1,0,0,0,1,0,0,0,12.464587201678082
0.5694929100601167,0.21967628315972806,-0.22183412104014205,1,0,1,0,0,0,1,0,0,0,9.53249633228804
-0.5781866775448706,-1.010368238855689,-1.134551095200701,1,0,1,0,0,0,1,0,0,0,10.778977123006351
-0.41423245074415815,0.17425925465454342,0.8795621603838601,0,0,1,0,0,0,1,0,0,0,10.085850775128717
-0.2502782239434457,0.27898335288274834,0.7305726191879577,0,0,1,0,1,0,0,0,0,0,9.53935630792094
0.5694929100601167,0.4018931862749042,-0.04950957703637693,1,0,1,0,0,0,1,0,0,0,9.95208722237219
0.5694929100601167,0.5915849753315586,0.1298840494143182,0,0,1,1,0,0,1,0,0,0,8.922791623969637
-0.7421409043455831,0.4278376638084909,2.4948411079318746,1,0,1,0,0,1,0,0,0,0,10.477316144080852
0.07763022965797926,0.011514902510965184,-0.06434570196930045,0,0,1,1,0,0,0,1,0,0,9.674137279312397
-0.7421409043455831,-0.65270913937736,-0.1620601074382544,0,0,1,0,0,0,1,0,0,0,9.952325334619427
0.7334471368608292,1.9795861377356323,1.2252185606822008,0,0,1,1,0,0,1,0,0,0,8.294299608857235
1.061355590462254,-0.5751217156810029,-1.0909285927592036,1,0,1,0,0,0,1,0,0,0,9.825580063659602
-0.5781866775448706,-1.088447680360852,-1.2945390463772501,1,0,0,0,0,1,0,0,0,0,10.571316925111784
1.8811267244658165,3.10460378133281,0.9421569892840407,0,0,1,0,0,0,1,0,0,0,9.018089684104343
-0.08632399714273321,0.6359990444572537,0.9593290219911695,0,0,1,1,0,0,1,0,0,0,8.517393171418904
-0.5781866775448706,-0.5656598347424228,-0.22332548864497945,0,0,1,0,0,0,1,0,0,0,10.382853468483827
-1.2340035847477204,-1.1664514268185067,-1.1634001101486777,0,0,1,0,0,0,1,0,0,0,11.345937741741457
-0.41423245074415815,-0.38418095834045585,-0.101237875462681,1,0,1,1,0,0,0,0,0,1,10.333677793031093
-0.08632399714273321,-0.8955199280232032,-1.1327674195453152,1,0,1,0,0,0,1,0,0,0,11.289781913656018
1.5532182708643916,-0.7188098396142808,-1.2642614582499025,0,1,1,0,0,0,1,0,0,0,9.987415012471414
-1.2340035847477204,-0.944135072285628,0.20320564633854965,0,0,1,1,0,0,1,0,0,0,10.106469212026385
-0.41423245074415815,-0.4880724110460657,-0.28370457138940125,1,0,1,0,0,0,1,0,0,0,10.203592144986466
1.061355590462254,-0.8968256675927273,-1.3381227732610217,0,1,1,0,0,0,1,0,0,0,11.264476926102367
0.07763022965797926,-0.052825887871379706,-0.14344783972988223,1,0,1,0,0,0,1,0,0,0,10.221977646629885
-0.7421409043455831,-0.9960240273528014,-1.0062195093514748,1,0,1,0,0,0,1,0,0,0,11.588969419043874
0.8974013636615417,0.16290499752824728,-0.45210127922705434,0,1,1,0,0,0,1,0,0,0,9.174816815907135
-0.41423245074415815,-0.3291128112779195,-0.004520555763818501,1,0,1,0,0,0,1,0,0,0,10.896757843893464
0.07763022965797926,-0.7454355725754452,-0.9949590873879096,1,0,1,0,0,1,0,0,0,0,9.615805480084347
-0.08632399714273321,-0.3453115514447687,-0.3811678589607024,0,1,1,0,0,0,1,0,0,0,10.307317991967832
-0.5781866775448706,-1.0650389869188048,-1.246573681470466,0,0,0,0,0,0,1,0,0,0,10.225571051705241
-0.2502782239434457,-0.040525442651225534,0.23955773170646408,0,0,1,0,0,0,1,0,0,0,9.833655042937448
-0.5781866775448706,-0.8006361859711217,-0.7048015889259325,1,0,1,0,0,0,1,0,0,0,10.419330568113901
1.717172497665104,0.9637586001696695,-0.24674592551134783,0,0,1,1,0,0,1,0,0,0,8.699681400989514
-0.5781866775448706,-0.79558354154992,-0.6944485150131504,1,0,1,0,0,0,0,1,0,0,10.778977123006351
-1.2340035847477204,-0.9308884389716158,0.284634317562678,0,0,1,0,0,0,1,0,0,0,10.515993929932415
1.8811267244658165,2.0127027210206627,0.3029142233476863,0,0,1,1,1,0,0,0,0,0,9.47262771040802
-0.08632399714273321,-0.011193611741627129,0.07524630584349092,1,0,1,0,0,0,1,0,0,0,10.819798284210286
1.2253098172629666,1.5821871383152668,0.4392803654337114,1,0,1,0,0,0,1,0,0,0,9.22029070282935
-0.2502782239434457,0.6824190323419279,1.3505647055548118,1,0,1,1,0,0,1,0,0,0,9.825580063659602
-0.08632399714273321,-0.026332621243355336,0.05456600838974409,0,0,1,0,0,0,1,0,0,0,10.51856507767415
-1.070049357947008,-1.087955662552046,-0.9872039758427543,1,0,1,0,0,1,0,0,0,0,11.58989576532275
-0.41423245074415815,-0.17204558769748934,0.27133984062812644,0,0,1,0,0,0,1,0,0,0,10.307317991967832
-0.7421409043455831,-1.0544606040294724,-1.149906216060108,1,0,1,0,0,0,1,0,0,0,11.547336553476635
-0.41423245074415815,0.1458925356006802,0.8297411080716283,0,0,1,0,0,0,1,0,0,0,10.667815210028436
0.7334471368608292,0.011514902510965184,-0.5030634408095018,1,0,0,0,0,0,1,0,0,0,10.239995502805316
2.2090351780672415,1.023936162939039,-0.3910719231543122,1,1,1,1,0,0,1,0,0,0,10.51856507767415
-0.2502782239434457,-0.5968840418397372,-0.6154433161468831,0,0,1,0,0,0,1,0,0,0,9.711176264112805
-0.2502782239434457,0.12505747377392676,0.494022329281865,0,0,1,1,0,0,1,0,0,0,10.094149233605084
-0.9060951311462956,-0.2117854876395259,1.552595055195533,0,0,1,0,0,0,1,0,0,0,10.077482875583607
2.045080951266529,0.16290499752824728,-0.8172965319898114,0,1,1,0,0,0,1,0,0,0,9.305741456739435
-0.41423245074415815,-0.13798281631860088,0.3311649868336084,0,0,1,0,0,0,1,0,0,0,10.887436932884098
1.8811267244658165,1.636990352711523,0.08295710246553076,1,0,1,0,0,0,1,0,0,0,8.974744612722734
-0.7421409043455831,-0.8412465789595076,-0.6256451653845346,1,0,0,0,0,0,1,0,0,0,11.560772327227417
-0.08632399714273321,0.4846089494399717,0.7525260474537009,1,0,1,0,0,1,0,0,0,0,10.584081267024454
2.8648520852700914,1.7903485189640298,-0.22117129099354751,0,0,1,1,0,0,1,0,0,0,9.43276366396591
-0.5781866775448706,0.6538063043836616,2.2754102267617116,0,0,1,0,0,0,1,0,0,0,9.78790833668397
0.5694929100601167,0.9103935916760776,0.43138488987868934,0,0,1,0,0,0,1,0,0,0,9.792611856190192
-0.41423245074415815,-0.07822157631052877,0.4361248822318929,1,0,1,0,0,0,1,0,0,0,10.819778284410283
-1.2340035847477204,-1.1230403170723011,-0.8965467218798917,1,0,0,0,0,0,0,1,0,0,10.851257571436902
0.40553868325940423,0.4503569404423116,0.12933820887094757,0,0,1,1,0,0,1,0,0,0,9.648595302907339
-0.2502782239434457,-0.24804341539616495,-0.07935184280917552,1,0,1,1,0,0,1,0,0,0,9.433563920090563
-0.2502782239434457,0.16290499752824728,0.5521856658705281,0,0,1,0,0,0,1,0,0,0,9.893487720457795
0.24158445645869173,0.373886018696707,0.2010694656129297,0,0,0,0,0,0,1,0,0,0,10.06895961723459
-0.08632399714273321,0.6908779539010186,1.0342951002610021,0,0,1,0,0,0,1,0,0,0,10.275085591132715
-1.070049357947008,-0.650816763189644,0.8042267910880682,0,0,1,0,0,1,0,0,0,0,10.491301994830229
0.07763022965797926,-0.3480365731550798,-0.5063870600431398,1,0,1,0,0,0,1,0,0,0,10.311948169624092
2.2090351780672415,-0.47842129248871396,-1.1941305825932618,0,0,1,0,0,0,1,0,0,0,9.825580063659602
-0.41423245074415815,-0.7339110015922546,-0.7154759460312995,1,0,0,0,0,1,0,0,0,0,10.518646164234097
-0.7421409043455831,-0.47656676382475227,0.27104736213556635,0,0,1,1,0,0,1,0,0,0,10.545367754151743
-1.070049357947008,-1.0963767365873822,-1.0217142222186946,0,0,0,0,0,0,1,0,0,0,11.141731340289432
1.2253098172629666,0.5413802350714525,-0.31342163747839885,0,1,1,0,0,0,1,0,0,0,9.433563920090563
-0.7421409043455831,-0.2931765874731922,0.7219760780401532,0,0,1,1,0,0,1,0,0,0,11.07443600653965
-1.070049357947008,-0.9933368531662446,-0.5994483985850007,1,0,1,0,0,0,1,0,0,0,10.87806606028079
1.5532182708643916,-0.08310390687483613,-0.8529180969819113,1,1,1,0,0,0,1,0,0,0,9.239899174217728
-0.41423245074415815,-0.9271036865961838,-1.0547842335933915,1,0,1,0,0,0,1,0,0,0,10.664316745782925
0.40553868325940423,2.7150392193295887,2.4495512565081685,1,0,1,1,0,0,1,0,0,0,8.922791623969637
-0.7421409043455831,-0.9185879937514616,-0.8158160106948273,0,0,1,1,0,0,1,0,0,0,10.62135173563291
-0.2502782239434457,1.298330710157863,2.2970857635304203,0,0,1,0,0,0,1,0,0,0,10.184937747111391
0.24158445645869173,1.6814801168847266,1.6625131861959992,1,0,1,1,0,0,1,0,0,0,9.433563920090563
0.40553868325940423,0.8820079488603372,0.5715734447334159,1,0,1,0,0,0,1,0,0,0,9.082620630373812
-0.08632399714273321,-0.3650301113207697,-0.40810394639420783,1,0,1,0,0,0,1,0,0,0,10.471666571132038
0.7334471368608292,1.2226167388873448,0.5604780958584545,1,1,1,0,0,0,1,0,0,0,10.308952660644293
-1.070049357947008,-0.6590485996062087,0.7704920558666436,0,0,1,0,0,0,0,1,0,0,10.275085591132715
-0.2502782239434457,-0.6659557726913722,-0.7215914054211932,1,0,1,0,0,0,1,0,0,0,11.842236406331555
-0.9060951311462956,0.10552815151669737,2.5278778831142352,0,0,1,0,0,0,1,0,0,0,10.434145214930487
2.8648520852700914,1.298330710157863,-0.44520784674247205,0,0,1,0,0,0,1,0,0,0,9.350189267092581
-1.070049357947008,-1.0555581822183475,-0.8544364661896996,1,0,0,0,0,0,1,0,0,0,10.689692377847104
-1.070049357947008,-0.2534177637692785,2.4328002155706336,0,0,1,0,0,0,0,1,0,0,10.239995502805316
0.7334471368608292,0.7495416157202154,0.1450423097498866,1,1,1,1,0,0,1,0,0,0,9.994287576862567
-0.7421409043455831,-0.8173458677086543,-0.5668769300953493,0,0,1,0,0,0,1,0,0,0,10.513280297700861
-0.7421409043455831,-0.73654140449318,-0.3681909723084763,0,0,1,0,0,0,1,0,0,0,10.305647203635566
2.372989404867954,1.601110900192427,-0.14577437319342876,1,0,1,1,0,0,1,0,0,0,9.19786285046507
-0.9060951311462956,-0.7832830963297658,-0.20393770978209183,0,0,1,0,0,0,0,1,0,0,10.645448706505872
1.717172497665104,-1.0797805974211128,-1.5029344038186572,1,0,1,0,0,0,1,0,0,0,10.765343217715396
0.7334471368608292,0.6738465682115743,0.07856992507712889,0,1,1,0,0,0,1,0,0,0,9.825580063659602
-0.41423245074415815,0.5186717208188601,1.484460860905956,0,0,1,0,0,0,1,0,0,0,10.434145214930487
-1.2340035847477204,-1.1350947533880522,-0.9706468126938484,1,0,1,0,0,0,1,0,0,0,11.395840935301726
1.5532182708643916,-0.0672079468980215,-0.8426323700904425,1,0,1,0,0,0,1,0,0,0,9.711176264112805
-0.7421409043455831,-1.1192555646968692,-1.309227227643774,1,0,1,0,0,0,1,0,0,0,12.498559406955591
0.07763022965797926,0.938779234491818,1.0756556951684957,0,0,1,0,0,0,1,0,0,0,9.392328539868899
-0.2502782239434457,0.13830410708793894,0.5143794970878971,1,0,1,0,0,0,1,0,0,0,10.221941283654663
0.24158445645869173,0.2386000450368883,0.049865940786619774,1,0,1,0,0,0,1,0,0,0,11.127277689932466
0.24158445645869173,-0.10742094088698706,-0.33686737176745446,1,0,1,1,0,0,1,0,0,0,10.714439990727769
1.2253098172629666,0.23386910456759824,-0.5358108656115221,1,0,1,0,0,0,1,0,0,0,9.952325334619427
-1.2340035847477204,-1.1821013778909182,-1.2596022688663264,1,0,1,0,0,0,1,0,0,0,11.202329530346486
-1.2340035847477204,-1.230830064724606,-1.5591434522979413,0,0,1,0,0,0,1,0,0,0,12.180759965737863
-0.41423245074415815,-0.8105711609566308,-0.8501157611859703,1,0,1,0,0,0,1,0,0,0,10.771553960123265
-1.070049357947008,-1.0292920007328492,-0.7467955179429472,1,0,1,1,0,0,1,0,0,0,10.79857507675918
0.40553868325940423,0.46568518756281146,0.1450423097498866,1,0,1,0,0,0,1,0,0,0,9.581972891547895
-1.070049357947008,-0.8707865712497548,-0.0972273749207579,0,0,1,0,0,0,1,0,0,0,10.733392166450933
0.07763022965797926,0.627048105089357,0.6924058377184772,1,0,0,0,0,0,1,0,0,0,9.209940291954844
-1.070049357947008,-1.086668846744399,-0.9819304999920491,1,0,1,0,0,0,0,1,0,0,11.56171562913966
-0.41423245074415815,0.0009365196216325981,0.575151874774966,0,0,1,0,0,0,1,0,0,0,10.545367754151743
-0.5781866775448706,-0.847188640188936,-0.8001894609313399,1,0,1,0,0,0,1,0,0,0,10.513280297700861
0.24158445645869173,-0.6035073584967433,-0.891322596739019,1,0,1,0,0,0,1,0,0,0,10.043292972227004
1.5532182708643916,0.46543917865840834,-0.49797480483547407,0,0,1,0,0,0,1,0,0,0,9.159047077588632
-0.5781866775448706,-0.43080910760577873,0.052989135708895775,0,0,1,0,0,0,1,0,0,0,10.645448706505872
-0.9060951311462956,-0.9641564123516635,-0.7598628808965334,0,0,1,0,0,0,1,0,0,0,10.55843949396453
0.07763022965797926,0.579227758825773,0.6336143370946564,0,0,1,0,0,0,1,0,0,0,9.741027444837728
-0.08632399714273321,0.3494554421132931,0.5679026919353755,0,0,1,1,0,0,1,0,0,0,10.226802177616614
-1.2340035847477204,-1.219986749168993,-1.4924882685673335,0,0,0,0,0,0,1,0,0,0,10.757881603870102
0.7334471368608292,1.0333980438776194,0.39431375227272814,0,0,1,0,0,0,1,0,0,0,8.922791623969637
-0.2502782239434457,0.3388581354620834,0.8225870176712227,1,0,1,0,0,0,1,0,0,0,9.814710982145282
-0.41423245074415815,0.1657435618098213,0.8646058738324898,1,0,1,0,0,0,1,0,0,0,10.714439990727769
-0.7421409043455831,-0.5696527484985036,0.0421629999918594,0,0,0,0,0,0,1,0,0,0,10.476470740209276
0.07763022965797926,1.673021195325636,1.9783506790245466,0,0,1,1,1,0,0,0,0,0,10.043292972227004
-0.7421409043455831,-0.17304854707697884,1.0173527665720197,0,0,1,0,0,0,1,0,0,0,10.577579326560913
-0.41423245074415815,0.026086199156378585,0.6193227743900136,0,0,0,0,1,0,0,0,0,0,9.975854724662028
-0.9060951311462956,-0.5871383044729996,0.3989252739594009,0,0,1,1,0,0,1,0,0,0,10.778977123006351
0.40553868325940423,0.8630841869831769,0.5521856658705281,1,0,1,0,0,0,1,0,0,0,9.350189267092581
-0.2502782239434457,0.7280820697515156,1.4207387711490338,1,0,1,1,0,0,1,0,0,0,10.114599007626499
0.7334471368608292,0.8630841869831769,0.24475088675902326,0,0,1,0,0,0,1,0,0,0,9.296609807128359
0.5694929100601167,-0.015943475972794354,-0.4446623376141247,1,0,1,0,0,0,1,0,0,0,9.741027444837728
-0.08632399714273321,0.39472108052346044,0.629736781322079,0,0,1,0,0,0,1,0,0,0,9.99884318585288
0.07763022965797926,1.4213351623594046,1.668921728372859,0,0,1,1,0,0,1,0,0,0,9.546884034617925
0.24158445645869173,1.0950138125496531,1.0070441082980874,1,0,1,0,0,0,1,0,0,0,10.126471091048971
0.24158445645869173,0.8854142259982261,0.7727833388231665,0,0,0,0,0,0,0,1,0,0,9.441452092939569
1.5532182708643916,2.8879267078393247,1.0695332386854783,0,1,1,1,0,0,1,0,0,0,8.517193191416238
-0.9060951311462956,-0.06656453899419805,1.9989405001769334,0,0,1,0,0,0,1,0,0,0,10.0163697095928
1.389264044063679,-0.6916163937968015,-1.227043725562584,1,1,0,0,0,0,1,0,0,0,11.156193376541639
-0.7421409043455831,-0.5183504300495221,0.1683076443853518,0,0,1,0,0,0,1,0,0,0,10.714439990727769
0.24158445645869173,0.5678735016994768,0.4178812341112514,1,0,0,0,0,0,1,0,0,0,9.560715513766388
0.07763022965797926,1.4686445670523052,1.7270850649615221,0,0,1,0,0,0,1,0,0,0,10.021315031649332
-0.7421409043455831,-0.6505329067614866,-0.15670908047209742,0,0,1,0,0,0,1,0,0,0,10.50701085558772
-0.9060951311462956,-0.816021204377253,-0.3045602820804789,0,0,0,0,0,0,1,0,0,0,11.40646434386837
-0.9060951311462956,-0.9603716599762315,-0.7482302135788008,1,0,1,0,0,1,0,0,0,0,10.789339695269716
0.8974013636615417,1.033587281496391,0.2615240851581159,0,0,1,1,0,0,1,0,0,0,8.77971129020447
-0.5781866775448706,-0.438870630165449,0.03647074811771546,1,0,1,0,0,0,1,0,0,0,10.221977646629885
1.389264044063679,-0.6978612352162643,-1.231309036912419,0,0,1,0,0,0,1,0,0,0,10.373522431293592
2.2090351780672415,3.3837292690209235,0.8703138286033026,0,0,1,1,0,0,1,0,0,0,8.281723990411392
0.24158445645869173,0.2691619204685021,0.08402368209232558,0,0,1,0,0,0,1,0,0,0,9.305286849285137
0.5694929100601167,2.4337564227874786,1.8720459961517286,0,0,1,1,0,0,1,0,0,0,8.497194544909547
-1.070049357947008,-0.9889276166488663,-0.5813789886847893,1,0,0,0,0,0,0,1,0,0,10.668932138591325
0.40553868325940423,6.426670178868294,6.2521926515595085,0,0,1,0,0,0,1,0,0,0,8.699681400989514
0.07763022965797926,0.22913816409830817,0.20320564633854965,0,0,1,0,0,0,0,0,0,0,10.896757843893464
0.7334471368608292,0.5073742349781954,-0.06761946691443374,1,0,1,0,0,0,1,0,0,0,9.209940291954844
-0.7421409043455831,-0.8185191409450382,-0.5697618315901469,0,0,0,0,0,0,1,0,0,0,10.560981648381585
0.24158445645869173,-0.016870740304775207,-0.2356631661031807,1,0,0,0,0,0,1,0,0,0,10.53212287826962
-0.7421409043455831,-0.6318930013124837,-0.1108763712402309,0,0,1,0,0,0,0,0,0,0,11.127277689932466
-0.9060951311462956,-0.9849347028927855,-0.8237262244708855,1,0,1,1,0,1,0,0,0,0,11.332601910838946
0.07763022965797926,-0.46347152060575736,-0.6483056013194777,1,0,1,0,0,0,1,0,0,0,10.997941206055378
-0.2502782239434457,-0.11338192587829254,0.12759330877328767,1,0,1,1,0,0,1,0,0,0,9.952325334619427
-0.9060951311462956,-0.946973636567202,-0.7070505712740274,1,0,1,0,0,0,1,0,0,0,11.44572741040675
-0.5781866775448706,-0.2534177637692785,0.4164712138303141,0,0,1,1,0,0,1,0,0,0,9.87822102528824
1.2253098172629666,1.4399750678084076,0.3364339008539933,0,0,1,1,0,0,1,0,0,0,8.77971129020447
0.40553868325940423,1.298330710157863,0.9981045797169448,1,0,1,1,0,0,1,0,0,0,10.30881931842128
0.24158445645869173,0.10045658333361841,-0.10453127997601318,0,0,1,0,0,0,1,0,0,0,9.664659134301736
1.717172497665104,-0.5053687294017902,-1.1498364200562015,1,0,1,0,0,0,1,0,0,0,11.512925464970229
-0.41423245074415815,-0.7041439241594816,-0.6631954154861754,1,0,1,1,0,0,1,0,0,0,11.344518647594766
-0.2502782239434457,-0.15879895438347716,0.05779730486689199,1,0,1,1,0,0,1,0,0,0,10.292179440058462
-1.070049357947008,-1.0402867063834793,-0.7918527160202982,0,0,0,1,0,0,1,0,0,0,10.126591103050316
-0.41423245074415815,-0.9346353438232935,-1.0680122381432704,1,0,1,0,0,0,1,0,0,0,11.223922520551032
-0.9060951311462956,-1.159865957685255,-1.361388107896487,0,0,1,0,0,0,1,0,0,0,10.915106645867503
-1.070049357947008,-0.989949499790233,-0.585566748919173,1,0,1,0,0,1,0,0,0,0,10.757924157061597
-1.070049357947008,-1.2354663863845101,-1.5917149207875927,1,0,1,0,0,0,0,0,0,0,12.206077645517674
2.536943631668666,3.398868278522652,0.6801450063655868,0,0,1,1,0,0,1,0,0,0,7.824445930877619
-0.08632399714273321,-0.3858840969094003,-0.4365910561367441,0,0,1,0,0,0,1,0,0,0,9.711176264112805
-0.41423245074415815,-0.650816763189644,-0.5695358254822597,1,0,1,0,0,0,1,0,0,0,12.193493863323313
0.40553868325940423,-1.181476893748972,-1.5425087380335838,1,0,1,0,0,0,1,0,0,0,13.099874385058442
-0.2502782239434457,0.6614704279439115,1.3183712987529868,1,0,1,0,0,1,0,0,0,0,10.736396675471232
-0.08632399714273321,-0.014978364117059181,0.0700762314800541,1,0,1,0,0,0,1,0,0,0,10.62135173563291
1.061355590462254,0.3015594008022005,-0.4172953692234551,0,0,1,0,0,0,1,0,0,0,9.770013301136158
0.24158445645869173,0.28401707354207295,0.10062667090036205,1,0,1,1,0,0,1,0,0,0,9.61587214452889
-1.2340035847477204,-1.2239418154013195,-1.5168005432613947,1,0,1,0,0,0,1,0,0,0,12.765548423664681
0.07763022965797926,-0.26666439708329065,-0.4063461211106393,0,1,1,0,0,0,1,0,0,0,9.770013301136158
-0.08632399714273321,0.6170752825800936,0.9334786501739859,0,0,1,1,0,0,1,0,0,0,10.491301994830229
0.24158445645869173,0.09879129228842831,-0.1063925067468504,1,0,1,0,0,0,1,0,0,0,9.581972891547895
-0.2502782239434457,-0.4511710753856032,-0.3915144702805302,1,0,1,0,0,0,0,0,0,1,9.95208722237219
-0.08632399714273321,-0.11622049015986657,-0.06822325774187807,0,0,1,0,0,0,1,0,0,0,9.852194258148577
0.40553868325940423,-0.026332621243355336,-0.3590399406851934,1,0,1,1,0,0,1,0,0,0,11.112462823634855
-1.070049357947008,-0.9725207151013684,-0.5141421715882948,0,0,1,0,0,0,1,0,0,0,10.75579427616868
-0.2502782239434457,0.1506045523080931,0.5332825814792126,0,0,1,0,0,0,1,0,0,0,10.518700218288165
-1.070049357947008,-0.8895400192700207,-0.17408053033324486,0,0,1,0,0,0,1,0,0,0,10.544051132937742
0.7334471368608292,2.320213851524517,1.524344291709611,0,0,1,1,0,0,1,0,0,0,9.04793908261736
0.07763022965797926,-0.4615791444180413,-0.6459790678559312,1,0,1,0,0,0,1,0,0,0,10.308985993422082
1.389264044063679,-0.28180340658501885,-0.9471358995261199,1,1,1,0,0,0,1,0,0,0,10.933124826700707
-0.41423245074415815,-0.5406047740170626,-0.375968241315189,0,0,1,0,0,0,1,0,0,0,10.085809109330082
-0.5781866775448706,-0.7035951350650439,-0.5059605289081563,1,0,1,1,0,0,1,0,0,0,10.221977646629885
0.24158445645869173,-0.30833452073679757,-0.5614201516081222,1,0,1,1,0,0,1,0,0,0,10.712215345197256
-0.41423245074415815,0.04273910960827961,0.6485706236460268,0,0,1,0,0,0,1,0,0,0,10.308985993422082
1.389264044063679,1.2850840768438507,0.12306949370528057,0,0,1,0,0,0,1,0,0,0,8.006700845440367
-0.9060951311462956,-0.2991564962263748,1.2840549301656754,0,0,0,0,0,0,1,0,0,0,10.664690498970018
-0.08632399714273321,0.21967628315972806,0.39062084201313046,1,0,1,1,0,0,1,0,0,0,10.203592144986466
-1.070049357947008,-0.9555650244594328,-0.44465637214370546,0,0,0,0,0,0,1,0,0,0,10.596609732783568
-1.2340035847477204,-1.2162587680791925,-1.4695719139514003,1,0,1,0,0,0,1,0,0,0,11.439289689006644
0.7334471368608292,0.3325186752332347,-0.22117067550850425,0,0,1,0,0,0,0,1,0,0,9.95208722237219
0.40553868325940423,1.8269281506725805,1.5396634066939867,0,0,1,0,0,0,0,1,0,0,8.980423936374544
-0.9060951311462956,-0.9062875485313074,-0.5819993976084018,1,0,1,0,0,1,0,0,0,0,10.714439990727769
-0.41423245074415815,0.03233104057584147,0.6302907178610186,1,0,1,1,0,0,1,0,0,0,10.441471040344437
-0.08632399714273321,0.4136069948768664,0.6555354523956282,0,0,1,0,0,0,1,0,0,0,9.903487552536127
-0.7421409043455831,-0.5751217156810029,0.028715636572560457,0,0,1,0,0,0,1,0,0,0,10.51867319162636
1.717172497665104,1.4704423244306355,0.0647187419209429,0,0,1,0,0,0,1,0,0,0,9.680406499268875
-0.5781866775448706,-0.5561979538038426,-0.20393770978209183,1,0,1,0,0,0,1,0,0,0,10.184937747111391
-0.08632399714273321,2.2634425658930364,3.182460998268958,1,0,1,1,0,0,1,0,0,0,8.922791623969637
0.07763022965797926,0.3855619797749149,0.3955169024353053,1,0,1,0,0,0,1,0,0,0,9.472781556562168
0.8974013636615417,0.6303219158941057,-0.0689987688963935,0,0,1,0,0,0,1,0,0,0,9.243871855184976
1.5532182708643916,1.370714099338001,0.08779734163367607,1,0,1,0,0,0,1,0,0,0,8.294299608857235
-0.08632399714273321,-0.43270148379349477,-0.5005448760124562,1,0,1,0,0,0,1,0,0,0,11.10045084755119
-0.9060951311462956,-0.895254995356923,-0.5480901723772112,0,0,1,0,0,0,1,0,0,0,10.691944912900398
-0.7421409043455831,-0.7811257874757696,-0.47781722911078844,1,0,0,1,0,0,1,0,0,0,10.808272344224081
-1.2340035847477204,-1.0766014054257498,-0.6110810659027333,1,0,1,0,0,0,0,1,0,0,11.125806040978839
-0.9060951311462956,-0.4464401349163131,0.8313696814961108,0,0,1,0,0,0,0,0,0,0,10.712215345197256
-0.41423245074415815,-0.6924490393193965,-0.6426554486222932,0,1,0,0,0,0,1,0,0,0,10.666650414667744
1.717172497665104,0.579227758825773,-0.48312172540767456,0,0,1,1,0,0,1,0,0,0,9.392745258631441
-0.08632399714273321,0.05625067558857204,0.1673770309999332,0,0,1,0,0,0,1,0,0,0,9.680406499268875
-0.7421409043455831,-0.7812393300470325,-0.478096413126414,1,0,1,0,0,0,1,0,0,0,10.933124826700707
0.07763022965797926,-0.9346731913470478,-1.2276124337425618,1,0,1,1,0,0,1,0,0,0,10.32551474894327
-0.08632399714273321,-0.291265287523599,-0.30733919705082613,1,0,1,0,0,0,1,0,0,0,10.491301994830229
-0.2502782239434457,-1.0358396223423467,-1.2900216939021973,1,0,0,0,0,0,1,0,0,0,13.016985083810699
-1.070049357947008,-0.884619841181959,-0.15391724031584159,0,0,1,0,0,0,1,0,0,0,10.813780332606648
-0.7421409043455831,-0.07665090407472447,1.2543799958381399,0,0,0,1,0,0,1,0,0,0,10.436612683796886
-1.070049357947008,-0.9597282520724081,-0.4617176175430465,0,0,1,0,0,1,0,0,0,0,10.404293143019792
-0.08632399714273321,0.319215270633591,0.5265937977715164,0,0,1,0,0,0,1,0,0,0,10.370580700437113
0.7334471368608292,2.4337564227874786,1.6240528687187474,0,0,1,1,0,0,1,0,0,0,8.160803920954665
-1.070049357947008,-0.877901905715567,-0.12638659433054114,0,0,1,0,0,0,0,1,0,0,11.170449240431308
0.40553868325940423,0.37973346111674955,0.056983018154650705,0,0,1,0,0,0,1,0,0,0,9.105090961257085
1.8811267244658165,0.20383709446854492,-0.7560684156047969,0,0,1,0,0,0,0,0,0,0,9.928228944424575
-0.41423245074415815,-0.7821665943790134,-0.8002282364890656,0,0,1,0,0,0,1,0,0,0,11.37539752535164
-1.2340035847477204,-1.1672840723411018,-1.16851848376848,0,0,0,0,0,0,1,0,0,0,10.985275773591676
-1.2340035847477204,-1.0780963826140455,-0.6202708730837421,0,0,1,0,0,0,0,1,0,0,11.407576060361786
0.8974013636615417,1.1019020618729394,0.31751599051413565,0,0,1,1,0,0,1,0,0,0,9.200391041122515
1.5532182708643916,-0.10202766875199638,-0.8651630099479456,0,0,1,1,0,0,1,0,0,0,10.124669180536797
-1.2340035847477204,-1.1427210294245478,-1.0175264619843107,0,0,0,0,0,0,1,0,0,0,10.99525983493937
-0.2502782239434457,0.667790964410883,1.3280845759632933,0,0,1,0,0,0,1,0,0,0,9.928228944424575
0.07763022965797926,0.7684653775973757,0.8662676834493087,1,0,1,0,0,0,1,0,0,0,10.53212287826962
2.045080951266529,0.6738465682115743,-0.531767425100011,0,1,1,0,0,0,1,0,0,0,10.239995502805316
-0.5781866775448706,-0.8495162628998267,-0.8049588545316102,1,0,1,0,0,0,1,0,0,0,11.125806040978839
1.389264044063679,0.034223416763557495,-0.7312852948526369,1,0,1,0,0,0,1,0,0,0,9.350189267092581
1.717172497665104,1.9795861377356323,0.37769565610453887,0,0,1,1,0,0,1,0,0,0,9.32375833901174
-0.9060951311462956,-1.1660918753428406,-1.380523845634157,1,0,0,0,0,0,1,0,0,0,12.468406140293514
-0.9060951311462956,0.07865640965112979,2.4452859451583335,1,0,1,1,0,1,0,0,0,0,10.499600568082863
-0.08632399714273321,-0.7477064240007045,-0.9308501652812943,0,0,1,0,1,0,0,0,0,0,10.146472946063877
-0.9060951311462956,-1.1824798531284615,-1.4308932951199393,0,0,0,0,0,0,1,0,0,0,10.225571051705241
1.061355590462254,1.3287222717325824,0.37196656745055556,1,0,1,0,0,0,1,0,0,0,9.61587214452889
1.2253098172629666,0.5603039969486128,-0.29973614651636044,1,0,1,0,0,0,1,0,0,0,9.296609807128359
0.5694929100601167,-0.291265287523599,-0.7050372250074968,1,0,1,0,0,0,1,0,0,0,10.184824537428069
0.07763022965797926,0.3899901400541704,0.4009609907400041,0,0,1,0,0,0,0,0,0,0,10.799595985047786
-0.41423245074415815,-0.7359736916368651,-0.7190986909959647,1,0,1,1,0,0,1,0,0,0,10.545367754151743
1.389264044063679,1.3437477386630476,0.163137570021915,0,0,1,1,0,0,1,0,0,0,8.81744592104187
0.07763022965797926,-0.5854351659040552,-0.7982506830450511,1,0,1,0,0,0,1,0,0,0,10.239995502805316
-0.9060951311462956,-0.4302981660350954,0.8809830076062404,0,0,0,0,0,0,1,0,0,0,10.571291283757406
-0.2502782239434457,-0.40480785878656056,-0.32026438295941795,0,1,1,0,0,0,1,0,0,0,10.064798252418377
-0.08632399714273321,-0.6413548822510639,-0.7855710756687225,1,0,1,0,0,0,1,0,0,0,11.112462823634855
0.07763022965797926,0.3899901400541704,0.4009609907400041,0,0,1,0,0,0,1,0,0,0,10.292179440058462
-0.2502782239434457,-0.1387397667936873,0.08862387325888342,1,0,1,1,0,0,1,0,0,0,10.165890277802454
2.372989404867954,-0.1114895496905765,-1.023071366739097,1,1,1,0,0,0,1,0,0,0,8.77971129020447
-0.7421409043455831,-0.1890202021013021,0.9780808817073546,0,0,1,1,0,0,1,0,0,0,10.290279395378672
-0.08632399714273321,0.13989370308562038,0.2816356744318847,1,0,1,0,0,0,1,0,0,0,10.460270761075149
-0.08632399714273321,0.23587502332657723,0.41274876028863966,1,0,1,0,0,0,1,0,0,0,10.339158502701359
0.5694929100601167,0.9293173535532379,0.44928130113673975,1,0,1,0,1,0,0,0,0,0,9.686636660844938
-0.5781866775448706,-0.22630001299930783,0.47203658805135035,0,0,1,0,0,0,1,0,0,0,10.517347989609593
0.5694929100601167,-0.21557024001495795,-0.6334515799752959,1,0,1,1,0,0,1,0,0,0,10.165890277802454
-0.7421409043455831,-0.3291128112779195,0.6336143370946564,1,0,1,0,0,0,1,0,0,0,10.819698281210112
-0.41423245074415815,-0.2978886041806051,0.0503191615912068,1,0,1,1,0,0,1,0,0,0,10.075379913839544
1.717172497665104,1.5554857103065938,0.11699594884683322,0,0,1,1,0,0,1,0,0,0,7.937731775260109
-0.2502782239434457,-0.035794502181935466,0.24682814878004697,1,0,1,0,0,0,1,0,0,0,10.221977646629885
0.07763022965797926,1.8281960427183501,2.1691264230353613,0,0,1,0,0,0,1,0,0,0,9.546812608597396
0.8974013636615417,1.9795861377356323,1.0368801374427206,0,0,1,1,1,0,0,0,0,0,9.105090961257085
-0.41423245074415815,-0.026332621243355336,0.5272585216182439,1,0,1,0,0,0,1,0,0,0,10.526775414924009
-0.08632399714273321,0.4692617785575947,0.7315613959099649,1,0,1,1,0,0,1,0,0,0,9.797904789961063
0.24158445645869173,1.1753262579563213,1.0968059993825547,1,0,1,0,0,0,1,0,0,0,10.275085591132715
0.24158445645869173,0.6454420016339567,0.5045763310846805,0,0,1,1,0,0,1,0,0,0,9.61587214452889
-0.41423245074415815,0.7622962312254213,1.9123436010444979,0,0,1,0,0,0,1,0,0,0,10.462989048226156
1.389264044063679,3.1621698649631313,1.4051445343503177,0,0,1,1,0,0,1,0,0,0,8.699681400989514
1.8811267244658165,0.07964044526874212,-0.8287781257060151,1,0,1,0,0,0,1,0,0,0,10.542732775946709
2.045080951266529,2.1574694993809387,0.29732450009111366,0,0,1,1,0,0,1,0,0,0,9.61587214452889
0.07763022965797926,0.27410102231844097,0.25848408143241514,1,0,1,0,0,0,1,0,0,0,10.730968928388284
-1.070049357947008,-1.1598281101615007,-1.2817431123277443,1,0,1,0,0,0,0,1,0,0,11.882176003610741
-1.2340035847477204,-1.1987353645809422,-1.3618534145891963,1,0,1,0,0,0,1,0,0,0,10.680516217076775
-0.5781866775448706,0.1457032979819086,1.234286501824643,0,0,1,1,0,0,0,0,0,0,10.97679912709094
0.40553868325940423,0.8791693845787631,0.5686652779039828,0,0,1,1,0,0,1,0,0,0,10.184937747111391
-0.7421409043455831,0.03072252081628285,1.518395013281399,0,0,0,0,0,0,1,0,0,0,10.260847261969445
-0.2502782239434457,1.9142802354975523,3.243664984842617,0,0,1,1,0,0,1,0,0,0,10.124669180536797
-0.5781866775448706,-0.5202428062372382,-0.13026415010311854,0,0,1,0,0,0,1,0,0,0,10.165890277802454
-1.2340035847477204,-1.2017820902431648,-1.3805820089707457,0,0,1,0,0,1,0,0,0,0,11.44572741040675
-0.41423245074415815,-0.07451251898260536,0.44263917592982316,0,0,1,0,0,0,1,0,0,0,10.34177474101152
-1.070049357947008,-0.8931166102648039,-0.18873769115358793,1,0,1,0,0,0,1,0,0,0,11.034905792929415
-1.070049357947008,-1.0671395244871698,-0.9018977488460487,1,0,1,0,0,0,0,1,0,0,10.949068194652432
-0.2502782239434457,-0.2534177637692785,-0.08761103660476569,0,1,1,1,0,0,1,0,0,0,9.928228944424575
-0.7421409043455831,-0.3955919867523835,0.4701520959458776,1,0,1,0,0,0,0,0,0,1,11.082157933374816
1.717172497665104,2.283123278245283,0.56428363988097,0,0,1,1,0,0,1,0,0,0,8.81001204797317
-0.7421409043455831,-0.44538040425119213,0.3477299050940598,1,0,1,0,0,0,1,0,0,0,11.424105180165641
2.372989404867954,0.020976783449545313,-0.9552141407189897,1,1,1,0,0,0,1,0,0,0,9.952325334619427
-0.7421409043455831,-0.5830696956694102,0.009172755478769664,1,0,1,0,0,0,1,0,0,0,10.933124826700707
1.2253098172629666,-0.9532184779866649,-1.3943017136601892,0,0,1,0,0,0,1,0,0,0,9.825580063659602
0.07763022965797926,-0.6129692394353234,-0.8321017449396529,1,0,1,0,0,0,1,0,0,0,11.082157933374816
1.2253098172629666,1.525415852683786,0.3982238925475964,1,0,1,0,0,0,1,0,0,0,9.104535313079205
-0.2502782239434457,0.5643158344665707,1.1690660137298885,0,0,1,0,0,0,1,0,0,0,10.360912399575003
0.8974013636615417,1.9497244414934733,1.0124050054062108,1,0,1,1,0,0,0,1,0,0,9.296609807128359
0.24158445645869173,0.06830511190432313,-0.14046564683569984,1,0,1,0,0,0,1,0,0,0,9.87822102528824
0.8974013636615417,0.3922799152413068,-0.264101865149405,1,0,1,0,0,0,1,0,0,0,9.517898598432753
-0.08632399714273321,0.8630841869831769,1.2695334837973729,0,0,1,0,0,0,1,0,0,0,9.472781556562168
-0.41423245074415815,0.5189177297232632,1.484892931406329,1,0,1,0,0,1,0,0,0,0,10.325481962595504
-0.7421409043455831,-0.9474656543760082,-0.8868218120022672,1,0,0,1,0,0,1,0,0,0,10.415262725337707
-1.070049357947008,-1.1505933143654465,-1.2438981679873875,1,0,1,0,0,0,1,0,0,0,11.06665398721974
-1.2340035847477204,-1.2180565254575229,-1.4806229479032462,0,0,1,0,0,0,0,1,0,0,11.350418300109132
-0.7421409043455831,0.06480421595704848,1.6021967486383448,0,0,1,0,0,0,1,0,0,0,10.471581584092512
0.24158445645869173,-0.8646552724015549,-1.1831967948930373,0,0,1,0,0,0,1,0,0,0,9.510519035757246
-0.9060951311462956,-0.8748362562914671,-0.48533193219804377,1,0,1,0,0,0,1,0,0,0,10.55843949396453
-0.08632399714273321,0.049362426265285704,0.15796749565847842,1,0,1,1,0,0,1,0,0,0,10.402776888483789
-0.9060951311462956,-0.8873637866541472,-0.5238360610197387,0,0,1,0,0,0,1,0,0,0,10.6442575495135
-0.9060951311462956,-0.958422512502884,-0.7422393899101686,1,0,0,0,0,0,1,0,0,0,10.571291283757406
-0.7421409043455831,-0.08308498311295896,1.2385595682860233,0,0,1,1,0,0,1,0,0,0,10.261756225813318
1.8811267244658165,0.8611350395098294,-0.37125978073420196,0,1,1,1,0,0,1,0,0,0,9.350189267092581
0.5694929100601167,0.7306178538430551,0.2613689829272127,0,0,1,1,1,0,0,0,0,0,9.711176264112805
0.7334471368608292,0.898168841503432,0.2755608370548465,1,0,1,0,0,0,1,0,0,0,9.392661928770137
-0.08632399714273321,-0.07271476160427513,-0.008793252934173022,1,0,0,1,0,0,1,0,0,0,9.903437551286085
-0.2502782239434457,-0.22503212095353808,-0.04398853416326838,1,0,1,0,0,0,1,0,0,0,10.264687244346277
-1.070049357947008,-1.1532237172663717,-1.254677773035153,1,0,1,1,0,0,1,0,0,0,10.926945167603478
0.24158445645869173,0.2575238069140486,0.07101624500067909,1,0,1,1,0,0,1,0,0,0,10.668955394675699
1.8811267244658165,-0.4802947449145528,-1.1565866907197202,0,0,1,0,0,0,1,0,0,0,10.064798252418377
-0.7421409043455831,-0.6118338137226939,-0.061553861813044626,0,0,1,0,0,0,1,0,0,0,10.505094936455558
1.389264044063679,0.8939299188429481,-0.14409409902531173,0,0,1,1,0,0,1,0,0,0,9.350189267092581
-0.41423245074415815,0.1018380179506511,0.752367252312538,1,0,1,0,0,0,1,0,0,0,10.340160587768485
-0.7421409043455831,-0.7075880488211247,-0.29699904832395274,1,0,1,0,0,0,1,0,0,0,11.000448478455008
0.40553868325940423,-0.10202766875199638,-0.4365910561367441,0,0,1,0,0,0,1,0,0,0,9.711176264112805
1.2253098172629666,-0.031063561712645404,-0.7274077390800594,0,0,1,1,0,0,1,0,0,0,10.915106645867503
-0.2502782239434457,-0.04241781883894156,0.23664956487703093,1,0,1,0,0,0,1,0,0,0,9.975854724662028
0.24158445645869173,0.10796931679885104,-0.09613460920303166,1,0,1,0,0,0,1,0,0,0,9.851983709669012
2.700897858469379,-0.3280909281365529,-1.169860714612834,0,0,1,0,0,0,1,0,0,0,9.15915233520675
-0.2502782239434457,3.379944516645492,5.496069275906889,0,0,1,0,0,0,0,0,0,0,10.477316144080852
-0.9060951311462956,-0.3694771953619023,1.0679199714022036,0,0,1,0,0,0,1,0,0,0,10.679366130693538
0.7334471368608292,2.1253369517135208,1.3532111373695959,0,0,1,1,0,0,1,0,0,0,8.94910546953925
-0.2502782239434457,-0.1605020929524216,0.05517995472040215,0,0,0,0,0,0,1,0,0,0,10.043292972227004
-1.070049357947008,-0.9606555164043888,-0.46551762220017245,0,0,0,0,0,0,1,0,0,0,10.946252332458506
-0.2502782239434457,-0.7454355725754452,-0.8437344122573855,1,0,1,0,0,0,1,0,0,0,11.669176794031
-1.070049357947008,-1.016045367418837,-0.6925097371268616,0,0,1,0,0,0,1,0,0,0,10.404293143019792
-1.070049357947008,-1.1522964529343909,-1.250877768378027,0,0,1,0,0,0,1,0,0,0,11.367911253546788
1.2253098172629666,1.5812220264595316,0.43858240539464743,0,0,1,0,0,0,1,0,0,0,8.268988209506656
0.7334471368608292,2.044986658783098,1.2826507010394637,0,0,1,1,1,0,0,0,0,0,9.680406499268875
-0.08632399714273321,0.7306178538430551,1.0885808810770874,0,0,1,0,0,0,1,0,0,0,9.259225769705994
1.5532182708643916,-0.4426553825408811,-1.0855714433365637,0,1,1,0,0,0,1,0,0,0,10.645448706505872
-0.5781866775448706,-0.26594529413195855,0.3908017946158511,0,0,1,0,0,0,1,0,0,0,10.817796321618971
-1.2340035847477204,-1.2166372433167358,-1.4718984474149468,0,0,1,0,0,0,1,0,0,0,11.429554725537322
0.5694929100601167,2.5472989940504402,1.9794244637000296,1,0,1,1,0,0,1,0,0,0,9.209940291954844
1.2253098172629666,0.7400797347816352,-0.1697239823769959,0,0,1,1,0,0,1,0,0,0,8.31898612539206
-1.070049357947008,-0.9205939125104406,-0.30134191078923966,0,0,0,0,0,0,1,0,0,0,10.757902880692196
-0.7421409043455831,-0.5372741919266824,0.12177697511442137,1,0,1,1,0,0,1,0,0,0,10.819798284210286
2.536943631668666,1.0891285226058562,-0.4557151612070965,0,1,1,0,0,0,1,0,0,0,9.539716058977092
-0.41423245074415815,0.4974203362308092,1.4471366169122029,0,0,0,0,0,0,1,0,0,0,10.196791293755963
3.192760538871516,0.38544843720365196,-0.9118456850350063,0,0,1,0,0,0,1,0,0,0,9.581972891547895
1.2253098172629666,0.5224564731942922,-0.32710712844043704,1,0,1,1,0,0,1,0,0,0,9.392745258631441
-0.9060951311462956,-0.4175057030061351,0.9203014231401766,0,0,1,0,0,0,1,0,0,0,10.683798181855538
1.389264044063679,0.3029408354192332,-0.5477476549506334,0,1,1,1,0,0,1,0,0,0,9.305741456739435
-0.2502782239434457,-0.9595768619773908,-1.1728225706760413,1,0,1,0,0,0,1,0,0,0,11.775297421715827
3.848577446074366,1.1431558627651488,-0.7129550312004523,0,1,1,0,0,0,0,0,1,0,9.350189267092581
0.07763022965797926,-0.884506298610696,-1.1659360316239435,1,0,1,0,0,0,1,0,0,0,10.994571574783446
-1.2340035847477204,-1.1364383404813305,-0.9789060064894386,1,0,1,0,0,0,0,0,0,1,11.245059091624615
0.8974013636615417,-0.6732224972522017,-1.137404976249318,0,1,1,0,0,0,1,0,0,0,10.545367754151743
-1.070049357947008,-1.1030946720537742,-1.0492448682039952,0,0,1,0,0,0,0,0,0,1,10.799595985047786
1.8811267244658165,2.0980678108485327,0.3528903778908214,0,1,1,0,0,0,1,0,0,0,8.229777750081887
1.717172497665104,1.6440678396535808,0.17144846456113963,0,0,1,1,0,0,1,0,0,0,8.839421607620602
-0.9060951311462956,0.14214563074900247,2.6404239394132984,1,0,0,1,0,0,0,1,0,0,10.896720806856424
-0.08632399714273321,-1.0017768509634581,-1.2779172572988011,1,1,1,0,0,0,1,0,0,0,12.25486757159303
-0.7421409043455831,0.4194165897731546,2.4741349601063107,0,0,1,1,0,0,1,0,0,0,10.362525022649812
0.5694929100601167,-0.8608705200261229,-1.243719203874807,0,0,1,0,0,0,1,0,0,0,10.184937747111391
-0.7421409043455831,-0.8243098120794492,-0.5840002163870519,1,0,1,0,0,0,1,0,0,0,10.645448706505872
-1.2340035847477204,-1.2327224409123219,-1.570776119615674,0,0,0,0,0,1,0,0,0,0,11.451060699493427
-0.41423245074415815,-0.8495162628998267,-0.9185158450142381,1,0,1,0,0,0,1,0,0,0,11.112462823634855
0.40553868325940423,-0.364121770750666,-0.7051117933877386,1,0,1,1,0,0,1,0,0,0,9.741027444837728
-0.41423245074415815,0.5224564731942922,1.491108099373232,0,0,1,1,0,0,1,0,0,0,9.680406499268875
0.8974013636615417,0.13451935471250687,-0.47536661386251955,0,1,1,0,0,0,1,0,0,0,8.81744592104187
1.717172497665104,2.5094514702961197,0.703410341001052,1,0,1,1,0,0,1,0,0,0,9.648659816955295
1.717172497665104,0.5413802350714525,-0.5063870600431398,0,1,1,0,0,0,1,0,0,0,9.87822102528824
-1.2340035847477204,-1.166243265437858,-1.1621205167437272,0,0,1,0,0,0,0,0,0,0,11.429554725537322
-0.2502782239434457,0.030438664388125446,0.34861398781020736,1,0,1,0,0,0,1,0,0,0,10.043292972227004
-1.2340035847477204,-1.0340607887258935,-0.34957870460010415,0,0,0,0,0,0,0,1,0,0,11.052491896264268
-1.070049357947008,-0.9551108541743809,-0.44279514537286824,0,0,1,0,0,0,1,0,0,0,10.639263095151696
0.40553868325940423,0.6397837968326858,0.3234098752884532,1,0,0,0,0,0,1,0,0,0,9.34975442775886
-0.08632399714273321,0.03590763157062476,0.13958788129646088,1,0,1,0,0,0,1,0,0,0,9.927741044336832
-0.7421409043455831,0.03180117524328099,1.521047261429842,0,0,1,0,0,0,1,0,0,0,10.55843949396453
0.40553868325940423,0.8441604251060166,0.5327978870076403,0,0,1,0,0,0,0,0,1,0,8.922791623969637
0.5694929100601167,0.9455728650057185,0.4646543184074046,0,0,1,0,0,0,1,0,0,0,9.205428327615163
-1.070049357947008,-1.031184376920565,-0.7545506294881021,1,0,1,0,0,0,1,0,0,0,10.894904309600681
0.24158445645869173,0.36160449723843,0.18734291817800522,1,0,1,0,0,0,1,0,0,0,10.633472802314019
-0.9060951311462956,-0.9244922074571357,-0.6379525274066956,0,0,0,0,0,0,1,0,0,0,10.165813354725493
-0.5781866775448706,-0.8324848772103824,-0.7700608525784124,0,0,1,0,0,0,1,0,0,0,10.25769445336048
-1.2340035847477204,-1.084170910176614,-0.6576117351736638,1,0,1,0,0,0,1,0,0,0,10.956073354557526
-0.2502782239434457,0.31429509254552934,0.7848390122251804,1,0,1,0,0,0,1,0,0,0,10.401258331428318
-1.070049357947008,-0.6347315655940577,0.870145239221886,1,0,1,0,0,0,0,0,0,1,11.010415172807951
0.24158445645869173,1.0381289843469093,0.9434662938306251,0,0,1,0,0,0,1,0,0,0,8.922791623969637
1.2253098172629666,0.23481529266145626,-0.5351265910634204,1,1,1,0,0,0,1,0,0,0,10.25769445336048
0.40553868325940423,0.46000805899966335,0.13922597609102028,1,0,1,0,0,0,1,0,0,0,9.798127036878302
-0.41423245074415815,-0.7435431963877293,-0.7323931679305163,1,0,1,0,0,0,1,0,0,0,10.542706391070517
0.07763022965797926,0.5221536930042576,0.5634460878340931,1,0,1,1,0,0,1,0,0,0,9.741027444837728
-1.2340035847477204,-1.2254746401133696,-1.526223003788758,0,1,1,0,0,0,1,0,0,0,10.778956289890028
-1.070049357947008,-0.36696033503224,1.9674935228613295,0,0,1,0,0,0,0,1,0,0,11.225256725762893
-1.2340035847477204,-1.1352650672449467,-0.9716937527524443,1,0,0,0,0,0,1,0,0,0,11.002116507732017
0.07763022965797926,-0.09727780452082915,-0.19809811078858997,1,0,1,1,0,0,1,0,0,0,9.852246888342531
2.8648520852700914,1.3456401148507635,-0.4236658702281523,0,1,1,0,0,0,1,0,0,0,8.85366542803745
0.8974013636615417,0.05882430720386583,-0.53740750622376,1,1,1,0,0,0,1,0,0,0,9.825580063659602
-0.08632399714273321,0.9891164410850642,1.4416969600998155,1,0,1,1,0,0,1,0,0,0,9.87822102528824
3.5206689924729413,-0.2770724661157288,-1.21898174508747,0,1,1,0,0,0,0,0,1,0,9.61587214452889
0.7334471368608292,0.842305896442055,0.22650421716635122,0,0,1,0,0,0,1,0,0,0,8.412054873292933
-0.9060951311462956,-0.6236233173721647,0.2867863610164585,0,0,1,0,0,0,1,0,0,0,10.839600519357369
-0.9060951311462956,-0.6072921108721754,0.3369813204924747,1,0,1,0,0,0,0,0,0,0,10.714439990727769
1.061355590462254,-0.2537394677211902,-0.8439816064378874,1,1,1,0,0,0,1,0,0,0,9.903487552536127
-0.08632399714273321,0.45622330662423133,0.7137504897279257,0,0,1,0,0,0,1,0,0,0,10.463131911491967
-1.070049357947008,-1.204034017906547,-1.4629025180225668,1,0,0,0,0,0,1,0,0,0,12.25484376189915
0.8974013636615417,-0.7456058864323397,-1.1967315795697542,0,0,1,0,0,0,1,0,0,0,11.156193376541639
1.717172497665104,-0.7672546700198111,-1.3108209030663032,0,0,1,0,0,0,1,0,0,0,9.476313501265748
0.24158445645869173,1.3172544720350232,1.2554332809879996,0,0,1,0,0,0,1,0,0,0,9.04793908261736
1.5532182708643916,1.5171840162672214,0.1825729679907818,0,0,1,1,0,0,1,0,0,0,8.412054873292933
-1.070049357947008,-0.9971216055416767,-0.6149586216753109,0,0,1,0,0,0,1,0,0,0,10.55843949396453
-0.5781866775448706,-0.291265287523599,0.33892009837876363,0,0,1,0,0,0,1,0,0,0,9.841399360222706
-1.2340035847477204,-1.2344445032431435,-1.5813618468748107,0,0,1,0,0,1,0,0,0,0,11.466891997618188
0.24158445645869173,1.0286671034083292,0.9328911417235953,1,0,1,0,0,0,1,0,0,0,9.648595302907339
-0.2502782239434457,0.9766267582461385,1.8026974025267841,0,0,1,0,0,0,1,0,0,0,10.203629181337648
-0.41423245074415815,-0.9502852948957051,-1.0954985692054557,0,0,0,1,0,0,1,0,0,0,9.8633424122317
2.372989404867954,-0.12473618300458869,-1.0298570893411074,1,0,1,0,0,0,1,0,0,0,9.105090961257085
-0.9060951311462956,-1.1026972730543538,-1.1856766680621358,1,0,0,0,0,0,1,0,0,0,11.461621644211487
-1.070049357947008,-0.5456952659620187,1.2350232374214325,0,0,1,0,0,0,1,0,0,0,11.071143822496172
-0.7421409043455831,-0.11423349516276475,1.1619700866660716,0,0,1,0,0,0,1,0,0,0,11.198159924108706
-0.41423245074415815,0.04680771841186907,0.6557164049983484,0,0,1,0,0,0,1,0,0,0,10.505094936455558
-0.9060951311462956,0.11627684826292439,2.560914658296596,0,0,1,0,0,0,1,0,0,0,10.813478482261756
0.7334471368608292,1.3286655004469508,0.6536059067849881,0,0,1,0,0,0,1,0,0,0,8.853808274977197
0.07763022965797926,-0.07033036760775295,-0.16496827426768756,1,0,1,1,0,0,1,0,0,0,9.852246888342531
0.7334471368608292,1.8935587162420617,1.1496726955016114,0,0,1,1,0,0,1,0,0,0,8.294299608857235
1.2253098172629666,0.6229984200476447,-0.25439611495912734,0,0,1,0,0,0,1,0,0,0,8.922124823918258
-0.9060951311462956,-0.5576929309921383,0.4894274256913606,0,0,0,0,0,0,1,0,0,0,10.668862367092954
0.07763022965797926,1.1166625961371244,1.2943498407418688,1,0,1,1,0,0,1,0,0,0,9.15915233520675
0.24158445645869173,0.2723789599876194,0.08761923380871556,1,0,1,1,0,0,1,0,0,0,9.710448770900967
-0.9060951311462956,-1.085230640841735,-1.1319919083907997,1,0,1,0,0,0,1,0,0,0,11.440365524765756
-1.070049357947008,-0.5974896022198063,1.022765834430538,0,0,1,0,0,0,1,0,0,0,10.74834672745997
0.07763022965797926,1.1138240318555503,1.2908600405465491,1,0,1,1,0,0,1,0,0,0,9.792611856190192
0.8974013636615417,0.9662376129755775,0.20632320117970193,1,1,1,0,0,0,1,0,0,0,9.711176264112805
0.7334471368608292,1.6389584239467476,0.9260928296547906,0,0,1,0,0,0,1,0,0,0,9.546884034617925
-1.2340035847477204,-1.1714094524303227,-1.1938776985211372,1,0,1,0,0,0,1,0,0,0,11.467729334517259
-0.08632399714273321,-0.7507909971866816,-0.9350637758874952,0,1,1,0,0,0,1,0,0,0,10.431199791458543
-0.08632399714273321,-0.29694241608674704,-0.31509430859598114,0,1,1,0,0,0,1,0,0,0,10.36410350510914
-0.2502782239434457,1.394936514540766,2.4455476801729827,0,0,1,1,0,0,1,0,0,0,9.77286620732769
0.5694929100601167,1.6181422858818713,1.100710670929766,0,0,1,0,0,0,1,0,0,0,9.770013301136158
0.07763022965797926,1.0050124010618788,1.157084366392624,1,0,1,1,1,0,0,0,0,0,9.642187721358466
-0.9060951311462956,-0.8316522316877873,-0.3526031981027146,0,0,1,0,0,0,1,0,0,0,10.30881931842128
-0.41423245074415815,-0.3236059965716659,0.005151176206067727,1,0,1,0,0,0,1,0,0,0,11.116187167242005
-0.9060951311462956,-0.8949332914050113,-0.5471013956552039,1,0,1,0,0,0,1,0,0,0,10.85516473308054
-1.2340035847477204,-0.9157494294698876,0.37769565610453887,1,0,1,0,0,1,0,0,0,0,10.91328684226798
-0.08632399714273321,-0.48618003485834965,-0.573598026767817,1,0,1,0,0,0,1,0,0,0,10.146472946063877
-1.2340035847477204,-1.1346405831030004,-0.9678549725375926,0,0,0,0,0,0,0,1,0,0,11.472093053729052
0.8974013636615417,-0.07174964974853996,-0.6444280455469,1,0,1,0,0,0,1,0,0,0,10.854199034612414
-0.7421409043455831,-1.161758333872971,-1.4137351108262837,0,0,1,0,0,0,1,0,0,0,10.819798284210286
-0.08632399714273321,0.8441604251060166,1.2436831119801892,1,0,1,1,0,0,1,0,0,0,10.16203685698089
-1.070049357947008,-1.0130175655184914,-0.6801015586546134,1,0,1,0,0,1,0,0,0,0,11.434974734252892
0.07763022965797926,0.8630841869831769,0.9825943566266347,1,0,1,1,0,0,1,0,0,0,9.61587214452889
-1.397957811548433,-1.235106834908844,-1.5710087729620286,1,0,1,0,0,0,1,0,0,0,11.884495917930655
-0.2502782239434457,-0.21557024001495795,-0.029447700016102613,0,0,1,1,0,0,1,0,0,0,9.680406499268875
0.7334471368608292,0.08153282145645815,-0.441576484987201,1,0,1,1,0,0,1,0,0,0,10.043292972227004
-1.070049357947008,-0.8949522151668885,-0.1962601493523883,1,0,0,0,0,0,0,1,0,0,10.616412850287961
-0.9060951311462956,0.031176691101334694,2.299354133657378,0,0,0,0,0,0,1,0,0,0,10.452937557838887
0.40553868325940423,1.6389584239467476,1.3470845992489233,1,0,1,1,0,0,1,0,0,0,9.04793908261736
-1.070049357947008,-1.046872175516731,-0.8188405041974378,1,0,0,0,0,0,0,1,0,0,10.611498714744615
-0.08632399714273321,1.1280168532634205,1.6314386892379427,1,0,1,0,0,0,1,0,0,0,10.184937747111391
1.061355590462254,1.0901693295091,0.1886648121913839,1,0,1,0,0,0,1,0,0,0,9.61587214452889
2.372989404867954,0.7304286162242835,-0.59179022593416,1,1,1,0,0,0,1,0,0,0,9.259225769705994
1.717172497665104,1.4118732814208246,0.028715636572560457,1,0,1,0,0,0,1,0,0,0,7.601402334583733
-0.7421409043455831,0.16339701533705345,1.8446215355398925,0,0,0,0,0,0,1,0,0,0,10.401653378155329
1.061355590462254,0.7444889712990136,-0.07695260517489318,0,0,1,0,1,0,0,0,0,0,9.61587214452889
-1.397957811548433,-1.1640291852982303,-0.6971628040539547,0,0,1,0,0,0,1,0,0,0,10.877896237744931
-0.9060951311462956,-1.226704684635385,-1.566821012727645,0,0,1,0,0,0,1,0,0,0,11.416293411876241
2.8648520852700914,1.6426485575127938,-0.28842534167125344,0,0,1,0,0,0,1,0,0,0,9.200391041122515
0.07763022965797926,0.5114996150674165,0.5503477044343265,0,0,1,0,0,0,0,0,0,0,10.857093336791094
1.061355590462254,0.7684653775973757,-0.05852936831043415,0,0,1,0,0,0,1,0,0,0,9.468928284223587
1.2253098172629666,-0.11608802382672645,-0.7888966499724979,1,1,1,0,0,0,1,0,0,0,9.809231816610408
-0.2502782239434457,-0.2222124804338412,-0.039655365587412984,1,0,1,0,0,0,1,0,0,0,10.404293143019792
0.5694929100601167,1.1469406151405808,0.6550900306043164,1,0,1,0,0,0,1,0,0,0,9.798127036878302
-0.9060951311462956,-0.9430942653823842,-0.6951270872733515,0,0,1,0,0,0,1,0,0,0,11.049158348190272
-0.41423245074415815,-0.3158661779639073,0.018744778871646727,1,0,1,0,0,0,1,0,0,0,10.236417809461043
-0.9060951311462956,-1.015345188229382,-0.917194706368867,0,0,1,0,0,0,1,0,0,0,10.424896969841763
-0.2502782239434457,0.9766267582461385,1.8026974025267841,0,0,1,0,1,0,0,0,0,0,10.545367754151743
-0.41423245074415815,0.03604009790376488,0.6368050115589489,1,0,0,0,0,0,1,0,0,0,10.61890979160975
0.24158445645869173,0.48725827610277417,0.32778093815935905,1,0,1,0,0,0,1,0,0,0,9.510519035757246
2.2090351780672415,2.397801275220874,0.34330342229559024,0,0,1,1,0,0,1,0,0,0,8.771990436532242
-0.9060951311462956,-0.9419588396697546,-0.6916372870780316,1,0,1,0,0,0,0,1,0,0,11.264476926102367
-0.41423245074415815,-0.43319350160230097,-0.18731961361390234,1,0,1,1,0,0,1,0,0,0,10.896739325546411
1.389264044063679,0.1841753058781754,-0.6288661217129556,0,0,1,0,1,0,0,0,0,0,9.711115659888671
0.07763022965797926,-0.7889602248929138,-1.0484693570494796,1,0,1,0,0,0,1,0,0,0,10.664316745782925
0.8974013636615417,0.5999871256050178,-0.09386165651016071,1,0,1,1,0,0,1,0,0,0,9.99884318585288
2.372989404867954,0.29537133066836907,-0.8146527439630541,1,1,1,0,0,0,1,0,0,0,10.571342565808699
0.07763022965797926,1.601110900192427,1.8899424074097786,0,0,1,1,0,0,1,0,0,0,9.746892220313054
-0.5781866775448706,-0.6640633965036561,-0.4249583888190115,1,0,1,0,0,0,1,0,0,0,10.32551474894327
0.40553868325940423,3.020393040979447,2.762392456239725,1,0,1,0,0,0,1,0,0,0,9.517898598432753
0.8974013636615417,0.12505747377392676,-0.48312172540767456,0,0,1,1,0,0,1,0,0,0,9.296609807128359
0.40553868325940423,1.1090930913862602,0.8042267910880682,1,0,1,0,0,0,1,0,0,0,9.38437770918244
-0.41423245074415815,-0.5183504300495221,-0.33688247912760744,1,0,1,0,0,0,1,0,0,0,11.010415172807951
1.2253098172629666,1.7051915905168085,0.5282360566869612,0,0,1,1,0,0,1,0,0,0,8.824824939175638
2.372989404867954,0.11461155721773429,-0.9072487758122056,0,0,1,0,0,0,1,0,0,0,9.259225769705994
0.7334471368608292,2.2634425658930364,1.4744900032050423,0,0,1,1,0,0,1,0,0,0,8.922791623969637
-0.08632399714273321,0.2669856878526287,0.4552467715560898,0,0,1,0,0,0,1,0,0,0,9.852246888342531
-1.070049357947008,-1.0298218660654097,-0.7489669491755905,1,0,1,0,0,0,1,0,0,0,12.292025545864318
-0.7421409043455831,-0.4615791444180413,0.3078996521981432,0,0,1,0,0,0,1,0,0,0,10.563620718477313
1.717172497665104,0.006783962041675118,-0.8350099117690861,1,0,1,0,0,0,1,0,0,0,9.987415012471414
0.07763022965797926,0.011514902510965184,-0.06434570196930045,0,1,1,0,0,0,1,0,0,0,9.392745258631441
0.5694929100601167,1.1388980163427878,0.6474840558196453,1,0,1,0,0,0,1,0,0,0,9.104979856318357
-0.5781866775448706,-0.4155376317709104,0.0842810107935965,0,0,0,0,0,0,1,0,0,0,10.85707406915398
-1.070049357947008,-0.9938099472131737,-0.6013871764712894,0,0,0,0,0,0,1,0,0,0,10.659609532257463
1.717172497665104,0.7306178538430551,-0.3900603868658136,1,1,1,0,0,0,1,0,0,0,10.709985739582528
2.045080951266529,0.9198554726146577,-0.3942904477086255,0,0,1,1,0,0,1,0,0,0,9.278092474027002
-1.070049357947008,-0.8805512323783695,-0.1372437504937581,0,0,1,0,0,0,0,0,0,0,11.218567827096358
0.24158445645869173,0.08720995001960623,-0.11933649292585455,1,0,1,1,0,0,1,0,0,0,9.90353755128617
-0.9060951311462956,-1.1694035336713438,-1.390702429537173,0,0,0,0,0,0,1,0,0,0,10.949068194652432
0.07763022965797926,0.3855998272986692,0.395563433104576,0,0,1,1,0,0,1,0,0,0,9.018089684104343
0.5694929100601167,1.2037119007720616,0.7087792643784673,0,0,1,1,0,0,1,0,0,0,8.853808274977197
-0.9060951311462956,-1.1052330571458933,-1.1934705551650167,1,0,1,0,0,0,1,0,0,0,13.527763150044844
-0.5781866775448706,-0.5429513204898304,-0.17679481937404898,1,0,1,1,0,0,1,0,0,0,10.79939188675334
0.7334471368608292,0.5683655195082831,-0.014059342964359246,0,0,1,0,0,0,1,0,0,0,8.987321812850125
2.8648520852700914,-0.306972009881642,-1.1761701938263665,0,0,1,0,0,0,1,0,0,0,9.433563920090563
1.061355590462254,-0.17772271626063743,-0.7855710756687225,1,0,1,0,0,0,1,0,0,0,10.711101163782413
-0.2502782239434457,-0.08442857020623734,0.17208826126361493,0,1,1,0,0,0,1,0,0,0,10.075379913839544
0.5694929100601167,-0.05471826405909573,-0.4813320842818696,1,0,1,1,0,0,1,0,0,0,9.849875783087478
-0.9060951311462956,-1.194231509254178,-1.467012727141499,1,0,1,0,0,0,1,0,0,0,11.967187086434018
-1.2340035847477204,-1.1299285663955874,-0.9388896309164384,1,0,0,0,0,0,0,1,0,0,10.793413774978955
-0.9060951311462956,-0.9686224201546734,-0.7735894283314579,1,0,1,0,0,0,1,0,0,0,11.49273296168228
1.061355590462254,0.9009317107374974,0.04325647071972622,0,0,1,0,0,0,1,0,0,0,8.612503371220562
-0.7421409043455831,-0.920404674891669,-0.8202829549448366,0,0,1,0,0,0,1,0,0,0,11.626263078808801
-0.5781866775448706,0.5300259779451564,2.0217793036774148,1,0,1,0,0,0,0,1,0,0,10.657282884047461
1.2253098172629666,2.5861873247080043,1.165364088424657,0,0,1,1,0,0,1,0,0,0,9.04793908261736
-1.070049357947008,-0.8140909806657827,0.13511576697208802,1,0,0,0,0,0,1,0,0,0,10.90777084654696
-1.070049357947008,-0.9395744456732323,-0.379125679587145,0,0,0,0,0,0,1,0,0,0,10.736396675471232
0.8974013636615417,-0.7996899978772637,-1.2410597971618609,0,1,1,0,0,0,1,0,0,0,10.463131911491967
-1.2340035847477204,-1.2009305209586927,-1.3753473086777661,0,0,1,1,0,0,1,0,0,0,10.612901705559945
0.5694929100601167,0.49492239966302404,0.03846918070819785,0,0,1,0,0,0,1,0,0,0,9.104979856318357
-0.7421409043455831,-1.2076484564250847,-1.52657198380829,1,0,1,0,0,0,1,0,0,0,13.060277313201007
1.389264044063679,-0.5467360728652625,-1.1280885022464051,0,0,1,0,0,0,1,0,0,0,9.680406499268875
-0.9060951311462956,-0.5750649443953714,0.43603348270296793,0,0,1,0,0,0,1,0,0,0,10.621327345686446
-0.41423245074415815,-0.8873637866541472,-0.9849882296869958,0,1,1,1,0,0,1,0,0,0,11.26446410567173
-0.41423245074415815,0.10197048428379123,0.7525999056588927,1,0,1,0,0,0,0,1,0,0,10.482933978579906
0.7334471368608292,1.374971945760362,0.694270388108548,1,0,1,0,0,0,1,0,0,0,9.711176264112805
0.40553868325940423,-0.49942666817236187,-0.8437344122573855,1,0,1,0,0,0,1,0,0,0,11.19822841866684
-0.7421409043455831,-0.4426553825408811,0.35443032146907366,0,0,0,0,0,0,1,0,0,0,9.852246888342531
-0.2502782239434457,0.030438664388125446,0.34861398781020736,0,0,1,0,1,0,0,0,0,0,10.545341438708522
-1.070049357947008,-1.0204356801743382,-0.7105015959116214,0,0,1,0,0,0,1,0,0,0,10.823869902313536
-0.08632399714273321,0.9766267582461385,1.4246357147004742,0,0,1,0,0,0,1,0,0,0,10.184937747111391
-0.7421409043455831,-1.048423923990658,-1.135062932562681,1,0,1,0,0,0,1,0,0,0,12.691568153543827
-1.2340035847477204,-1.1755159087576665,-1.219120586600617,0,0,1,0,0,0,1,0,0,0,11.27720313144916
-0.5781866775448706,-0.16534657599297461,0.596932659486073,0,0,1,0,0,0,1,0,0,0,10.68878082152957
0.07763022965797926,0.21500211397606947,0.1858264413658572,1,0,1,1,0,0,1,0,0,0,9.680344001221918
2.045080951266529,0.2779803935032588,-0.7529890320269642,1,0,1,0,0,0,1,0,0,0,9.433563920090563
-0.5781866775448706,-0.10785618741016174,0.7147328038569783,0,0,1,0,0,0,1,0,0,0,10.488520429241627
0.5694929100601167,1.807379904653474,1.2796747835102675,1,0,1,0,0,0,1,0,0,0,9.61587214452889
2.372989404867954,-0.026332621243355336,-0.9794488642975996,0,1,1,0,0,0,1,0,0,0,9.952325334619427
-0.2502782239434457,0.503532711317132,1.0756556951684957,0,0,1,0,0,0,1,0,0,0,9.94755228369823
1.5532182708643916,0.9955505201232987,-0.15495805791795458,0,0,1,0,0,0,1,0,0,0,9.792611856190192
0.07763022965797926,2.5094514702961197,3.0066784699121096,0,0,1,0,0,0,1,0,0,0,9.546884034617925
0.40553868325940423,0.20009018961686717,-0.12706516659074207,1,0,1,1,0,0,1,0,0,0,10.491274217438248
0.5694929100601167,1.2602182537372622,0.7622179483950049,0,1,1,1,0,0,1,0,0,0,9.105090961257085
-0.41423245074415815,-0.031063561712645404,0.5189494735341491,0,0,1,0,0,0,1,0,0,0,10.491301994830229
1.2253098172629666,0.29951563451946717,-0.4883358974642111,0,1,1,0,0,0,1,0,0,0,9.04793908261736
-0.5781866775448706,0.4669530796085812,1.8925403697774055,0,0,0,0,0,0,1,0,0,0,10.260847261969445
0.8974013636615417,0.045577673889853655,-0.5482646623869772,1,0,1,0,0,0,1,0,0,0,9.546812608597396
0.7334471368608292,0.9955505201232987,0.3610775599363496,0,0,1,1,0,0,1,0,0,0,9.433563920090563
2.372989404867954,-0.040525442651225534,-0.9867192813711825,0,0,1,0,0,0,1,0,0,0,9.392745258631441
-0.08632399714273321,0.285909449729789,0.4810971433732734,0,0,1,0,0,0,1,0,0,0,10.043292972227004
0.07763022965797926,0.2821246973543569,0.26834858331785233,1,0,1,1,0,0,1,0,0,0,9.99884318585288
-1.2340035847477204,-1.2109601147535876,-1.4370004454617489,0,0,1,0,0,0,1,0,0,0,10.747229096720554
-1.2340035847477204,-1.1333726910572306,-0.9600610854347117,0,0,1,0,0,0,1,0,0,0,10.596659732783579
0.07763022965797926,-0.14839088535103903,-0.2609377796389816,1,1,1,0,0,0,1,0,0,0,10.30881931842128
-0.08632399714273321,-0.3196509303393394,-0.3461147547766016,0,0,1,0,0,0,1,0,0,0,9.680344001221918
2.2090351780672415,2.1498999946300748,0.21079216850228835,0,0,1,1,0,0,1,0,0,0,8.77971129020447
-1.070049357947008,-0.451265694194989,1.622003303524671,1,0,0,0,0,0,0,1,0,0,11.184407509012852
-0.5781866775448706,-0.2947851072327508,0.3317078446417694,1,0,0,0,0,0,1,0,0,0,10.186634356186147
-0.5781866775448706,-0.5644108664585302,-0.22076630183507825,1,0,1,1,0,0,1,0,0,0,10.165890277802454
0.40553868325940423,0.3899901400541704,0.0674911942983359,1,0,1,0,0,0,1,0,0,0,10.373522431293592
0.5694929100601167,0.8071644706361684,0.33375996646602557,0,0,1,0,0,0,1,0,0,0,8.77971129020447
-1.070049357947008,-0.8500461282323871,-0.012231352385858346,0,0,0,0,0,0,1,0,0,0,10.250581747317963
2.372989404867954,-0.33128904389379293,-1.1356658924853171,1,1,0,0,0,0,1,0,0,0,10.373366173968712
0.24158445645869173,1.17260123624601,1.0937603555757305,1,0,1,1,0,0,1,0,0,0,9.903037451255743
0.24158445645869173,0.8441604251060166,0.7266756756365172,0,1,1,0,0,0,1,0,0,0,9.158625936289503
1.389264044063679,0.6852008253378705,-0.2866588995970793,0,0,1,0,0,0,1,0,0,0,8.81001204797317
-1.2340035847477204,-1.161758333872971,-1.134551095200701,0,0,1,1,0,0,1,0,0,0,11.210481638644469
2.2090351780672415,1.601110900192427,-0.08255335516227316,0,1,1,1,0,0,1,0,0,0,8.612685172875459
-0.5781866775448706,-0.010152804838383316,0.9149310083951566,1,0,1,0,0,0,1,0,0,0,10.757817770687463
-0.9060951311462956,-1.037656303482554,-0.9857692802069008,0,0,1,0,0,0,1,0,0,0,11.225256725762893
-1.2340035847477204,-1.1895194925467651,-1.3052023247518383,1,0,1,0,0,0,1,0,0,0,11.080618310893968
2.045080951266529,3.0014692791022863,0.7689762840646359,0,1,1,0,0,0,1,0,0,0,8.268988209506656
1.717172497665104,0.8063129013516961,-0.3435297175948832,0,0,1,0,0,0,1,0,0,0,8.968396191198256
-0.5781866775448706,-0.4615791444180413,-0.010059921153214994,1,0,1,0,0,0,1,0,0,0,10.594156665220533
-1.2340035847477204,-0.8589781438384069,0.7266756756365172,0,0,1,0,0,0,1,0,0,0,11.2708539037705
0.24158445645869173,1.664505502480914,1.6435413633159877,0,0,1,1,0,0,1,0,0,0,9.105090961257085
-1.2340035847477204,-1.1728287345711097,-1.2026021990094367,0,0,0,0,0,0,1,0,0,0,10.915070282231135
-0.2502782239434457,-0.8211306200840863,-0.9600610854347117,0,0,1,1,1,0,0,0,0,0,10.87806606028079
0.7334471368608292,-0.035794502181935466,-0.5446086812299756,0,1,1,0,0,0,1,0,0,0,9.259225769705994
-0.7421409043455831,-1.024447517692296,-1.0761085745964123,1,0,1,0,0,0,1,0,0,0,11.735276702486741
-0.9060951311462956,-0.8284541159305473,-0.3427735942192306,1,0,0,0,0,0,1,0,0,0,10.985275773591676
1.2253098172629666,0.27644756879120885,-0.505018510946936,0,0,1,0,0,0,1,0,0,0,10.34177474101152
0.5694929100601167,0.17709781893611748,-0.2621010463707549,0,0,1,0,0,0,1,0,0,0,9.433563920090563
-1.2340035847477204,-1.161758333872971,-1.134551095200701,1,0,1,0,0,0,0,0,0,0,11.082157933374816
3.6846232192736537,1.0455849465265106,-0.7227255904846721,0,1,1,0,0,0,0,0,1,0,8.343077871169383
-1.070049357947008,-0.812482460906224,0.14170761178546998,1,0,0,0,0,1,0,0,0,0,10.597559305547207
-0.08632399714273321,-0.29599622799288905,-0.31380179000512215,0,0,1,0,0,0,1,0,0,0,11.082157933374816
-1.2340035847477204,-1.2273291687773313,-1.537623017760136,0,1,1,0,0,0,1,0,0,0,11.097273648073832
1.2253098172629666,0.143981235651087,-0.6008169476812045,1,0,1,0,0,0,1,0,0,0,9.036106025364846
0.07763022965797926,-0.21557024001495795,-0.3435297175948832,1,0,1,0,0,0,1,0,0,0,10.203629181337648
-0.41423245074415815,-0.4268918888972066,-0.1762519615658882,0,0,1,0,0,0,1,0,0,0,10.518700218288165
-0.08632399714273321,1.3172544720350232,1.8899424074097786,0,0,1,0,0,0,1,0,0,0,9.90353755128617
-0.2502782239434457,-0.2751800899280128,-0.12105495514324695,0,1,1,0,0,0,1,0,0,0,10.518700218288165
0.40553868325940423,0.2726628164157768,-0.05271303465156784,0,0,1,0,0,0,1,0,0,0,10.30865261563529
-0.9060951311462956,-0.8570857676506908,-0.4307747224778778,1,0,1,0,0,1,0,0,0,0,11.156193376541639
-0.7421409043455831,-0.5643540951728987,0.055191587387719926,0,0,0,0,0,0,1,0,0,0,9.998797732340453
-0.5781866775448706,-0.650816763189644,-0.39781549841096864,0,1,1,0,0,0,0,0,1,0,10.454523783963511
-0.08632399714273321,0.049362426265285704,0.15796749565847842,1,0,1,1,0,0,1,0,0,0,9.90353755128617
0.7334471368608292,0.433514792371639,-0.13247989625887727,1,0,1,1,0,0,1,0,0,0,9.350189267092581
0.5694929100601167,2.055281185244273,1.514117770990725,1,0,1,1,0,0,1,0,0,0,9.392661928770137
1.717172497665104,-0.8078272154844426,-1.335761341795522,1,1,1,0,0,0,1,0,0,0,12.301387370778713
1.8811267244658165,-0.5675522109301387,-1.2076707183407345,1,0,1,0,0,0,1,0,0,0,10.122663242288953
1.717172497665104,2.535944736924144,0.7196960752458778,0,0,1,1,0,0,1,0,0,0,9.04793908261736
-1.2340035847477204,-1.1939287290641434,-1.3323064396021553,0,1,1,0,0,0,1,0,0,0,10.849356503939038
-1.070049357947008,-1.0963199653017508,-1.02148156887234,0,1,1,0,0,0,1,0,0,0,10.768506042432708
-0.7421409043455831,-0.4957933058919471,0.22377220215630084,0,0,0,0,0,0,1,0,0,0,10.11013580132114
-0.2502782239434457,-0.8483619134253199,-1.0019096061102548,1,1,1,0,0,0,1,0,0,0,11.561725152903833
-0.7421409043455831,-0.5467360728652625,0.09851164047895614,0,0,1,0,0,0,1,0,0,0,11.184435286790631
-1.070049357947008,-0.8267888248853572,0.08307896850409761,0,0,0,0,0,0,1,0,0,0,10.130623125119875
1.061355590462254,1.8281960427183501,0.7557573439308488,0,0,1,1,0,0,1,0,0,0,8.922791623969637
-0.9060951311462956,-0.8176297241368117,-0.3095041656905153,0,0,1,0,0,0,1,0,0,0,11.790557201568507
0.07763022965797926,-1.2033906100027236,-1.5579801855661681,0,0,1,0,0,0,1,0,0,0,11.082004077752629
-1.070049357947008,-1.2128524909413037,-1.4990413378229897,0,0,1,0,0,0,1,0,0,0,10.778977123006351
-0.5781866775448706,0.37106637817701016,1.6960646187809016,0,0,1,1,0,0,0,0,0,0,10.915106645867503
-1.2340035847477204,-1.2335172389111626,-1.5756618398891216,0,0,1,0,0,1,0,0,0,0,11.39640288460621
-0.5781866775448706,-0.5704286227354671,-0.23309692919187483,1,0,0,0,0,0,1,0,0,0,10.896720806856424
-0.7421409043455831,-0.5987953417893304,-0.0294942306853735,1,0,0,0,0,0,1,0,0,0,11.362090947261063
-0.7421409043455831,0.07178708408972062,1.6193665655993181,0,0,0,0,0,0,1,0,0,0,10.529586398342945
-0.9060951311462956,-0.9798442109478294,-0.8080802869285352,0,0,0,0,0,0,1,0,0,0,10.302230114883466
-1.070049357947008,-0.6792024060053843,0.687900117910742,0,0,1,0,0,0,1,0,0,0,10.34177474101152
1.2253098172629666,0.5468870497777061,-0.30943915960844554,0,0,1,0,0,0,1,0,0,0,9.581972891547895
2.536943631668666,3.7773435160658573,0.8662676834493087,0,0,1,0,0,0,1,0,0,0,9.648659816955295
1.5532182708643916,1.7882669051575422,0.35798134622922356,0,0,1,1,0,0,1,0,0,0,8.77971129020447
-0.9060951311462956,-0.8968256675927273,-0.5529177293140702,0,0,1,1,0,0,1,0,0,0,10.308985993422082
-0.2502782239434457,-0.47671815391976957,-0.4307747224778778,0,0,1,1,0,0,1,0,0,0,10.085850775128717
1.8811267244658165,1.7212767881123947,0.13230176935427473,0,0,1,1,0,0,1,0,0,0,8.291797105048733
-0.2502782239434457,-0.7000374678321378,-0.7739674900192842,1,0,1,0,0,0,1,0,0,0,10.925956465688445
1.717172497665104,0.18182875940540752,-0.7274077390800594,1,1,0,0,0,0,1,0,0,0,9.770013301136158
1.389264044063679,1.0996312104476802,-0.0035973281989189806,0,0,1,1,0,0,1,0,0,0,10.203629181337648
0.5694929100601167,-0.5454492570576156,-0.9454218210256267,0,1,1,1,0,0,1,0,0,0,9.913437883389296
0.24158445645869173,0.3762704126932292,0.20373440394390108,1,0,0,1,0,0,1,0,0,0,10.085767441795337
-0.7421409043455831,-0.2698246653167764,0.7793949239204816,0,0,0,1,0,0,1,0,0,0,10.158168529848494
1.389264044063679,-0.10770479731514446,-0.8282241891670755,0,0,1,0,0,0,1,0,0,0,9.15915233520675
-1.070049357947008,-0.8873637866541472,-0.16516215205631637,0,0,1,0,0,1,0,0,0,0,10.645448706505872
0.5694929100601167,0.7079093395904628,0.2398932894175525,0,0,1,0,0,0,1,0,0,0,9.680406499268875
0.07763022965797926,0.09667183095818636,0.04034830389029307,1,0,1,1,0,0,1,0,0,0,10.184937747111391
-0.08632399714273321,0.37106637817701016,0.5974238165505995,0,0,1,1,0,0,0,0,1,0,9.825580063659602
1.2253098172629666,0.3204074676318521,-0.4732271154421207,0,1,1,0,0,0,1,0,0,0,10.25769445336048
-0.5781866775448706,-0.8689509663476703,-0.8447813523159815,1,0,0,0,0,0,1,0,0,0,10.36404041362647
-0.7421409043455831,-0.7586822058894575,-0.422631855355465,1,0,1,0,0,0,0,1,0,0,10.594156665220533
1.8811267244658165,3.8908860873288185,1.402478253142888,0,0,1,1,0,0,1,0,0,0,9.15915233520675
-0.5781866775448706,-0.8400543819612466,-0.7855710756687225,1,0,1,1,0,0,1,0,0,0,10.645448706505872
-0.9060951311462956,-0.7052982736339883,0.035753400299788685,1,0,0,0,0,0,1,0,0,0,11.39640288460621
-0.5781866775448706,-0.506996172923226,-0.1031212596950759,0,0,1,0,0,0,0,0,0,0,10.905974329106854
0.7334471368608292,1.2604831864035424,0.5937309062910019,1,0,1,0,0,0,1,0,0,0,9.210340371976184
0.5694929100601167,0.9619797665532165,0.4801705069681343,0,0,1,0,0,0,1,0,0,0,8.974744612722734
-0.41423245074415815,0.09667183095818636,0.7432937718047066,0,0,1,0,0,0,1,0,0,0,10.043292972227004
-0.5781866775448706,-0.5813287095767115,-0.25543165044192145,0,0,1,0,0,0,1,0,0,0,10.725489582719506
0.24158445645869173,1.408164224092901,1.3570393424323408,0,0,1,1,0,0,1,0,0,0,9.581972891547895
1.8811267244658165,-0.19664647813779768,-0.9905275950763923,0,0,1,0,0,0,0,0,0,0,10.085850775128717
0.07763022965797926,-0.7539891129439217,-1.0054750186431398,0,0,1,0,0,0,1,0,0,0,10.799595985047786
2.8648520852700914,1.590456822255586,-0.312190450161851,0,0,1,0,0,0,1,0,0,0,9.209940291954844
2.536943631668666,0.5640887493240448,-0.7139138449914896,0,1,1,0,0,0,1,0,0,0,9.392661928770137
-0.9060951311462956,0.04342036503585738,2.336985812430243,0,0,1,0,0,0,1,0,0,0,9.661479683575521
-1.070049357947008,-1.1409421958080948,-1.2043470991070966,0,0,1,0,0,0,1,0,0,0,9.87822102528824
0.40553868325940423,0.5871568150523031,0.26949246227076273,0,0,1,1,0,0,0,1,0,0,9.615805480084347
-1.2340035847477204,-0.8627628962138388,0.703410341001052,1,0,1,0,0,0,1,0,0,0,11.812296455066814
-0.5781866775448706,0.21967628315972806,1.3858601569746989,0,0,1,1,0,0,1,0,0,0,9.838949031398556
-1.070049357947008,-1.0784937816134659,-0.9484284181169791,0,0,1,0,0,0,1,0,0,0,11.00128284088368
-0.9060951311462956,-0.6578185550841933,0.18168521180074432,0,0,0,0,0,0,1,0,0,0,10.596609732783568
0.40553868325940423,1.8565816855340906,1.5700440561721318,0,0,1,0,1,0,0,0,0,0,9.71057005652877
-1.070049357947008,-1.0438254498545083,-0.8063547746097381,0,0,1,0,0,0,1,0,0,0,10.706542394797626
-0.08632399714273321,1.4875683289294654,2.122595753764431,0,0,1,0,0,0,1,0,0,0,9.820160289946374
-0.7421409043455831,-1.0652471482994537,-1.1764286975445384,0,0,1,0,0,0,1,0,0,0,10.817696118205959
1.061355590462254,-0.8968256675927273,-1.3381227732610217,1,0,1,0,0,0,1,0,0,0,11.050905878263567
-0.5781866775448706,-0.8854146391807997,-0.8785160875374061,1,0,0,0,0,0,1,0,0,0,10.666650414667744
2.045080951266529,1.525415852683786,-0.055885580283676815,0,0,1,1,0,0,1,0,0,0,8.343077871169383
1.8811267244658165,0.2669856878526287,-0.7190986909959647,1,0,1,0,0,0,1,0,0,0,9.392745258631441
1.389264044063679,1.8281960427183501,0.494022329281865,0,0,1,0,0,0,1,0,0,0,10.0848920222676
-0.41423245074415815,-0.0895379859130706,0.4162496392147385,0,0,1,1,0,0,1,0,0,0,10.75579427616868
-0.2502782239434457,2.3039583400720365,3.8425146983594924,0,0,1,0,0,0,1,0,0,0,9.740733301234702
-0.41423245074415815,-0.36696033503224,-0.07099294043657621,0,0,1,0,0,0,1,0,0,0,10.596659732783579
-0.08632399714273321,0.8441604251060166,1.2436831119801892,0,0,1,0,1,0,0,0,0,0,10.341742483467284
1.2253098172629666,1.5821871383152668,0.4392803654337114,0,0,1,0,0,0,1,0,0,0,8.25608813381491
0.24158445645869173,0.0029992096662430664,-0.21345534667841853,1,0,1,0,0,0,1,0,0,0,10.596284671831778
0.24158445645869173,0.24806192597546844,0.06044109289364932,1,0,1,1,0,0,1,0,0,0,9.792611856190192
0.07763022965797926,-0.3291128112779195,-0.48312172540767456,1,0,1,0,0,0,1,0,0,0,10.401258331428318
-1.2340035847477204,-1.0482157626100095,-0.4365910561367441,0,0,1,0,0,0,1,0,0,0,10.373522431293592
0.40553868325940423,-0.3584067946637636,-0.6992566841711465,0,1,1,0,0,0,1,0,0,0,10.038411724792649
0.7334471368608292,2.068111495796988,1.302958014556991,0,0,1,0,0,0,1,0,0,0,9.15915233520675
-0.5781866775448706,0.42344735105298975,1.803395362565848,0,0,1,0,0,0,0,1,0,0,10.691967639914864
0.24158445645869173,-0.4826602151491979,-0.7562567540280364,1,0,1,1,0,0,1,0,0,0,10.165890277802454
-0.08632399714273321,-0.2534177637692785,-0.2556384534164591,1,0,1,0,0,1,0,0,0,0,10.859018228147887
0.07763022965797926,0.3521426162998499,0.35443032146907366,0,0,1,1,0,0,1,0,0,0,10.034559673629849
0.07763022965797926,0.06828618814244597,0.005450301937095228,1,0,1,0,0,0,1,0,0,0,10.154285180632154
3.356714765672229,2.4526801846646387,-0.08761103660476569,0,0,1,0,0,0,0,0,1,0,9.61587214452889
1.2253098172629666,1.6957297095782284,0.5213933112059418,0,0,1,1,0,0,1,0,0,0,10.518700218288165
3.6846232192736537,-0.12131098210482269,-1.1710413184930135,0,0,1,0,0,0,0,0,1,0,9.169518377455928
-0.08632399714273321,0.7116940919658948,1.0627305092599042,0,0,1,0,0,0,1,0,0,0,10.4341158035983
-1.070049357947008,-0.8104576183853679,0.15000558113878576,0,0,0,0,0,0,1,0,0,0,10.714395546283317
0.07763022965797926,1.2226356626492219,1.4246357147004742,1,0,1,0,0,0,1,0,0,0,10.106469212026385
0.7334471368608292,1.3172544720350232,0.6435851947955701,1,0,1,0,0,0,1,0,0,0,9.210340371976184
-0.2502782239434457,-0.24395588283069833,-0.07307020245759992,1,0,1,1,0,0,0,0,0,1,10.124669180536797
-0.41423245074415815,-0.3480365731550798,-0.037756748100197246,1,0,1,0,0,1,0,0,0,0,10.817796321618971
0.07763022965797926,-0.8589781438384069,-1.134551095200701,1,0,1,1,0,0,1,0,0,0,11.735997013692314
-1.2340035847477204,-0.9377009932473935,0.24275671521884054,0,0,1,0,0,0,1,0,0,0,11.154835234271214
0.8974013636615417,0.22724578791059216,-0.39936652071999973,1,0,1,1,0,0,1,0,0,0,10.448743588106625
-0.9060951311462956,-0.8646552724015549,-0.454040057113343,1,0,1,0,0,0,1,0,0,0,10.778977123006351
-1.070049357947008,-1.0444310102345773,-0.8088364103041877,1,0,1,0,0,0,1,0,0,0,10.829748417047593
2.700897858469379,0.31429509254552934,-0.8661049263299483,1,0,1,0,0,0,1,0,0,0,10.12667110305036
-0.2502782239434457,0.27425241241345827,0.7233022021143748,0,0,0,1,0,0,1,0,0,0,10.12025079288605
-0.5781866775448706,-0.6129692394353234,-0.32026438295941795,0,1,1,0,0,0,1,0,0,0,10.221977646629885
1.389264044063679,3.0771643266109274,1.3470845992489233,0,0,1,1,0,0,1,0,0,0,8.25608813381491
0.7334471368608292,2.2634425658930364,1.4744900032050423,0,0,1,0,0,0,1,0,0,0,9.093918908958932
2.372989404867954,-0.8154534915209383,-1.3836840535888077,0,0,1,0,0,0,1,0,0,0,10.25769445336048
0.8974013636615417,0.2575238069140486,-0.37455016377550343,1,0,1,0,0,0,1,0,0,0,11.141876276228
-0.9060951311462956,-0.8937978656923817,-0.5436115954598841,1,0,0,0,0,0,1,0,0,0,10.754727632155955
-0.08632399714273321,1.1853936992749705,1.7098170165876434,1,0,1,0,0,0,1,0,0,0,9.798182590890704
0.8974013636615417,1.3172544720350232,0.494022329281865,0,0,1,0,0,0,1,0,0,0,8.294049640102028
-0.9060951311462956,-0.8741171533401351,-0.48312172540767456,0,0,1,0,0,0,1,0,0,0,11.326005351001017
-0.08632399714273321,1.3645638767279238,1.9545683369527376,0,0,1,1,0,0,1,0,0,0,10.292179440058462
-1.2340035847477204,-1.0170104792745722,-0.2447683720673333,0,0,0,0,0,0,1,0,0,0,10.596634733096073
-0.41423245074415815,-0.03967387336675332,0.5038270060210968,0,0,1,0,0,0,1,0,0,0,10.308752640641625
1.2253098172629666,0.143981235651087,-0.6008169476812045,0,0,1,1,0,0,1,0,0,0,9.350189267092581
-0.9060951311462956,-0.4284625611330109,0.8866248512553407,0,0,1,0,0,0,1,0,0,0,10.154207359620441
0.07763022965797926,0.6927703300887346,0.7732063449074478,0,0,1,1,0,0,1,0,0,0,10.106469212026385
-1.070049357947008,-1.0292920007328492,-0.7467955179429472,0,0,1,0,0,0,1,0,0,0,10.236417809461043
0.7334471368608292,0.015299654886397236,-0.49973982157586405,1,0,1,0,0,0,1,0,0,0,9.711115659888671
-1.070049357947008,-0.8542472033691167,-0.029447700016102613,1,0,1,0,0,0,1,0,0,0,11.134603622683905
-0.08632399714273321,-1.0817486686563373,-1.387160928598219,0,0,1,0,0,0,1,0,0,0,11.042937835596494
-1.070049357947008,-1.087955662552046,-0.9872039758427543,0,0,1,0,0,0,1,0,0,0,11.434974734252892
-0.41423245074415815,-0.04222858122016996,0.4993401200556857,1,0,1,1,0,0,1,0,0,0,10.757924157061597
-0.9060951311462956,-1.0071133518128172,-0.8918936549527986,0,0,0,0,0,1,0,0,0,0,10.491274217438248
-1.070049357947008,-0.629678921172856,0.8908513870474501,0,0,0,0,0,0,1,0,0,0,10.413312675968536
-0.5781866775448706,0.3938505874771111,1.7427503902827355,0,0,0,1,0,0,1,0,0,0,9.938323667371586
-0.5781866775448706,-0.5013190443600779,-0.09148859237734329,0,0,1,0,0,0,1,0,0,0,10.454523783963511
0.5694929100601167,-0.19853885432551371,-0.617344809843051,1,1,0,0,0,0,1,0,0,0,10.27163147557801
0.8974013636615417,0.46663137565666946,-0.2031621986275764,1,0,1,0,0,0,1,0,0,0,8.665785595466064
-0.41423245074415815,-1.0302381888267071,-1.2359214818266566,1,1,1,0,0,0,1,0,0,0,11.018563567234903
2.045080951266529,0.4202681590576268,-0.6734744633342082,1,0,1,1,0,0,1,0,0,0,10.373522431293592
-1.070049357947008,-1.1073525184761353,-1.066693869180594,1,0,1,0,0,0,1,0,0,0,11.39640288460621
-0.7421409043455831,-0.9592740817873562,-0.9158569496273278,0,0,1,0,0,0,1,0,0,0,10.216508370253013
-1.070049357947008,-0.8613057665492976,-0.05837426607953098,0,0,0,0,0,0,1,0,0,0,9.852194258148577
-0.41423245074415815,-0.3709154012645665,-0.07793930463487946,1,0,1,0,0,0,1,0,0,0,10.859018228147887
-0.08632399714273321,0.7053546317370462,1.0540706347011475,0,0,1,0,0,0,1,0,0,0,9.645429005150419
0.5694929100601167,0.9807899858591137,0.4979595397586359,0,0,1,0,0,0,0,1,0,0,9.093918908958932
0.7334471368608292,1.5821871383152668,0.8762385411502224,0,0,1,0,0,0,1,0,0,0,8.987196820661973
-0.41423245074415815,-0.007408859366195077,0.5604947139546229,1,0,1,0,0,1,0,0,0,0,10.62135173563291
-1.2340035847477204,-1.0576776435485895,-0.49475439272540717,0,0,1,1,0,0,1,0,0,0,11.05881093278828
-0.08632399714273321,-0.2514307687721766,-0.25292416437565474,1,0,1,1,1,0,0,0,0,0,9.9281801651265
-0.5781866775448706,-0.6933006086038688,-0.48486662550533444,1,0,1,0,0,0,1,0,0,0,11.024366749924715
-0.7421409043455831,-0.8627628962138388,-0.6785505363455825,1,0,1,0,0,1,0,0,0,0,10.714217748749789
-1.070049357947008,-0.5056525858299475,1.3991213977169141,1,0,0,0,0,0,0,1,0,0,11.112432972888584
1.8811267244658165,-0.3858840969094003,-1.1013149028643219,0,0,1,0,0,0,1,0,0,0,8.699681400989514
-0.9060951311462956,-0.8996642318743013,-0.5616422298023697,0,0,1,0,0,1,0,0,0,0,10.645424897265505
-0.5781866775448706,0.37106637817701016,1.6960646187809016,0,0,1,1,0,0,0,0,0,0,10.868587496017359
-0.7421409043455831,-0.23449400189211822,0.8662676834493087,0,0,1,1,0,0,1,0,0,0,10.55843949396453
1.717172497665104,1.374025757666504,0.005450301937095228,1,0,1,0,0,0,1,0,0,0,9.205428327615163
0.07763022965797926,-1.019830119794269,-1.3323064396021553,1,0,1,0,0,0,1,0,0,0,11.184435286790631
0.5694929100601167,-0.6020691525940791,-0.9989678835097129,0,1,1,0,0,0,1,0,0,0,9.846970109700957
-0.08632399714273321,0.6976905081767962,1.0436012341151881,1,0,1,0,0,1,0,0,0,0,10.351405324899678
-1.070049357947008,-0.7102752230076815,0.5605611863392955,1,0,1,0,0,0,1,0,0,0,12.194763942507127
0.5694929100601167,1.8565816855340906,1.326205452781198,0,0,1,0,1,0,0,0,0,0,8.691146498539675
-0.9060951311462956,-1.1292473109680097,-1.2672798292960301,1,0,0,0,0,0,1,0,0,0,12.542516310314644
1.2253098172629666,-0.31018904940075925,-0.9292687307701254,1,1,1,0,0,0,1,0,0,0,11.050905878263567
-0.5781866775448706,-0.866680114922411,-0.8401282853888885,1,0,0,0,0,0,1,0,0,0,11.982922844196432
-0.5781866775448706,-1.1043625640995438,-1.3271492904246271,0,0,1,0,0,0,1,0,0,0,11.065090289695444
0.07763022965797926,0.20972238441234176,0.17933541300256226,1,0,1,0,0,0,1,0,0,0,10.373522431293592
-0.5781866775448706,-0.5662464713606148,-0.22452753093447855,1,0,0,0,0,0,1,0,0,0,10.33822015832486
-0.41423245074415815,-0.872224777152419,-0.9583992758178929,1,1,1,0,0,0,1,0,0,0,11.06665398721974
0.7334471368608292,-0.10202766875199638,-0.6027720178186387,1,0,1,1,0,0,1,0,0,0,10.518700218288165
-0.08632399714273321,1.023936162939039,1.489261644243433,0,0,1,0,0,0,1,0,0,0,9.61587214452889
-0.9060951311462956,-0.759817631602087,-0.13181517241214963,0,0,0,1,0,0,1,0,0,0,10.595434012519554
-0.7421409043455831,-0.9344839537282763,-0.8549017728824089,0,0,1,0,0,0,1,0,0,0,11.643962499267984
-0.41423245074415815,-0.38109638515447875,-0.09582037611185136,1,0,1,0,0,0,0,0,0,1,10.126471091048971
-0.5781866775448706,-0.6127421542927975,-0.31979907626670867,1,0,1,0,0,1,0,0,0,0,10.545367754151743
2.536943631668666,2.7212651369871743,0.3469202714487453,0,0,1,0,0,0,1,0,0,0,9.674137279312397
0.8974013636615417,0.049362426265285704,-0.5451626177689153,0,0,1,1,0,0,1,0,0,0,9.87822102528824
0.8974013636615417,0.39320717957328766,-0.2633418642179796,0,0,1,1,0,0,1,0,0,0,9.741027444837728
-0.7421409043455831,-1.1391633621916417,-1.3581774917167926,0,0,0,0,0,0,1,0,0,0,11.37940550085183
0.07763022965797926,-0.7075880488211247,-0.9484284181169791,1,0,1,0,0,0,1,0,0,0,10.714417768752456
-0.7421409043455831,-0.4805029062952016,0.2613689829272127,1,0,1,0,0,0,1,0,0,0,10.87806606028079
-0.9060951311462956,-0.23129588613487811,1.4926286551726213,1,0,1,0,0,0,1,0,0,0,11.308370569092329
-1.2340035847477204,-1.2336307814824257,-1.5763597999281855,0,0,1,0,0,0,1,0,0,0,12.095146671399466
1.2253098172629666,0.6214466715737176,-0.2555183252180145,0,0,1,1,0,0,1,0,0,0,9.648659816955295
2.372989404867954,1.9228148521041515,0.01902174714111654,0,0,1,1,0,0,1,0,0,0,8.77971129020447
-1.070049357947008,-0.9369061952485528,-0.3681909723084763,1,0,1,0,0,0,1,0,0,0,11.350359475541623
-0.7421409043455831,-0.7507153021391729,-0.40304244359240327,1,0,1,0,0,0,1,0,0,0,10.87134554126669
2.045080951266529,0.46568518756281146,-0.6480940982773371,0,0,1,1,0,0,1,0,0,0,9.648659816955295
1.389264044063679,1.0642437757373906,-0.027767425847985586,0,0,1,0,0,0,1,0,0,0,9.153875834995056
-0.41423245074415815,0.16290499752824728,0.8596204449820327,0,0,1,0,0,0,1,0,0,0,9.61587214452889
1.061355590462254,0.24643448245403266,-0.459652819094149,1,0,1,1,0,0,1,0,0,0,10.266427828229292
1.2253098172629666,0.5413802350714525,-0.31342163747839885,1,1,1,0,0,0,1,0,0,0,10.165851817003619
-0.5781866775448706,-0.8779586770011986,-0.8632385177934506,0,0,1,0,0,0,1,0,0,0,10.19432713480299
0.7334471368608292,0.143981235651087,-0.3867367676321757,1,0,1,0,0,0,1,0,0,0,9.680406499268875
1.5532182708643916,1.9322767330427317,0.4511651339007447,0,0,1,0,0,0,1,0,0,0,9.581972891547895
-0.9060951311462956,-0.3858840969094003,1.0174923585798326,0,0,1,0,0,0,1,0,0,0,10.859018228147887
-0.2502782239434457,-0.20989311145180986,-0.020723199527803153,1,0,1,0,0,0,1,0,0,0,10.887455624298198
-0.08632399714273321,1.0333980438776194,1.502186830152025,1,0,1,0,0,0,1,0,0,0,9.893487720457795
-0.41423245074415815,0.0804163195057057,0.7147438825877573,0,0,1,1,0,0,0,1,0,0,10.085642428772983
-0.9060951311462956,-0.48148694191281394,0.7236511821339068,0,0,1,0,0,0,1,0,0,0,10.51303570921976
0.7334471368608292,3.3042494691368507,2.388485292455462,0,0,1,0,0,0,0,0,0,0,9.825580063659602
-0.41423245074415815,-0.8816866580909991,-0.9750173719860821,1,0,1,0,0,0,1,0,0,0,10.165890277802454
-0.5781866775448706,0.2054645379899807,1.3567397131226413,0,0,0,1,0,0,1,0,0,0,10.621229779951454
0.07763022965797926,0.15344311658966714,0.11014430779668875,1,0,1,0,0,0,1,0,0,0,9.852246888342531
-1.2340035847477204,-1.1705768069077276,-1.1887593249013348,0,0,0,0,0,0,0,1,0,0,11.87756163408958
-0.41423245074415815,1.0324518557837612,2.3868234828386434,0,0,1,0,0,0,1,0,0,0,9.95227771670556
1.2253098172629666,-0.14267590926413662,-0.8081247647741617,0,0,0,0,0,0,1,0,0,0,9.539716058977092
-0.9060951311462956,-0.9807336277560559,-0.8108139637482022,1,0,0,0,0,0,1,0,0,0,10.96648993456911
-1.2340035847477204,-1.2171103373636647,-1.4748066142443799,0,1,1,0,0,0,1,0,0,0,10.463131911491967
-0.9060951311462956,-1.0009063579171087,-0.8728160805517171,1,0,1,1,0,0,1,0,0,0,11.407576060361786
-0.7421409043455831,-0.7536106377063785,-0.41016163599085553,1,1,1,0,0,0,1,0,0,0,11.813030057420567
-0.7421409043455831,-0.870332400964703,-0.6971628040539547,0,0,1,0,0,0,1,0,0,0,10.968215530759236
-0.08632399714273321,-0.5164580538618061,-0.6149586216753109,1,0,1,0,0,0,1,0,0,0,9.952325334619427
0.07763022965797926,0.6973498804630074,0.7788365558892305,0,1,0,1,0,0,1,0,0,0,9.350015354048665
0.24158445645869173,0.503532711317132,0.34597019978345,1,0,1,1,0,0,1,0,0,0,10.085850775128717
-0.5781866775448706,-0.7366360233025657,-0.5736626526973602,0,0,0,0,0,0,1,0,0,0,10.126591103050316
-0.7421409043455831,-0.9346731913470478,-0.8553670795751181,0,0,1,0,0,0,0,1,0,0,11.231901180182515
-0.9060951311462956,-0.33087272113249544,1.1865731780430762,0,0,1,0,0,0,1,0,0,0,10.556775816334186
1.8811267244658165,1.2226356626492219,-0.15962278666691987,0,0,1,1,0,0,1,0,0,0,9.711176264112805
0.5694929100601167,1.2144416737564114,0.7189265295617817,1,0,1,0,0,0,1,0,0,0,8.853808274977197
-0.2502782239434457,1.0622567807402887,1.9342919515586343,1,0,1,1,0,0,1,0,0,0,10.25769445336048
-0.08632399714273321,0.10613371189676649,0.2355186111100291,0,0,1,1,1,0,0,0,0,0,10.100328195429285
-0.7421409043455831,-1.078966875660395,-1.210163432765963,1,0,0,0,0,0,1,0,0,0,11.154835234271214
-0.08632399714273321,-0.08310390687483613,-0.02298510706180681,0,0,1,1,0,0,1,0,0,0,9.952325334619427
-0.41423245074415815,-0.9013484466813686,-1.00954977582358,1,0,0,0,0,0,1,0,0,0,12.404517684236607
0.24158445645869173,2.477281075104947,2.5519469293098345,0,0,1,0,1,0,0,0,0,0,9.305286849285137
-1.070049357947008,-0.6356020586404071,0.866577887911115,0,0,1,1,0,0,1,0,0,0,10.799493941107576
-0.7421409043455831,-0.42373162066372083,0.4009609907400041,0,0,1,0,0,0,1,0,0,0,10.747229096720554
-0.41423245074415815,-0.25152538758156245,0.1317478328153351,1,0,1,0,0,0,1,0,0,0,10.545367754151743
1.717172497665104,0.18182875940540752,-0.7274077390800594,0,0,1,0,0,0,1,0,0,0,9.433563920090563
2.045080951266529,0.7116940919658948,-0.5106171208859516,0,0,1,0,0,0,1,0,0,0,8.556606193773073
-0.5781866775448706,0.22228776229877617,1.3912111839408559,1,0,0,0,0,0,1,0,0,0,10.81975828421028
-0.7421409043455831,-0.36222939456294995,0.5521856658705281,1,0,1,1,0,0,1,0,0,0,10.232827270254802
-0.2502782239434457,0.24068165884337595,0.6717113225602307,0,0,0,0,0,0,1,0,0,0,9.770013301136158
-0.9060951311462956,-0.775278345055727,-0.17933461840508735,0,0,0,0,0,0,1,0,0,0,10.699101064640564
-0.9060951311462956,-0.7893954714160886,-0.22272446750023,0,0,0,0,0,0,1,0,0,0,10.292518354180867
0.7334471368608292,1.3642421727760121,0.6848479275811846,0,0,1,0,0,0,1,0,0,0,8.071218539969863
-0.41423245074415815,-1.1012022958660581,-1.3605572030880775,1,0,1,0,0,0,1,0,0,0,11.06665398721974
-0.5781866775448706,-0.8495162628998267,-0.8049588545316102,0,0,1,0,0,0,1,0,0,0,11.23850177707664
1.389264044063679,0.15344311658966714,-0.6498566236285086,1,0,1,0,0,0,1,0,0,0,11.231887935237117
0.40553868325940423,1.219948488462665,0.9178003996668641,0,0,1,1,0,0,1,0,0,0,9.509778075438817
1.389264044063679,-1.0984394266319928,-1.50490937222549,0,1,1,0,0,0,1,0,0,0,10.621327345686446
-1.2340035847477204,-0.9252113104084677,0.3195323195158758,0,0,1,0,0,0,1,0,0,0,10.896757843893464
-0.2502782239434457,1.5064920908066257,2.616984114768067,0,0,1,1,0,0,1,0,0,0,9.04793908261736
-1.070049357947008,-1.0594186296412882,-0.8702568937418159,1,0,0,0,0,0,0,1,0,0,11.03488966402723
1.389264044063679,-0.5331866593612158,-1.1188340691358534,0,0,1,1,0,0,1,0,0,0,9.615538777855802
-0.9060951311462956,-0.2534177637692785,1.4246357147004742,0,0,1,0,0,0,1,0,0,0,11.0186455364637
-0.41423245074415815,-0.22503212095353808,0.17827850208626556,0,0,1,1,0,0,1,0,0,0,10.357774570341576
-0.41423245074415815,0.05797273791939363,0.6753257584768118,0,0,1,0,0,0,1,0,0,0,10.341419850781794
-0.7421409043455831,-0.8465830798088668,-0.6387668141189369,0,0,0,0,0,0,1,0,0,0,10.665484260976488
0.5694929100601167,-0.8979421695434798,-1.2787782735293274,1,0,1,0,0,0,1,0,0,0,12.328294703023396
-1.070049357947008,-0.5917557023710268,1.046263822412358,0,0,0,0,0,0,1,0,0,0,10.782927560612269
-0.2502782239434457,-0.6413548822510639,-0.6837852366385622,1,0,1,0,0,0,1,0,0,0,11.488181851079313
-0.08632399714273321,-1.0717758461470739,-1.3735377826505633,1,0,1,0,0,0,1,0,0,0,12.02515610124372
2.2090351780672415,0.45622330662423133,-0.6945328097038586,1,0,1,0,0,0,1,0,0,0,9.680344001221918
-1.2340035847477204,-1.0009063579171087,-0.14577437319342876,0,0,1,0,0,0,0,1,0,0,10.308952660644293
0.40553868325940423,0.5167793446311442,0.19738931267968335,0,0,1,1,0,0,1,0,0,0,9.942756341456828
-0.5781866775448706,-0.9157494294698876,-0.940673306571824,1,0,1,0,0,0,1,0,0,0,11.461642696843066
-0.7421409043455831,-0.49942666817236187,0.21483831365628228,1,0,1,0,0,1,0,0,0,0,10.668978650219241
-1.070049357947008,-1.1049870482414903,-1.05699997974915,0,1,1,0,0,0,1,0,0,0,10.819798284210286
-1.070049357947008,-0.922410593650648,-0.3087868178725885,0,0,0,0,0,0,0,0,0,0,11.170435156023453
-0.2502782239434457,-0.08310390687483613,0.17412397804421814,1,0,1,0,0,0,1,0,0,0,11.849404844423074
-0.5781866775448706,-0.97577560214424,-1.0636693756779836,0,0,1,0,0,0,0,1,0,0,10.668978650219241
0.07763022965797926,0.143981235651087,0.09851164047895614,1,0,1,0,0,0,0,0,0,0,10.434145214930487
1.2253098172629666,-0.04658104645191682,-0.7386298416689309,0,0,1,1,0,0,1,0,0,0,9.210440366976517
-1.2340035847477204,-1.0759958450456806,-0.6073586123610589,1,0,0,0,0,0,0,0,0,0,11.60733523953139
0.40553868325940423,0.6738465682115743,0.35830787724165103,0,0,1,0,0,0,1,0,0,0,10.985309671896763
-1.2340035847477204,-0.9657081608255906,0.07059323891639786,1,0,1,0,0,0,0,1,0,0,11.356224870204732
-0.2502782239434457,-0.5372741919266824,-0.5238360610197387,1,0,1,0,0,0,1,0,0,0,10.34177474101152
-0.08632399714273321,0.6118901718257517,0.9263956482960779,0,0,0,1,0,0,1,0,0,0,9.680281499268713
1.717172497665104,1.5064920908066257,0.08687897316122352,0,0,1,0,0,0,1,0,0,0,10.021315031649332
-1.2340035847477204,-1.2155018176041061,-1.464918847024307,1,1,1,0,0,0,1,0,0,0,11.206413891581187
2.536943631668666,2.6419178034362414,0.3078996521981432,0,0,1,1,0,0,1,0,0,0,9.205428327615163
1.389264044063679,0.12819881824553536,-0.6670988216305701,1,0,1,1,0,0,1,0,0,0,10.49116310015384
-0.2502782239434457,0.27644756879120885,0.7266756756365172,0,0,1,0,0,0,1,0,0,0,10.077482875583607
-0.7421409043455831,-0.6489243870019279,-0.1527539735840683,1,0,1,0,0,0,1,0,0,0,10.203592144986466
0.07763022965797926,1.80927228084119,2.1458610883998963,0,0,1,0,0,0,0,1,0,0,9.350189267092581
0.24158445645869173,0.8933622059866333,0.7816664665930714,0,0,1,1,0,0,1,0,0,0,9.472781556562168
-0.9060951311462956,-0.2570511260496932,1.413468354075451,0,0,1,0,0,0,1,0,0,0,10.654644173598973
-0.7421409043455831,-0.2406820720259496,0.8510521545977144,0,0,1,0,0,0,0,0,0,0,11.149096419938578
-0.7421409043455831,-0.8472075639508131,-0.6403023262048777,1,0,0,0,0,0,1,0,0,0,11.870592916210601
-1.2340035847477204,-1.0595700197363056,-0.5063870600431398,0,0,1,0,0,0,0,0,0,1,10.357774570341576
-0.9060951311462956,-0.7792523350499306,-0.19154891908870658,0,0,1,0,0,0,1,0,0,0,10.747229096720554
-0.08632399714273321,-0.23922494236140826,-0.23625067455357127,1,0,1,1,0,0,0,1,0,0,10.275016625615446
0.07763022965797926,1.1374787342020007,1.3199417088408807,1,0,1,1,0,0,1,0,0,0,9.468928284223587
0.7334471368608292,2.225595042138716,1.4412538108686634,0,0,1,0,0,0,1,0,0,0,9.680406499268875
-0.5781866775448706,0.05250377073689431,1.043316880025199,0,0,0,0,0,0,1,0,0,0,9.943621310275773
-1.070049357947008,-1.1948749171580015,-1.4253677781440164,1,0,1,0,0,0,1,0,0,0,12.466515835145202
-0.5781866775448706,-0.4791971667256775,-0.04615996539591173,0,0,1,1,0,0,1,0,0,0,10.221977646629885
0.07763022965797926,-0.6318930013124837,-0.8553670795751181,1,0,1,0,0,0,1,0,0,0,10.491301994830229
-0.7421409043455831,-0.33857469221649966,0.6103490024591911,0,0,1,0,0,0,1,0,0,0,10.34177474101152
-0.08632399714273321,0.35728987953043745,0.5786047458676895,1,0,1,1,0,0,1,0,0,0,10.13547190851582
1.2253098172629666,1.0333980438776194,0.04240112753459886,1,0,1,0,0,0,1,0,0,0,9.104535313079205
-1.070049357947008,-1.0766581767113812,-0.9409059599181786,1,0,0,0,0,0,1,0,0,0,10.876177521259402
0.5694929100601167,2.681657703378278,2.1064889836321856,0,0,1,1,0,0,1,0,0,0,9.61587214452889
0.07763022965797926,-0.7340813154491491,-0.9809998866066304,1,0,1,0,0,0,1,0,0,0,10.87806606028079
-0.7421409043455831,-0.31018904940075925,0.6801450063655868,0,0,1,0,0,0,1,0,0,0,10.596659732783579
0.24158445645869173,0.6378914206449698,0.4961373597032711,1,0,1,0,0,0,1,0,0,0,10.373522431293592
-1.2340035847477204,-1.1958211052518595,-1.343939106919888,1,0,1,0,0,0,0,1,0,0,11.225256725762893
-0.08632399714273321,0.48913172852861303,0.7587042863180076,1,0,1,0,0,0,1,0,0,0,9.770013301136158
-0.2502782239434457,-0.17772271626063743,0.028715636572560457,0,0,1,0,0,0,1,0,0,0,10.70551155928146
-0.9060951311462956,-0.7150061634769715,0.0059156086298045325,0,0,0,0,0,0,1,0,0,0,11.210441042970608
-0.7421409043455831,-0.4578133158044864,0.31715925538305817,0,0,0,0,0,0,1,0,0,0,10.635831407498888
-0.9060951311462956,-0.38015019706062075,1.0351158495661976,0,0,0,0,0,0,1,0,0,0,10.141834937592611
-0.08632399714273321,-0.43130112541458493,-0.49863194849798476,0,0,1,1,0,0,1,0,0,0,10.37195875822042
1.389264044063679,0.33605741870426364,-0.5251285796105979,0,0,1,0,0,0,1,0,0,0,8.846640813100485
0.24158445645869173,0.4701511953658213,0.3086610631498495,1,0,1,0,1,0,0,0,0,0,9.210340371976184
-0.2502782239434457,-0.007408859366195077,0.2904506512215443,0,0,1,1,0,0,1,0,0,0,11.082157933374816
-0.41423245074415815,-0.6129692394353234,-0.5030634408095018,1,0,1,1,0,0,1,0,0,0,10.305647203635566
-1.2340035847477204,-1.2128524909413037,-1.4486331127794816,0,0,0,0,0,1,0,0,0,0,11.372524818667134
-0.9060951311462956,-0.7908526010806298,-0.22720304441755704,1,0,1,0,0,0,0,1,0,0,10.668955394675699
-0.41423245074415815,-1.0815783547994429,-1.3260912716352524,0,1,1,0,0,0,1,0,0,0,11.049317340813348
0.07763022965797926,-0.5911690657528348,-0.805300079439597,1,0,1,0,0,0,1,0,0,0,12.130815551850676
0.07763022965797926,0.3899901400541704,0.4009609907400041,1,0,1,1,0,0,1,0,0,0,10.275085591132715
-0.7421409043455831,-0.9592740817873562,-0.9158569496273278,1,0,1,0,0,1,0,0,0,0,11.050905878263567
-0.08632399714273321,0.579227758825773,0.8817779065396186,1,0,1,0,0,0,1,0,0,0,9.998388557730848
-0.08632399714273321,0.1789901951238335,0.3350425426061858,1,0,1,1,0,0,1,0,0,0,9.994287576862567
-0.5781866775448706,-0.16300002952020673,0.601740828644069,0,0,1,0,0,0,0,1,0,0,10.643041105910228
0.8974013636615417,0.30854226893487263,-0.3327346023240274,1,0,1,1,0,0,1,0,0,0,9.159047077588632
-0.9060951311462956,-0.6697405250668043,0.1450423097498866,1,0,1,0,0,0,0,1,0,0,11.034905792929415
-0.41423245074415815,-0.7665923383541104,-0.7728748501962258,1,0,1,0,0,0,1,0,0,0,10.998777662206932
-1.070049357947008,-0.6663910192145468,0.7404022230714418,0,0,0,0,0,0,1,0,0,0,10.749334360656016
-1.070049357947008,-0.975075422954785,-0.5246115721742541,0,0,1,0,0,0,1,0,0,0,10.28134162693611
-0.2502782239434457,1.6389584239467476,2.820555792828388,0,0,1,0,0,0,1,0,0,0,9.648595302907339
0.24158445645869173,1.1224343435096582,1.0376908991042593,0,0,1,0,1,0,0,0,0,0,8.779557455883728
-0.7421409043455831,1.0333980438776194,3.983822524601649,1,0,1,0,0,0,1,0,0,0,10.915106645867503
-0.9060951311462956,-0.6962337916948286,0.0636136385257583,0,0,1,0,0,0,0,1,0,0,10.085809109330082
-0.41423245074415815,0.654922806334414,1.7237614457278843,0,0,1,1,0,0,1,0,0,0,9.04793908261736
0.5694929100601167,1.8471198045955104,1.3172572471521733,0,0,1,0,1,0,0,0,0,0,9.88078171500049
-0.9060951311462956,0.44454734554602343,3.569874058100134,0,0,1,0,0,0,1,0,0,0,10.409491571022901
-0.7421409043455831,-0.7200777316600505,-0.32770929004276683,0,0,0,0,0,0,1,0,0,0,10.36410350510914
2.045080951266529,1.7953633158614772,0.09496896452310115,0,0,1,1,0,0,1,0,0,0,8.006700845440367
0.8974013636615417,0.6568151825221301,-0.04728445656995936,0,0,1,0,0,0,0,0,1,0,9.741027444837728
-0.9060951311462956,-0.4615791444180413,0.7848390122251804,1,0,1,0,0,0,0,1,0,0,10.819798284210286
-0.41423245074415815,-0.08310390687483613,0.4275499446091071,1,0,1,0,0,0,1,0,0,0,11.082157933374816
-1.070049357947008,-1.1475087411794693,-1.2312573361687849,0,0,1,0,0,0,1,0,0,0,10.950824090522445
1.389264044063679,-1.1608499933028673,-1.547536635352026,0,1,1,0,0,0,1,0,0,0,10.545367754151743
-0.41423245074415815,0.13451935471250687,0.8097661564774645,1,0,1,0,0,0,1,0,0,0,11.002116507732017
-1.070049357947008,-0.7075880488211247,0.5715734447334159,1,0,1,0,0,1,0,0,0,0,11.13824656087758
0.40553868325940423,0.40891390193133065,0.08687897316122352,0,0,1,1,0,0,1,0,0,0,9.210440366976517
1.717172497665104,-0.7596283939833155,-1.306132938137257,0,1,0,0,0,0,1,0,0,0,10.691967639914864
-1.2340035847477204,-1.1522964529343909,-1.0763877586120378,0,0,1,0,0,1,0,0,0,0,11.407564949312402
-0.41423245074415815,0.07964044526874212,0.7133811987019658,1,0,1,0,0,0,1,0,0,0,10.61861635720246
-0.2502782239434457,0.5173092099637047,1.096827149686769,0,0,1,0,0,0,1,0,0,0,10.460270761075149
-0.2502782239434457,0.12747971529420327,0.49774478282353946,0,0,0,0,1,0,0,0,0,0,10.736092281321946
-0.08632399714273321,-0.3291128112779195,-0.3590399406851934,1,0,1,1,0,0,1,0,0,0,10.126471091048971
0.7334471368608292,0.6295271178952649,0.03965034385122911,0,0,1,0,0,0,1,0,0,0,9.615538777855802
0.24158445645869173,1.245344176901814,1.1750621249745745,1,0,1,0,0,0,0,1,0,0,9.546884034617925
-0.5781866775448706,-0.49942666817236187,-0.08761103660476569,1,0,1,0,0,0,0,1,0,0,10.819798284210286
-0.5781866775448706,0.19696776890713574,1.3393294877037685,0,0,0,0,0,0,1,0,0,0,10.49124643927466
-0.5781866775448706,-0.19221831785854218,0.5418713675154717,0,0,0,0,0,0,1,0,0,0,9.867393944887889
-0.7421409043455831,-0.7641133255482024,-0.43598615743622193,1,0,1,0,0,0,1,0,0,0,10.915106645867503
-0.41423245074415815,0.10613371189676649,0.7599118679728962,0,0,1,1,0,0,0,0,0,1,9.770013301136158
1.5532182708643916,2.575854950723075,0.8676023789626064,0,0,1,1,0,0,1,0,0,0,9.305741456739435
-0.41423245074415815,-0.13041331156773678,0.3444594637681599,0,0,1,0,0,0,1,0,0,0,10.463131911491967
-0.9060951311462956,-0.6129692394353234,0.3195323195158758,1,0,1,0,0,1,0,0,0,0,10.915106645867503
0.07763022965797926,0.1288422261493588,0.07989937277058395,0,0,1,0,0,0,0,0,0,0,10.868587496017359
-0.7421409043455831,-0.41362633182131725,0.4258083681306808,1,0,1,0,0,1,0,0,0,0,11.097273648073832
-1.2340035847477204,-1.2332523062448824,-1.574033266464639,1,0,1,0,0,0,1,0,0,0,11.141876276228
1.5532182708643916,0.4902860780031198,-0.48189723411107116,0,0,1,0,0,0,1,0,0,0,9.127067452782361
-1.070049357947008,-1.0906428367386027,-0.9982162342368747,1,0,0,0,0,0,1,0,0,0,10.778935456339678
0.24158445645869173,0.5498580803924202,0.39774614449946705,0,0,1,0,0,0,0,1,0,0,9.680344001221918
-0.5781866775448706,-0.25372054395931304,0.41585080490670184,1,0,1,0,0,0,0,1,0,0,10.711546985327436
-0.08632399714273321,0.8087729903957269,1.195342916682056,0,0,1,0,0,0,1,0,0,0,9.825580063659602
-0.08632399714273321,0.7270980341339033,1.0837727119190914,0,0,1,1,0,0,1,0,0,0,9.615538777855802
0.40553868325940423,1.1511984615629418,0.8473645990579931,0,0,1,1,0,0,0,1,0,0,9.350189267092581
0.7334471368608292,1.1193497703236812,0.46979314506864484,1,0,1,0,0,0,1,0,0,0,9.042040056544483
0.24158445645869173,0.5843939458182378,0.4363454496901255,1,0,1,1,0,0,1,0,0,0,9.648337205086833
-0.41423245074415815,0.47705836845098476,1.411374473958259,0,0,1,0,0,0,1,0,0,0,10.165890277802454
0.5694929100601167,0.14250518222466851,-0.29481568615047066,1,0,0,0,0,0,1,0,0,0,10.165851817003619
1.8811267244658165,2.1309762327529143,0.3721562907151426,1,0,1,0,0,0,1,0,0,0,8.657129031713755
-0.5781866775448706,-0.7978543929751791,-0.6991015819402434,1,0,1,0,0,0,1,0,0,0,10.714417768752456
2.045080951266529,0.10613371189676649,-0.8490219883109004,0,1,1,0,0,0,1,0,0,0,9.60918360377546
1.8811267244658165,2.244518804015876,0.43862867538790007,0,0,1,1,0,0,1,0,0,0,9.259225769705994
-1.070049357947008,-1.1106641768046384,-1.0802653143846153,0,0,1,0,0,0,1,0,0,0,10.584081267024454
0.7334471368608292,-0.42373162066372083,-0.8852796526778591,1,1,1,0,0,0,1,0,0,0,10.837637848711049
0.40553868325940423,0.030438664388125446,-0.30087660409653033,1,0,1,1,0,0,1,0,0,0,10.106469212026385
-1.070049357947008,-0.650816763189644,0.8042267910880682,0,0,1,0,0,0,1,0,0,0,10.668978650219241
-1.070049357947008,-1.2043367980965816,-1.4641433358697917,1,0,1,0,0,0,1,0,0,0,12.524530013005734
-1.070049357947008,-0.396121852084944,1.8479872539504896,0,0,1,0,0,0,0,1,0,0,10.040898908359088
-0.5781866775448706,-0.8154534915209383,-0.7351628506252146,1,0,1,0,0,0,1,0,0,0,10.571316925111784
0.07763022965797926,0.8063129013516961,0.9127983527202391,1,0,1,0,0,0,1,0,0,0,9.903437551286085
0.07763022965797926,-0.7454355725754452,-0.9949590873879096,1,0,1,0,0,0,1,0,0,0,10.868587496017359
-0.7421409043455831,-0.22594046152364178,0.8872995459597691,0,0,1,1,0,0,1,0,0,0,9.740733301234702
-1.070049357947008,-0.7875030952283725,0.244075084181517,0,1,1,0,0,0,1,0,0,0,10.308985993422082
2.536943631668666,2.320213851524517,0.14969537667697963,0,0,1,1,0,0,0,0,1,0,9.210440366976517
2.372989404867954,0.47325469231367556,-0.723530183307482,0,0,1,0,0,0,1,0,0,0,8.410943391573527
-0.7421409043455831,-0.6697405250668043,-0.20393770978209183,0,0,1,0,0,0,1,0,0,0,10.27163147557801
-1.2340035847477204,-1.1200503626957097,-0.8781671075178741,0,0,0,0,0,0,0,1,0,0,11.289769413577893
1.8811267244658165,0.5508421160100326,-0.5529177293140702,1,1,1,0,0,0,1,0,0,0,9.105090961257085
-0.41423245074415815,-0.7974759177376359,-0.8271163160891961,1,0,1,0,0,1,0,0,0,0,10.950824090522445
-0.7421409043455831,-0.41848973862374744,0.41384998612805174,1,0,0,0,0,0,1,0,0,0,10.682812429337126
-0.08632399714273321,0.4978555827539839,0.7706213077257293,0,1,1,0,0,0,1,0,0,0,9.546812608597396
-0.5781866775448706,-0.6110768632476073,-0.31638682718684036,0,0,1,0,0,1,0,0,0,0,9.809231816610408
-1.070049357947008,-0.7738212153911856,0.3001445406529882,1,0,1,0,0,0,0,1,0,0,10.757924157061597
-0.2502782239434457,-0.40480785878656056,-0.32026438295941795,1,0,1,0,0,0,1,0,0,0,10.915106645867503
0.8974013636615417,1.2737298197175546,0.4583488161741515,1,0,1,1,0,0,1,0,0,0,9.278092474027002
-0.08632399714273321,0.3540349924875659,0.5741584819151343,0,1,1,0,0,0,1,0,0,0,10.434145214930487
-0.41423245074415815,-0.7295396125986306,-0.7077983856015959,0,1,1,0,0,0,1,0,0,0,10.657282884047461
-0.5781866775448706,-0.5686876366427684,-0.22952957788110356,0,0,1,0,0,0,1,0,0,0,10.043292972227004
-0.7421409043455831,-0.15879895438347716,1.0523903605330305,0,0,1,1,0,0,1,0,0,0,10.505094936455558
-1.2340035847477204,-1.010368238855689,-0.20393770978209183,0,0,1,0,0,0,1,0,0,0,10.896757843893464
-1.070049357947008,-0.6611302134126963,0.7619614331669727,0,0,0,0,0,0,1,0,0,0,10.537388847885364
-0.2502782239434457,-0.3291128112779195,-0.20393770978209183,0,0,1,0,0,0,1,0,0,0,9.928228944424575
1.717172497665104,0.6359990444572537,-0.4482237234544767,1,1,1,0,0,0,1,0,0,0,9.846970109700957
0.07763022965797926,1.1090930913862602,1.2850437068876828,1,0,1,0,0,0,1,0,0,0,10.085850775128717
-0.5781866775448706,-0.440876548924428,0.03236053899878341,1,0,1,0,0,1,0,0,0,0,10.373522431293592
-0.2502782239434457,-0.20756548874091915,-0.017146154327600374,1,0,1,0,0,0,1,0,0,0,10.432673587634051
-0.9060951311462956,-0.726511810698285,-0.029447700016102613,1,0,1,0,0,0,1,0,0,0,10.555838779903407
0.24158445645869173,-0.43508587779001695,-0.7030848892338912,1,0,1,0,0,0,0,0,0,0,10.184937747111391
1.061355590462254,1.6957297095782284,0.6539715049006884,1,0,1,1,1,0,0,0,0,0,9.735128070758227
-1.070049357947008,-0.9324023399217887,-0.3497338068310073,0,0,0,0,0,0,1,0,0,0,10.188666494769791
-0.41423245074415815,-0.8589781438384069,-0.9351339411824275,1,0,1,0,0,0,1,0,0,0,10.668978650219241
-0.7421409043455831,-0.3175125452472203,0.6621376373577368,1,0,1,1,0,0,1,0,0,0,11.026808713825016
-0.9060951311462956,-0.8400543819612466,-0.378427719548081,1,0,1,0,0,0,1,0,0,0,11.407564949312402
0.40553868325940423,0.41016287021522324,0.08815856656617412,1,0,1,0,0,0,1,0,0,0,9.95227771670556
1.5532182708643916,-0.8684400247769869,-1.3610819850723361,1,0,1,0,0,0,1,0,0,0,11.767575435251748
-0.08632399714273321,0.36010952005013436,0.5824564512684501,0,0,1,0,1,0,0,0,0,0,10.513280297700861
-0.08632399714273321,-0.47898900534502875,-0.5637748854772874,1,0,1,0,0,0,1,0,0,0,10.257659366256743
-0.08632399714273321,-0.4707571689284641,-0.5525299737368125,1,0,0,1,0,0,1,0,0,0,10.778956289890028
-0.08632399714273321,0.42579389752575764,0.6721830918458942,0,1,1,0,0,0,1,0,0,0,9.680406499268875
-0.2502782239434457,-0.5221351824249542,-0.5005707263842735,0,1,1,0,0,0,1,0,0,0,10.389026137075234
-0.41423245074415815,0.044177315510943796,0.6510965742635916,1,0,1,0,0,0,1,0,0,0,10.859018228147887
-1.070049357947008,-1.1625342081099346,-1.292832921837316,0,0,1,0,0,0,1,0,0,0,10.915106645867503
-0.9060951311462956,-1.0308626729686534,-0.9648886423715708,1,0,0,0,0,0,1,0,0,0,11.211806858581484
0.24158445645869173,1.1249512038393206,1.040503889564729,0,0,1,0,0,0,1,0,0,0,10.404293143019792
0.07763022965797926,-0.6943414155071126,-0.9321426838721535,1,0,0,0,0,0,1,0,0,0,10.122663242288953
-0.7421409043455831,-0.7289718997423158,-0.34957870460010415,0,0,1,1,0,0,1,0,0,0,10.452937557838887
-0.9060951311462956,-0.7454355725754452,-0.08761103660476569,1,0,1,0,0,0,1,0,0,0,11.552155793461898
-0.08632399714273321,2.028787918616249,2.8619163877358815,0,0,1,1,0,0,0,0,0,0,10.389026137075234
-0.41423245074415815,-0.38204257324833674,-0.09748218572867025,1,0,1,0,0,0,1,0,0,0,10.59297805559253
2.372989404867954,1.07124556763194,-0.4172032772738565,0,1,1,0,0,0,1,0,0,0,8.962007209588313
2.045080951266529,-0.9327808151593319,-1.429597838986828,0,1,1,0,0,0,1,0,0,0,10.477316144080852
-0.08632399714273321,-0.2647720208955746,-0.2711486765067691,0,0,0,0,1,0,0,0,0,0,10.594156665220533
-1.2340035847477204,-1.1844668481255634,-1.2741431030134922,0,0,1,0,0,0,1,0,0,0,12.07254696717504
-0.7421409043455831,-0.799141208782826,-0.5221144262567143,0,0,1,0,0,0,1,0,0,0,10.146276856097172
-0.08632399714273321,0.049362426265285704,0.15796749565847842,0,0,1,0,0,0,1,0,0,0,9.433563920090563
-0.9060951311462956,-0.7776059677666177,-0.1864887088054929,1,0,1,0,0,0,0,1,0,0,10.819778284410283
-0.5781866775448706,-0.18489482201208116,0.5568775083553468,0,0,0,0,0,0,1,0,0,0,10.450539024706163
2.700897858469379,0.12505747377392676,-0.9555869826201991,1,1,1,0,0,0,1,0,0,0,9.41336284529417
1.389264044063679,1.601110900192427,0.33892009837876363,1,0,1,0,0,0,1,0,0,0,8.987321812850125
0.07763022965797926,-0.9857673484153806,-1.290428837258318,1,0,1,0,0,0,1,0,0,0,11.042937835596494
0.07763022965797926,0.6170752825800936,0.6801450063655868,1,0,1,0,0,0,1,0,0,0,10.404262840448617
-1.070049357947008,-1.1951587735861589,-1.4265310448757895,1,0,1,0,0,0,0,1,0,0,11.608244735642321
1.389264044063679,0.649245677771266,-0.3112167528234038,1,0,1,0,0,0,1,0,0,0,9.04793908261736
0.40553868325940423,0.7495416157202154,0.43585899269320194,0,0,1,1,1,0,0,0,0,0,8.79497643168877
2.2090351780672415,1.0674608152565077,-0.367806588518847,0,1,1,0,0,0,1,0,0,0,8.366602832783736
-0.41423245074415815,-0.37494616254440166,-0.08501861360252819,0,0,1,0,0,0,1,0,0,0,10.714950959914116
0.07763022965797926,0.44486904949793515,0.46843046118285325,1,0,1,0,0,0,0,1,0,0,9.648659816955295
-0.5781866775448706,-0.8355126791107281,-0.7762649418145364,1,0,1,1,0,0,1,0,0,0,11.00128284088368
-0.7421409043455831,-1.1234377160717215,-1.3195105055526495,0,1,1,0,0,0,1,0,0,0,10.221977646629885
-0.9060951311462956,-0.9498500483725304,-0.7158913984355042,0,0,1,0,0,0,1,0,0,0,10.36160835987009
-0.08632399714273321,1.343690967377416,1.9260553768383843,0,0,0,0,0,0,1,0,0,0,9.602314889901848
-1.070049357947008,-1.009327431952445,-0.6649790911415611,1,0,1,0,0,1,0,0,0,0,10.70101727068921
-0.7421409043455831,-0.48214927357851456,0.2573208147006419,0,0,0,0,0,0,1,0,0,0,10.032320424379096
-0.5781866775448706,-0.36885271121995605,0.17994031170308444,1,0,1,1,0,0,0,1,0,0,10.633472802314019
0.5694929100601167,1.1055921954389856,0.615986372005477,0,0,1,0,0,0,1,0,0,0,8.517393171418904
-0.5781866775448706,-0.05169046215875009,0.82981865918708,0,0,1,0,0,0,1,0,0,0,9.711176264112805
-1.070049357947008,-0.9674302231564123,-0.4932809215318278,1,0,1,0,0,0,1,0,0,0,11.289794413577894
-0.08632399714273321,0.6454609253958339,0.9722542078997611,0,0,1,0,0,0,1,0,0,0,10.23981692180943
0.07763022965797926,0.2821246973543569,0.26834858331785233,1,0,1,0,0,0,1,0,0,0,10.085809109330082
-1.2340035847477204,-1.1393904473341676,-0.9970529675051014,0,0,1,0,0,0,1,0,0,0,10.389026137075234
-0.2502782239434457,1.80927228084119,3.0822908074773716,0,0,1,0,0,0,1,0,0,0,9.770013301136158
-0.5781866775448706,-0.7865569071345145,-0.6759525739779556,1,0,1,0,0,0,1,0,0,0,10.462989048226156
-1.2340035847477204,-1.1788086433242924,-1.2393614277334717,1,0,1,0,0,0,0,0,0,1,11.225190057762841
-0.41423245074415815,-0.9157494294698876,-1.0348425181915644,0,0,1,0,0,0,1,0,0,0,10.55843949396453
-0.5781866775448706,1.3951446759214148,3.794442700668962,0,0,1,1,0,0,1,0,0,0,10.1226230824528
0.07763022965797926,-0.07742677831168804,-0.17369277475598702,0,0,0,0,0,0,1,0,0,0,9.911009193934975
-0.41423245074415815,0.13249451219165073,0.8062098838974721,0,0,1,0,0,0,1,0,0,0,10.463131911491967
1.2253098172629666,2.395908899033158,1.0277564768013614,0,0,1,1,0,0,1,0,0,0,9.305741456739435
0.7334471368608292,1.673361823039425,0.9563045284885591,0,0,1,1,0,0,0,0,0,0,10.30229722897745
0.24158445645869173,0.29158657829293705,0.10908679258598569,0,0,1,0,0,0,1,0,0,0,9.210440366976517
0.8974013636615417,0.3048332116069492,-0.3357746060497282,0,0,1,0,0,0,1,0,0,0,9.41336284529417
-0.2502782239434457,-0.1171099069680931,0.12186422011930437,1,0,1,0,0,0,1,0,0,0,10.043292972227004
0.24158445645869173,0.8648819443615071,0.7498352587509121,0,0,1,1,1,0,0,0,0,0,10.165890277802454
0.40553868325940423,1.3172544720350232,1.0174923585798326,1,0,1,1,0,0,1,0,0,0,9.546884034617925
1.061355590462254,0.08274394221659641,-0.5854310344671328,1,1,1,0,0,0,1,0,0,0,9.87822102528824
0.40553868325940423,-0.2628796447078586,-0.6013871764712894,1,0,1,0,0,0,1,0,0,0,10.081675578048475
-0.9060951311462956,-1.0271914631644843,-0.9536049550733702,1,0,0,0,0,0,1,0,0,0,10.571291283757406
-0.5781866775448706,-0.6344287854040231,-0.3642358654204472,0,0,0,0,0,0,1,0,0,0,11.140425970684525
-1.2340035847477204,-1.111704983707882,-0.8268670446466733,0,0,0,0,0,0,1,0,0,0,10.689692377847104
-1.2340035847477204,-1.1405447968086744,-1.0041488945689183,0,0,1,0,0,1,0,0,0,0,10.246970868288411
-0.41423245074415815,-1.0536658060306316,-1.2770678879390935,1,0,0,0,0,0,1,0,0,0,12.148978347281835
-0.41423245074415815,0.14490849998306787,0.8280128260701367,0,0,1,1,0,0,1,0,0,0,10.32584255331256
0.5694929100601167,-1.0864039140781188,-1.457008633248249,1,0,0,0,0,0,1,0,0,0,10.857093336791094
1.061355590462254,0.34936082330390733,-0.3805652221677144,0,1,1,1,0,0,1,0,0,0,8.846640813100485
-1.070049357947008,-0.9366601863441497,-0.36718280780760626,0,0,0,0,0,0,1,0,0,0,10.777934935151473
-0.5781866775448706,-0.12095143062915664,0.687900117910742,0,0,1,0,0,0,1,0,0,0,9.741027444837728
-1.070049357947008,-1.2043367980965816,-1.4641433358697917,0,0,1,0,0,0,1,0,0,0,11.089820688682373
-0.08632399714273321,1.4875683289294654,2.122595753764431,0,0,1,1,0,0,1,0,0,0,9.798182590890704
1.061355590462254,0.07629093941648475,-0.5903894589113164,1,0,1,0,0,0,1,0,0,0,10.505094936455558
-0.5781866775448706,-0.9744130912890844,-1.060877535521728,1,0,1,0,0,0,1,0,0,0,12.660331092405906
-1.070049357947008,-0.42373162066372083,1.7348401765066772,1,0,1,0,0,0,1,0,0,0,10.484333519758916
0.8974013636615417,0.06828618814244597,-0.529652394678605,0,0,1,0,0,0,1,0,0,0,9.90353755128617
-0.2502782239434457,0.013539745031821331,0.32264405802336926,0,0,0,0,0,0,1,0,0,0,10.352395218487128
-0.5781866775448706,-0.876596166146043,-0.8604466776371948,1,0,0,0,0,0,1,0,0,0,11.156236235215168
-0.9060951311462956,-1.088788308074641,-1.1429266156694684,1,0,1,0,0,0,1,0,0,0,12.959846800844963
-0.9060951311462956,-0.8576724042688828,-0.43257778591212637,1,0,0,0,0,0,1,0,0,0,12.345404060459082
0.24158445645869173,0.36160449723843,0.18734291817800522,0,0,1,0,0,0,1,0,0,0,10.434145214930487
-0.2502782239434457,-0.9214076342711586,-1.1141648457263744,1,0,0,0,0,0,1,0,0,0,11.58987724680423
2.2090351780672415,-0.09720210947332052,-0.9903565972752415,1,1,1,0,0,0,1,0,0,0,10.266427828229292
0.7334471368608292,0.5226267870511867,-0.05422528140287308,0,0,1,0,1,0,0,0,0,0,10.021092794610391
-0.9060951311462956,-0.3234356827147714,1.2094313693224208,1,0,1,0,0,0,1,0,0,0,11.314486721293981
2.536943631668666,0.6076134016415135,-0.6925097371268616,0,1,1,0,0,0,1,0,0,0,9.210440366976517
-0.41423245074415815,-0.31018904940075925,0.028715636572560457,1,0,1,0,0,0,1,0,0,0,10.06266841688844
1.389264044063679,2.43048261198273,0.9053922211946158,0,0,1,0,0,0,1,0,0,0,9.612533466213927
1.8811267244658165,1.5632633764381065,0.039794367351353443,0,0,1,0,0,0,0,0,0,0,9.852246888342531
-0.9060951311462956,-0.8968256675927273,-0.5529177293140702,1,0,1,1,0,0,0,1,0,0,11.034905792929415
2.045080951266529,0.7254327430887132,-0.5029395604562481,0,1,1,1,0,0,1,0,0,0,8.698847859222488
-0.08632399714273321,-1.0531737882218255,-1.3481268671542717,1,0,1,0,0,0,1,0,0,0,11.356283350762888
-0.9060951311462956,-0.6137829611960414,0.3170312960425633,0,0,0,0,0,0,1,0,0,0,11.263194068746921
-0.5781866775448706,-0.5628212704608487,-0.21750915498611315,0,0,1,1,0,0,1,0,0,0,10.968198289528557
-0.7421409043455831,-0.7398909103454373,-0.3764269007694309,1,0,0,0,0,0,1,0,0,0,10.81975828421028
-0.41423245074415815,-0.5225704289481289,-0.34429415001862,1,0,1,0,0,0,1,0,0,0,10.389026137075234
1.5532182708643916,2.7838460175149433,1.00218621737229,0,0,1,0,0,0,1,0,0,0,8.77971129020447
2.372989404867954,0.8630841869831769,-0.5238360610197387,0,0,1,0,0,0,1,0,0,0,9.305741456739435
1.061355590462254,1.3551019957893438,0.39223649025170465,0,0,1,0,0,0,1,0,0,0,9.90353755128617
-0.2502782239434457,0.7514339919079314,1.4566255498242389,1,0,1,1,0,0,1,0,0,0,10.056251557087757
2.2090351780672415,0.08720995001960623,-0.8917823859610639,0,0,1,1,0,0,1,0,0,0,8.987321812850125
-0.41423245074415815,0.6170752825800936,1.6572890610551263,0,0,1,1,0,0,1,0,0,0,10.146472946063877
0.5694929100601167,-1.0084758626679728,-1.3833112116875985,1,0,1,0,0,0,1,0,0,0,10.542732775946709
0.24158445645869173,-0.8249153724595183,-1.1387811560435128,1,0,1,0,0,0,1,0,0,0,11.669937760751914
-1.070049357947008,-0.9662758736819055,-0.488550303489283,1,0,0,0,0,0,1,0,0,0,10.915070282231135
2.700897858469379,2.2577654373298883,0.05287579177092829,1,1,1,0,0,0,1,0,0,0,10.517347989609593
-0.9060951311462956,0.1599907381991646,2.6952719658164077,0,0,1,0,0,0,1,0,0,0,11.018563567234903
-0.08632399714273321,0.3332188544226896,0.5457230729162322,1,0,1,0,0,0,1,0,0,0,9.711176264112805
-0.9060951311462956,-0.4380190608809768,0.8572523662780659,0,0,0,0,0,0,0,0,0,0,11.24633930081318
0.40553868325940423,0.7873891394745359,0.4746345504189772,0,0,1,0,0,0,1,0,0,0,9.546884034617925
-1.070049357947008,-1.1897087301655367,-1.4041963236257429,1,1,0,0,0,0,1,0,0,0,12.573839347853667
0.24158445645869173,0.5837316141525372,0.435605189042633,1,0,1,1,0,0,1,0,0,0,10.021315031649332
-0.9060951311462956,-0.9062875485313074,-0.5819993976084018,1,0,1,0,0,0,1,0,0,0,11.002033172315251
-0.9060951311462956,-1.0278159473064306,-0.955524345180796,1,1,0,0,0,0,1,0,0,0,11.428467189677395
-0.9060951311462956,-0.5260334773716492,0.5867346878041939,0,0,1,0,0,0,1,0,0,0,11.044456657283062
-1.070049357947008,-1.1520315202681106,-1.2497920527617052,1,0,0,0,0,0,1,0,0,0,11.798096888378632
1.061355590462254,1.3097228148079134,0.35736756996680114,0,0,1,0,0,0,1,0,0,0,8.922791623969637
-1.070049357947008,-0.9535969532242081,-0.4365910561367441,1,0,1,0,0,0,0,1,0,0,11.050905878263567
-0.9060951311462956,-1.1806820957501312,-1.4253677781440164,1,0,1,0,0,0,1,0,0,0,12.524530013005734
-0.9060951311462956,-0.2554993775757661,1.418237747675721,0,0,1,0,0,0,1,0,0,0,11.001783124388094
0.5694929100601167,0.13714975761343215,-0.2998803705364988,0,0,1,1,0,0,1,0,0,0,9.61587214452889
0.40553868325940423,0.7817120109113878,0.4688182167601109,0,1,1,0,0,0,1,0,0,0,9.770013301136158
2.2090351780672415,0.07396331670559404,-0.8988631399805532,1,1,1,1,0,0,1,0,0,0,9.209940291954844
-1.070049357947008,-1.2299217241545022,-1.5689924439602883,1,0,1,0,0,0,1,0,0,0,13.451668563394815
-0.7421409043455831,-0.5561979538038426,0.07524630584349092,0,0,1,0,0,0,1,0,0,0,11.034905792929415
-1.070049357947008,0.3748511305524422,5.007497248562119,0,0,1,0,0,0,0,0,0,0,11.119897691565697
-1.070049357947008,-1.153488649932652,-1.2557634886514748,0,0,1,0,0,0,1,0,0,0,10.645448706505872
-1.070049357947008,-0.5573712270402266,1.1871741991878257,0,0,0,0,0,0,1,0,0,0,10.676600514733956
-0.7421409043455831,-0.5292126693670121,0.1415990402238377,1,0,0,0,0,0,1,0,0,0,10.596609732783568
-0.2502782239434457,-0.7779844430041609,-0.8937548817236358,0,0,1,1,0,0,1,0,0,0,10.275085591132715
-0.9060951311462956,-1.1420776215207242,-1.3067145715031436,1,0,1,1,0,0,1,0,0,0,10.797553125151618
-0.7421409043455831,-0.7235218563216936,-0.3361778718500761,1,0,0,0,0,0,1,0,0,0,10.596609732783568
-0.7421409043455831,-0.9266305925492547,-0.8355915451349728,1,0,0,1,0,0,0,1,0,0,10.410335274932896
-0.7421409043455831,-0.8211306200840863,-0.5761830639495354,1,0,1,0,0,0,1,0,0,0,11.149096419938578
0.7334471368608292,1.2400644473380864,0.5757999805255253,1,0,1,0,0,0,1,0,0,0,9.392745258631441
-0.41423245074415815,0.16290499752824728,0.8596204449820327,0,0,1,1,1,0,0,0,0,0,10.545367754151743
2.2090351780672415,4.439675181766466,1.4347510775854593,0,0,1,1,0,0,0,0,0,0,8.517393171418904
0.07763022965797926,-0.726511810698285,-0.9716937527524443,1,0,1,0,0,0,1,0,0,0,10.868587496017359
1.5532182708643916,1.3172544720350232,0.05320546250462907,0,0,1,0,0,0,1,0,0,0,9.735128070758227
-0.2502782239434457,-0.6750581021542862,-0.7355796878707667,0,0,1,0,1,0,0,0,0,0,10.34177474101152
-0.2502782239434457,0.6338795831270119,1.2759702263798514,0,0,1,1,0,0,1,0,0,0,10.275085591132715
-1.2340035847477204,-1.1973728537257866,-1.3534778941204286,0,0,0,0,0,0,1,0,0,0,10.645401087458245
-0.9060951311462956,-0.8211306200840863,-0.32026438295941795,0,0,1,0,0,0,1,0,0,0,10.911463720944793
2.045080951266529,1.5064920908066257,-0.06646073239070636,0,0,1,0,0,0,1,0,0,0,9.99884318585288
0.24158445645869173,1.0617836866933597,0.9699041740981993,0,0,1,0,0,0,1,0,0,0,9.680344001221918
-0.7421409043455831,-0.8741171533401351,-0.7064689379081407,0,0,1,0,0,0,1,0,0,0,11.156250521031495
-0.9060951311462956,-0.9176418056576037,-0.6168973995615996,1,0,1,0,0,0,1,0,0,0,10.668978650219241
-1.070049357947008,-0.7318861590713985,0.4719978124936247,0,0,0,0,0,0,1,0,0,0,10.769368809865203
-0.41423245074415815,-0.6945306531258841,-0.646311429779295,1,0,1,0,0,0,1,0,0,0,10.568260978408226
1.389264044063679,1.9795861377356323,0.5974238165505995,0,0,1,0,0,0,1,0,0,0,8.94910546953925
-0.08632399714273321,0.4467614256856512,0.7008253038193336,1,0,1,0,0,0,1,0,0,0,10.085850775128717
-0.41423245074415815,-0.6735252774422362,-0.6094192562859144,1,0,1,0,0,0,1,0,0,0,11.134530628384727
0.24158445645869173,0.4574155036224924,0.2944269084137874,1,0,1,0,0,0,1,0,0,0,9.851983709669012
-0.9060951311462956,-1.0425386340468614,-1.0007754210467759,0,1,1,0,0,0,1,0,0,0,10.305647203635566
-0.08632399714273321,2.235889568599891,3.1448228569031387,0,0,1,1,0,0,1,0,0,0,9.99884318585288
3.0288063120708038,4.155818753609062,0.768220916056991,0,0,1,0,0,0,1,0,0,0,8.764053269347762
-1.070049357947008,-0.8741171533401351,-0.1108763712402309,0,0,1,0,0,0,1,0,0,0,11.153260340608929
-0.41423245074415815,-0.4805029062952016,-0.27041009445484954,1,0,1,0,0,0,0,0,0,1,10.645448706505872
0.24158445645869173,1.0750303200073719,0.9847093870480409,0,0,1,1,0,0,1,0,0,0,9.975854724662028
-0.41423245074415815,-0.929374538021443,-1.058772576673757,1,0,1,0,0,0,1,0,0,0,11.356283350762888
-1.2340035847477204,-1.1844668481255634,-1.2741431030134922,0,0,1,0,0,1,0,0,0,0,11.429554725537322
-0.41423245074415815,-0.6224311203739036,-0.5196815369776913,1,0,1,1,0,0,1,0,0,0,11.542493975902508
-0.41423245074415815,-0.6035073584967433,-0.48644534464131256,1,0,1,0,0,1,0,0,0,0,10.857093336791094
-0.5781866775448706,-0.8583347359345833,-0.8230282644318215,0,0,0,0,0,0,1,0,0,0,10.691922185369403
-0.41423245074415815,-0.7224621256565726,-0.6953680496677902,1,0,1,1,0,0,1,0,0,0,10.620131509007471
0.5694929100601167,1.8420293126505545,1.3124431125237574,0,0,1,0,1,0,0,0,0,0,9.581972891547895
0.07763022965797926,-0.2723415256464387,-0.4133257215012789,1,0,1,1,0,0,1,0,0,0,11.532737896139919
-0.41423245074415815,-0.3347899398410676,-0.01449141346473202,1,0,1,1,0,0,1,0,0,0,10.915088464214607
0.07763022965797926,0.7258490658500107,0.8138741498502408,0,0,1,0,0,0,1,0,0,0,9.04793908261736
0.07763022965797926,0.6038286492660814,0.6638592721207611,1,0,1,0,0,0,0,0,0,0,10.30881931842128
-0.5781866775448706,0.4771340634984934,1.913401619833873,0,0,0,0,0,0,1,0,0,0,10.229151590440738
-0.5781866775448706,-0.007049307890529032,0.921290199862184,0,0,1,0,0,0,1,0,0,0,10.609081944147828
-0.9060951311462956,-0.8135611153332222,-0.29699904832395274,1,0,1,0,0,0,1,0,0,0,11.313266479778829
0.7334471368608292,0.5697658778871929,-0.012829603847913136,1,0,1,1,0,0,1,0,0,0,9.679781342959442
-0.7421409043455831,-0.6972178273124409,-0.27150024156348274,0,0,0,0,0,0,1,0,0,0,10.375489184444536
1.389264044063679,2.3527437981913555,0.8522955574821212,0,0,1,1,0,0,0,0,0,0,9.546884034617925
-0.08632399714273321,0.654922806334414,0.9851793938083532,1,0,1,0,0,0,1,0,0,0,10.085850775128717
-0.2502782239434457,-0.7454355725754452,-0.8437344122573855,1,0,1,0,0,0,1,0,0,0,10.422311107413181
1.2253098172629666,2.2524857077661604,0.9240341408000727,0,0,1,0,0,0,1,0,0,0,8.517393171418904
0.8974013636615417,0.7964914689374499,0.06719650005961986,0,0,1,0,0,0,1,0,0,0,9.510519035757246
0.5694929100601167,-0.31018904940075925,-0.722933636265547,1,0,0,0,0,0,1,0,0,0,10.633472802314019
-1.070049357947008,-1.1447269481835267,-1.219857322197407,0,0,1,0,0,1,0,0,0,0,11.502885230075814
1.5532182708643916,3.6070296591714146,1.534839931394783,0,0,1,0,0,0,1,0,0,0,8.294299608857235
0.24158445645869173,0.47225173293418604,0.3110087469176098,1,0,1,0,0,0,1,0,0,0,9.989711119284745
-1.070049357947008,-1.2175834314105938,-1.5184291166858772,0,0,1,0,0,0,1,0,0,0,10.596659732783579
-0.41423245074415815,3.209630659751049,6.2106474111390355,0,0,0,0,0,0,1,0,0,0,9.798182590890704
0.07763022965797926,2.4423478106797094,2.9241795932947503,0,0,1,0,0,0,1,0,0,0,9.19917830726999
-0.5781866775448706,-0.10202766875199638,0.7266756756365172,1,0,1,0,0,0,1,0,0,0,10.518700218288165
-0.2502782239434457,-0.49942666817236187,-0.46567272443107566,1,0,1,1,0,0,1,0,0,0,10.463131911491967
-1.070049357947008,-1.0088543379055162,-0.6630403132552724,1,0,1,0,0,1,0,0,0,0,10.511920715155128
0.07763022965797926,1.1090930913862602,1.2850437068876828,1,0,1,0,0,0,1,0,0,0,10.12667110305036
-0.2502782239434457,-0.8211306200840863,-0.9600610854347117,1,0,1,0,0,0,1,0,0,0,12.25486757159303
-1.070049357947008,-0.8933247716454527,-0.18959075342355486,0,0,0,0,0,0,1,0,0,0,10.365836962845004
-1.070049357947008,-1.093632791115194,-1.0104693104782196,0,1,1,1,0,0,1,0,0,0,10.736418414365374
3.5206689924729413,0.37106637817701016,-0.9619373220988622,1,0,1,0,0,0,0,0,1,0,8.974744612722734
-1.2340035847477204,-1.2219358966423406,-1.504469915904598,1,0,0,0,0,0,1,0,0,0,10.85897976660942
1.2253098172629666,2.0742049471214337,0.7951031304467091,0,0,1,1,0,0,1,0,0,0,10.542732775946709
-1.070049357947008,-0.9706283389136523,-0.5063870600431398,1,0,1,0,0,0,1,0,0,0,10.87806606028079
2.045080951266529,-1.0330767531082812,-1.4856461451540852,0,1,1,0,0,0,1,0,0,0,11.089805421623343
-0.41423245074415815,-0.5364226226422102,-0.36862304280884933,0,0,1,1,0,0,1,0,0,0,10.188704088048116
-0.9060951311462956,-0.730296563073717,-0.04108036733383523,1,0,1,0,0,0,1,0,0,0,10.691967639914864
-0.5781866775448706,-0.060395392622243804,0.811981902633223,0,0,1,1,0,0,1,0,0,0,9.975854724662028
1.389264044063679,2.1498999946300748,0.7137504897279257,0,0,1,1,0,0,1,0,0,0,9.792611856190192
0.07763022965797926,0.5508421160100326,0.5987163351414585,0,0,1,1,0,0,1,0,0,0,10.308985993422082
-0.5781866775448706,-0.9062875485313074,-0.9212855277089363,0,0,1,0,0,0,1,0,0,0,11.082157933374816
-1.2340035847477204,-1.2156910552228777,-1.4660821137560804,0,0,1,0,0,1,0,0,0,0,11.480928994027062
0.40553868325940423,0.6545821786206252,0.33857111835923165,0,1,1,1,0,0,1,0,0,0,8.839421607620602
-0.2502782239434457,0.10234895952133444,0.45912432732866715,1,0,1,0,0,0,1,0,0,0,10.87804719253426
0.40553868325940423,0.35630584391282516,0.03298094792239568,0,0,1,1,0,0,1,0,0,0,10.184937747111391
-0.2502782239434457,-0.7454355725754452,-0.8437344122573855,0,1,1,0,0,0,1,0,0,0,10.518700218288165
-0.5781866775448706,-0.3261607044250825,0.2674179699324337,0,0,0,0,0,0,1,0,0,0,10.605817442670727
-0.41423245074415815,1.9228148521041515,3.950586332265271,0,0,0,0,0,0,1,0,0,0,9.581972891547895
0.40553868325940423,-0.8447853224305366,-1.1975613765050859,0,0,1,0,0,0,1,0,0,0,10.404293143019792
-0.41423245074415815,0.11559559283534662,0.7765299641410855,1,0,1,0,0,0,1,0,0,0,11.0186455364637
-0.7421409043455831,-0.42373162066372083,0.4009609907400041,1,0,1,1,0,0,1,0,0,0,10.596659732783579
0.24158445645869173,0.6564367072845869,0.516864657833049,0,0,1,0,1,0,0,0,0,0,10.042814617757227
-0.5781866775448706,-0.8533767103227674,-0.8128690683076685,1,0,0,0,0,0,1,0,0,0,10.328755287940472
-0.9060951311462956,-0.8664530297798851,-0.459565574089266,0,0,0,0,0,0,1,0,0,0,10.42204322236403
0.5694929100601167,0.05882430720386583,-0.3739536167335684,1,0,1,0,0,0,1,0,0,0,9.787009914477434
1.8811267244658165,2.284580407909824,0.462082348446605,0,0,1,0,0,0,1,0,0,0,9.472781556562168
-1.2340035847477204,-0.9535969532242081,0.1450423097498866,1,1,0,0,0,0,1,0,0,0,11.302216779257382
-0.08632399714273321,-0.9093153504316531,-1.151612340600042,1,0,1,0,0,0,1,0,0,0,10.275085591132715
-0.5781866775448706,0.15982042434227015,1.263213067888071,1,0,1,0,0,0,1,0,0,0,10.500701859458179
-0.08632399714273321,-0.3707450874076721,-0.41591075868299726,1,0,0,0,0,0,1,0,0,0,10.513280297700861
-0.9060951311462956,-0.7802931419531745,-0.19474790260108304,1,0,1,0,0,0,0,0,0,1,10.712215345197256
0.24158445645869173,0.360658309144572,0.18628540296730217,1,0,1,0,0,0,1,0,0,0,9.852246888342531
-1.070049357947008,-0.8958605557369922,-0.19998260289406272,0,0,1,0,0,0,1,0,0,0,10.77887295308428
-0.9060951311462956,-0.7643593344526055,-0.14577437319342876,0,0,1,0,0,0,1,0,0,0,10.25769445336048
0.5694929100601167,-0.09549897090437609,-0.5198988505429676,0,0,1,0,0,0,1,0,0,0,10.201775681400134
2.700897858469379,0.592095916902242,-0.73474526769586,0,1,1,1,0,0,1,0,0,0,9.465060106725137
0.8974013636615417,-0.0452563831205156,-0.622713733220466,1,0,1,1,0,0,1,0,0,0,10.55843949396453
-0.08632399714273321,-0.07364202593625599,-0.010059921153214994,0,0,1,0,0,0,1,0,0,0,11.05881093278828
-0.9060951311462956,-0.5503126638600458,0.5121111269609392,0,0,1,0,0,0,1,0,0,0,10.574593602219194
-1.070049357947008,-1.1473762748463292,-1.2307144783606239,1,0,1,0,0,0,1,0,0,0,12.34148164933907
-0.9060951311462956,-0.666409942976424,0.1552790569894913,0,0,1,0,0,0,1,0,0,0,10.274361215874674
1.2253098172629666,-0.5164580538618061,-1.0784405822563436,0,1,1,0,0,0,1,0,0,0,9.901034546375062
-0.7421409043455831,-0.7397584440122972,-0.3761011860845345,0,0,1,1,0,0,1,0,0,0,10.74073507706983
0.24158445645869173,1.7436068271274439,1.7319496349307555,0,0,1,1,0,0,1,0,0,0,9.209940291954844
-0.41423245074415815,-1.1265979843052072,-1.405160173203498,1,0,1,0,0,0,1,0,0,0,13.105902639769198
-0.5781866775448706,-0.6935087699845175,-0.4852931566403179,1,0,0,0,0,0,1,0,0,0,10.83956130367109
0.07763022965797926,0.143981235651087,0.09851164047895614,1,0,1,0,0,0,1,0,0,0,9.798127036878302
-1.2340035847477204,-1.1730747434755129,-1.204114445760742,0,0,1,0,0,0,0,1,0,0,10.691967639914864
0.40553868325940423,0.5943667683275012,0.27687920601752297,1,0,1,1,0,0,1,0,0,0,9.305741456739435
-0.5781866775448706,0.7684653775973757,2.510351331022185,0,0,1,1,0,0,1,0,0,0,9.392745258631441
-0.7421409043455831,-1.0009063579171087,-1.0182244220233747,0,0,1,0,0,0,1,0,0,0,11.350406535472453
-1.070049357947008,-1.0670259819159067,-0.9014324421533394,1,0,1,0,0,0,1,0,0,0,10.950806546816688
0.24158445645869173,1.8474793560711766,1.848043654761727,0,1,1,1,0,0,1,0,0,0,9.093918908958932
-0.9060951311462956,-0.6043589277812155,0.3459966376637175,0,0,1,0,0,0,1,0,0,0,10.70886906982204
-0.9060951311462956,-1.0491619507038674,-1.021132588852808,1,0,1,0,0,0,1,0,0,0,10.895831506195684
0.8974013636615417,2.6229940415590813,1.5642277225132655,0,0,1,1,1,0,0,0,0,0,8.497194544909547
0.5694929100601167,1.4213351623594046,0.9145879938460443,0,0,1,0,1,0,0,0,0,0,9.375939552625749
-0.2502782239434457,0.9955505201232987,1.8317790708211157,0,0,1,0,0,0,1,0,0,0,9.61587214452889
1.2253098172629666,1.2888688292192827,0.22715525552211682,1,1,1,0,0,0,1,0,0,0,9.825580063659602
0.40553868325940423,0.9577029963689783,0.6491245601849663,0,0,1,1,0,0,1,0,0,0,9.433563920090563
-1.2340035847477204,-1.1733207523799158,-1.2056266925120471,0,0,0,0,0,0,1,0,0,0,10.560981648381585
-0.5781866775448706,-0.4110337764441463,0.09350959353233111,1,0,0,0,0,0,0,1,0,0,10.713328286593352
-0.41423245074415815,-0.46252533251189937,-0.23883571173528967,1,0,1,0,0,0,1,0,0,0,10.590390276998745
-0.08632399714273321,-0.2980210705137452,-0.31656777978956074,1,0,1,1,0,0,1,0,0,0,10.433998149618517
-0.5781866775448706,-0.13987519250631691,0.6491245601849663,0,0,1,0,0,0,1,0,0,0,10.545367754151743
-0.9060951311462956,-0.23449400189211822,1.4827990512891371,0,0,1,1,0,0,1,0,0,0,11.11395422597838
0.24158445645869173,0.23873251137002843,0.050013992916118265,0,0,1,0,0,0,1,0,0,0,9.599066156080049
-0.41423245074415815,0.8513514546193376,2.0687531221794973,1,0,1,1,0,0,1,0,0,0,9.99884318585288
-0.2502782239434457,1.1210150613688712,2.024590531612534,1,0,1,0,0,0,0,0,0,0,11.225256725762893
-0.9060951311462956,-1.0206059940312326,-0.9333641139405153,1,0,1,0,0,0,1,0,0,0,11.395278670032656
-0.2502782239434457,0.3385175077482945,0.8220635476419247,0,0,0,0,0,0,1,0,0,0,9.933046354777673
-0.5781866775448706,0.503532711317132,1.9674935228613295,1,0,1,0,0,0,1,0,0,0,10.857093336791094
0.40553868325940423,-0.8438391343366786,-1.1965919875619415,0,1,1,0,0,0,1,0,0,0,9.893235176071776
-0.5781866775448706,-0.872224777152419,-0.8514895238025407,1,0,1,0,0,0,1,0,0,0,10.491301994830229
-0.5781866775448706,-0.6247776668466715,-0.3444603309803018,1,0,1,0,0,0,1,0,0,0,11.759793355371237
-0.7421409043455831,-1.085590192317401,-1.2264491670107887,0,0,1,0,0,0,1,0,0,0,10.655705206673062
-0.7421409043455831,-0.8395245166286861,-0.6214108744808798,1,0,0,0,0,1,0,0,0,0,11.481445117743048
0.24158445645869173,2.2823663277701964,2.3340987959050237,1,0,1,1,0,0,1,0,0,0,9.210440366976517
2.372989404867954,3.144930317893038,0.6450628205131917,0,0,1,0,0,0,1,0,0,0,8.366602832783736
2.700897858469379,0.4420304852163611,-0.8057045383340289,0,0,1,0,0,0,1,0,0,0,8.824824939175638
-0.41423245074415815,0.35562458848524736,1.1980978277357155,0,0,0,0,0,0,1,0,0,0,10.49124643927466
-0.7421409043455831,0.03800816913898955,1.5363093209507073,0,0,1,0,0,0,1,0,0,0,10.768506042432708
-0.5781866775448706,0.03182009900515814,1.0009351954309267,1,0,1,1,0,0,1,0,0,0,10.778956289890028
-1.070049357947008,-0.5543055776161266,1.199737479890977,0,0,1,0,0,0,0,1,0,0,10.53212287826962
0.07763022965797926,1.1613226741672227,1.3492560304815668,1,0,1,1,0,0,1,0,0,0,9.546884034617925
-0.41423245074415815,-0.291265287523599,0.06195182890893941,0,0,1,0,0,0,1,0,0,0,10.221977646629885
-0.9060951311462956,-0.5183504300495221,0.6103490024591911,0,0,1,0,0,0,1,0,0,0,11.197954412280776
2.2090351780672415,-0.4426553825408811,-1.1750125467406405,1,0,1,1,0,0,1,0,0,0,9.305741456739435
-1.070049357947008,-1.048405000228781,-0.8251221445490134,0,0,1,0,0,0,1,0,0,0,11.07443600653965
1.2253098172629666,0.21021440222114793,-0.5529177293140702,0,1,1,1,0,0,1,0,0,0,10.239995502805316
0.24158445645869173,0.7495416157202154,0.620924154566221,0,0,1,0,0,0,1,0,0,0,9.301186055275759
-0.7421409043455831,-0.5940454775581632,-0.01781503269837,1,0,1,0,0,1,0,0,0,0,11.155550275917102
2.2090351780672415,-0.9100723009067395,-1.424862009999767,0,1,1,0,0,0,1,0,0,0,10.4341158035983
0.5694929100601167,1.570397634665796,1.0555580253257053,0,0,0,0,0,0,1,0,0,0,8.612685172875459
0.7334471368608292,0.19129064034398766,-0.3451915272117021,1,0,1,0,0,0,1,0,0,0,9.470856776355195
0.24158445645869173,0.2575238069140486,0.07101624500067909,0,0,1,0,0,0,1,0,0,0,9.741027444837728
-1.070049357947008,-1.200249265531115,-1.4473922949322569,0,0,0,0,0,0,1,0,0,0,11.237185138527495
-0.7421409043455831,-0.7493527912840174,-0.3996922354048962,1,0,0,0,0,0,1,0,0,0,10.87804719253426
2.536943631668666,-0.7284041868860011,-1.3495227872323996,0,1,1,0,0,0,1,0,0,0,10.463131911491967
0.24158445645869173,-0.6792024060053843,-0.9759238135952562,1,0,1,0,0,0,1,0,0,0,10.621327345686446
-0.08632399714273321,-0.037724725893405815,0.039004084555799616,1,0,1,1,0,0,1,0,0,0,9.87822102528824
-0.2502782239434457,-0.9614313906413525,-1.1756725741688858,1,0,0,0,0,0,1,0,0,0,12.254824713735868
-0.7421409043455831,-1.1854130362194213,-1.4718984474149468,0,0,1,0,0,0,1,0,0,0,11.556951919719207
-0.08632399714273321,-0.4805029062952016,-0.5658429152226621,0,0,1,0,0,0,0,0,1,0,9.15915233520675
-0.9060951311462956,-0.847661734235865,-0.4018093808567236,1,0,0,1,0,0,1,0,0,0,10.659609532257463
-0.5781866775448706,-0.30625290693030993,0.30820985665994954,0,0,1,0,0,0,1,0,0,0,11.041737134242736
0.8974013636615417,-0.007408859366195077,-0.5916932870398457,0,0,0,0,0,0,1,0,0,0,9.093918908958932
0.07763022965797926,-0.20232360670094576,-0.32724398335005755,1,0,1,1,1,0,0,0,0,0,9.95208722237219
-0.08632399714273321,1.374025757666504,1.9674935228613295,0,0,1,0,0,0,1,0,0,0,9.3048320350689
-0.7421409043455831,-0.6025990179266396,-0.03884689520883048,1,0,1,0,0,0,1,0,0,0,10.968198289528557
-1.2340035847477204,-1.0709242768626017,-0.5761830639495354,0,0,1,0,0,0,1,0,0,0,11.134603622683905
-0.08632399714273321,1.4741324579966817,2.1042419897742306,1,0,1,0,0,0,0,0,0,0,10.419032025002059
-0.41423245074415815,-0.4617873057986901,-0.23753950023417092,1,0,1,0,0,0,1,0,0,0,10.463131911491967
0.7334471368608292,-0.8551933914629748,-1.2641722453125785,1,0,1,0,1,0,0,0,0,0,11.289169226001263
2.045080951266529,0.10613371189676649,-0.8490219883109004,0,1,1,0,0,0,1,0,0,0,9.433483923290392
0.24158445645869173,-0.9367737289154127,-1.2638006042528172,1,0,1,0,0,0,1,0,0,0,10.448743588106625
1.389264044063679,1.26563044963413,0.10978240259124816,0,1,1,1,0,0,1,0,0,0,8.81001204797317
0.24158445645869173,1.457290309926009,1.4119455321720387,0,0,1,1,1,0,0,0,0,0,9.510519035757246
0.7334471368608292,0.7684653775973757,0.16166040591807607,0,0,1,1,0,0,1,0,0,0,9.717218213494077
2.045080951266529,0.7779272585359558,-0.47360408851134783,1,1,1,0,0,0,1,0,0,0,9.15915233520675
-1.070049357947008,-0.951572110703352,-0.4282930867834281,0,0,0,0,0,0,1,0,0,0,11.651826167019166
0.7334471368608292,0.719263596716759,0.11845335588078339,0,0,1,1,0,0,1,0,0,0,9.741027444837728
-0.5781866775448706,-0.44443421615733414,0.0250707341463375,1,0,1,1,0,0,1,0,0,0,10.736396675471232
-0.9060951311462956,-1.1902953667837286,-1.4549147531310571,1,0,0,0,0,0,1,0,0,0,10.635831407498888
-0.5781866775448706,-0.9572681630283773,-1.0257468802221754,1,0,1,1,0,0,1,0,0,0,11.306282526671115
0.8974013636615417,3.1528593741195685,1.9985139690419496,0,0,1,0,0,0,1,0,0,0,8.006700845440367
-0.5781866775448706,-0.9192881729409166,-0.9479243358665441,1,0,0,0,0,0,0,0,0,0,10.734242182303689
0.07763022965797926,0.17925512779011374,0.14187822423946325,0,0,1,0,0,0,1,0,0,0,9.892477160016076
-0.5781866775448706,-0.7554651663703402,-0.6122443326345066,1,0,1,0,0,0,1,0,0,0,10.389026137075234
1.717172497665104,0.5224564731942922,-0.5180197273608724,1,0,1,0,0,0,1,0,0,0,10.021315031649332
-0.2502782239434457,-0.19664647813779768,-0.00036603172177107916,1,0,1,0,0,0,1,0,0,0,10.573903321093981
-1.2340035847477204,-1.1336943950091423,-0.9620386388787263,1,0,0,0,0,0,1,0,0,0,11.00128284088368
0.07763022965797926,1.9795861377356323,2.3552491001190834,0,0,1,1,1,0,0,0,0,0,8.698847859222488
-0.7421409043455831,-0.6617168500308882,-0.18420870601121728,0,0,0,0,0,0,0,1,0,0,10.714395546283317
0.40553868325940423,-0.13987519250631691,-0.47536661386251955,1,0,1,0,0,0,1,0,0,0,9.792611856190192
-0.5781866775448706,-0.4530256040495649,0.007466630938835618,1,0,1,1,0,0,1,0,0,0,10.021315031649332
2.372989404867954,-0.020485178823312817,-0.9764534524632834,0,0,1,0,0,0,1,0,0,0,8.922791623969637
-0.08632399714273321,0.4106548880240294,0.6515027943921474,0,0,1,1,0,0,1,0,0,0,9.87822102528824
0.40553868325940423,0.2319388808561279,-0.09443553476450207,1,0,1,0,0,0,1,0,0,0,10.596659732783579
-0.9060951311462956,-0.6693242023055067,0.14632190315483717,0,0,1,1,0,0,1,0,0,0,11.218567827096358
-0.5781866775448706,-0.4877885546179083,-0.06376406860341383,0,0,0,0,0,0,1,0,0,0,10.27163147557801
0.07763022965797926,0.3411668344110969,0.34093642738050384,1,0,1,1,1,0,0,0,0,0,9.680406499268875
-0.08632399714273321,-0.14102954198082368,-0.10211309519420561,1,0,1,0,0,0,1,0,0,0,10.221977646629885
-0.2502782239434457,0.504119347935324,1.07655722688562,0,0,1,1,0,0,1,0,0,0,10.308985993422082
0.07763022965797926,-0.21557024001495795,-0.3435297175948832,1,0,1,0,0,0,1,0,0,0,10.518700218288165
-1.070049357947008,-1.1954426300143162,-1.4276943116075629,0,0,1,0,0,0,0,1,0,0,11.661345470088502
-0.2502782239434457,-0.6612248322220821,-0.7143209883476103,1,0,1,0,0,0,1,0,0,0,10.87804719253426
-1.2340035847477204,-1.2260991242553159,-1.5300617840036097,1,0,1,0,0,0,1,0,0,0,11.542493975902508
1.717172497665104,-0.4604626424672889,-1.1222321005112221,1,0,1,0,0,0,1,0,0,0,9.314790473332646
1.8811267244658165,1.298330710157863,-0.11530786355174814,1,0,1,1,0,0,1,0,0,0,9.15915233520675
-1.070049357947008,-0.9086151712421981,-0.252252054708408,1,0,0,0,0,0,1,0,0,0,10.596609732783568
0.07763022965797926,0.10045658333361841,0.045001370817386116,1,0,1,1,0,0,1,0,0,0,10.043292972227004
0.40553868325940423,0.4183757828699108,0.09657286259266744,0,0,1,0,0,0,1,0,0,0,9.528866827722945
0.7334471368608292,0.8441604251060166,0.22813279059083377,1,0,1,1,0,0,1,0,0,0,8.699681400989514
-1.070049357947008,-0.9252113104084677,-0.32026438295941795,0,0,1,0,0,0,1,0,0,0,10.401258331428318
0.07763022965797926,0.16290499752824728,0.12177697511442137,1,0,1,0,0,0,1,0,0,0,10.307317991967832
-0.9060951311462956,-0.44028991230623604,0.8502727658874263,0,0,1,0,0,0,1,0,0,0,10.236381967809457
-0.41423245074415815,-0.2723415256464387,0.09518802124531815,0,0,1,0,0,0,1,0,0,0,10.545367754151743
-0.41423245074415815,-0.6491136246206995,-0.5665445681719855,1,0,1,1,0,0,1,0,0,0,11.127277689932466
0.8974013636615417,0.4183757828699108,-0.2427132675078673,0,0,1,1,0,0,1,0,0,0,9.60918360377546
-0.9060951311462956,-0.710691545768979,0.019176849372019713,0,0,1,0,0,0,1,0,0,0,10.517862051930678
0.24158445645869173,-0.19664647813779768,-0.4365910561367441,1,0,1,0,0,0,1,0,0,0,9.865318286418624
-1.070049357947008,-0.7671978987341795,0.32728743106103103,0,0,1,0,0,0,1,0,0,0,10.888725821536315
-0.9060951311462956,-0.5996469110738026,0.3604793084742946,0,0,0,0,0,0,0,1,0,0,10.668932138591325
-0.5781866775448706,-0.7938425554572212,-0.6908811637023791,0,0,1,0,0,0,1,0,0,0,10.703266939811954
2.536943631668666,0.5981515207029333,-0.6971628040539547,0,0,1,0,0,0,1,0,0,0,10.221977646629885
0.07763022965797926,-0.2513172262009137,-0.3874779347212769,1,0,1,1,0,0,1,0,0,0,10.53212287826962
-0.41423245074415815,-0.3742081358311924,-0.08372240210140944,0,0,1,0,0,0,1,0,0,0,10.839600519357369
2.2090351780672415,-0.3291128112779195,-1.1143203694307313,0,0,1,0,0,0,1,0,0,0,9.998797732340453
0.7334471368608292,2.317999771384889,1.5223999744579328,0,0,1,0,0,0,1,0,0,0,8.612685172875459
0.8974013636615417,-1.0681046363429048,-1.4610568014748198,0,1,1,0,0,0,1,0,0,0,10.308985993422082
-0.08632399714273321,1.014474282000459,1.4763364583348413,0,0,1,0,0,0,1,0,0,0,9.433563920090563
-0.2502782239434457,-0.36506795884452403,-0.25919287954132175,1,0,1,1,0,0,1,0,0,0,10.404293143019792
-0.08632399714273321,0.020976783449545313,0.11919193793270295,0,0,1,0,0,0,1,0,0,0,10.203629181337648
-1.2340035847477204,-1.2020848704331994,-1.382443235741583,0,0,1,0,0,0,1,0,0,0,12.012038766487528
0.24158445645869173,0.37106637817701016,0.19791807028503478,0,0,1,1,0,0,1,0,0,0,9.328212292571072
