car_age,milage,mileage_per_year,is_luxury_brand,is_manual,is_clean_title,has_accident,fuel_E85 Flex Fuel,fuel_Electric,fuel_Gasoline,fuel_Hybrid,fuel_Other,fuel_Plug-In Hybrid
0.8974013636615233,0.7639236747468583,0.15204875599765388,1,0,1,0,0,0,1,0,0,0
1.881126724465778,-0.01687074030477523,-0.8125277386652814,0,0,1,0,0,0,1,0,0,0
0.2415844564586868,2.1120524708757573,2.2867046959907142,0,0,1,1,0,0,0,0,0,0
1.3892640440636508,0.650551417340791,-0.20433913373828827,1,1,1,0,0,0,1,0,0,0
-0.9060951311462772,0.14101020503637307,2.239133862143695,1,0,1,0,0,0,1,0,0,0
-0.742140904345568,-0.27234152564643915,0.6476875430476396,0,0,1,0,0,0,1,0,0,0
-0.742140904345568,-1.0387538816714308,-1.122450982130881,1,0,1,0,0,0,1,0,0,0
-0.742140904345568,-1.0481968388481337,-1.1442608370460436,0,0,1,0,0,0,1,0,0,0
0.7334471368608142,0.4940708303785526,0.018304956317498997,1,0,1,1,0,0,1,0,0,0
1.5532182708643598,0.848891365575308,-0.13576265605915003,1,0,1,0,0,0,1,0,0,0
0.2415844564586868,-0.5408318591595893,-0.7769024591664024,1,0,1,0,0,0,1,0,0,0
2.209035178067196,-0.40162866679119824,-1.098761720880344,0,0,1,0,0,0,1,0,0,0
-0.25027822394344057,-0.783283096329767,-0.88206179969923,0,1,1,0,0,0,1,0,0,0
1.2253098172629415,1.0996312104476818,0.21790082294256682,0,0,1,1,0,0,1,0,0,0
0.569492910060105,1.184788138894903,0.8162721644932132,0,0,1,0,0,0,1,0,0,0
0.569492910060105,-0.8764069285272728,-1.2239951191149314,0,0,1,0,0,0,0,1,0,0
-0.742140904345568,-0.35749845409366043,0.4510054846944707,0,0,1,0,0,0,1,0,0,0
1.0613555904622325,-0.7548974535140265,-1.188011668248604,1,1,1,0,0,0,1,0,0,0
-0.4142324507441497,-0.08310390687483625,0.41822514163560925,1,1,1,1,0,0,1,0,0,0
-0.25027822394344057,-0.24395588283069872,-0.05162644220807227,1,0,1,0,0,0,1,0,0,0
0.40553868325939596,0.20659996370261063,-0.04203104742961155,1,0,0,0,0,0,1,0,0,0
1.3892640440636508,0.8445767478673155,-0.0628246674719696,0,1,1,0,0,0,1,0,0,0
-0.9060951311462772,-1.1929257696846558,-1.45796434940694,0,0,1,0,0,0,1,0,0,0
-0.25027822394344057,0.053147178640717836,0.4058414564800392,0,0,1,1,0,0,1,0,0,0
-0.742140904345568,-0.4311308115576911,0.2809410649050973,0,0,1,1,0,0,1,0,0,0
0.40553868325939596,0.8777122549142231,0.6733671594869814,1,0,1,0,0,0,1,0,0,0
-1.0700493579469863,-0.6379296813512988,0.4956523119406401,0,0,0,1,0,0,1,0,0,0
-0.5781866775448589,-0.6268214331294056,-0.3725116594425504,0,0,1,0,1,0,0,0,0,0
-0.4142324507441497,-1.0033664469611412,-1.1758829413168252,0,0,1,0,0,0,1,0,0,0
0.2415844564586868,1.033398043877621,1.0410516597539776,1,0,0,0,0,0,1,0,0,0
-0.9060951311462772,-0.8287001248349517,-0.4484871288406887,1,0,1,0,0,1,0,0,0,0
1.717172497665069,0.6009143899369995,-0.36824084903259574,0,0,1,1,1,0,0,0,0,0
-1.0700493579469863,-1.1598659576852568,-1.3125769718722777,1,0,1,0,0,0,0,1,0,0
1.5532182708643598,-0.42373162066372144,-1.0175538843425243,0,0,1,1,0,0,1,0,0,0
2.0450809512664874,1.4497208051751471,0.03768811569143452,1,1,1,1,0,0,1,0,0,0
-0.08632399714273145,-1.0874257972194872,-1.3734697371384188,0,1,1,0,0,0,0,0,1,0
1.881126724465778,2.9342899244383718,1.0464157158908824,0,0,1,0,0,0,1,0,0,0
-1.0700493579469863,-1.093178620830144,-1.081541113993422,0,0,1,0,0,1,0,0,0,0
-0.742140904345568,-1.1981676517246291,-1.4906397953680133,1,0,0,0,0,1,0,0,0,0
1.5532182708643598,1.960662375858475,0.6345754058240951,0,0,1,0,0,0,0,0,0,0
0.8974013636615233,-0.38561916424312065,-0.8435886037291462,1,0,1,0,0,0,1,0,0,0
-0.4142324507441497,-0.846204604571325,-0.9036421922129806,1,0,1,0,0,0,1,0,0,0
-0.5781866775448589,-0.6129692394353243,-0.3450885610207369,0,0,1,0,0,0,0,0,0,0
3.028806312070742,0.5186717208188609,-0.7421990026480877,0,0,1,0,0,0,1,0,0,0
0.40553868325939596,0.04031686808800316,-0.21928697017312912,1,0,1,1,0,0,1,0,0,0
0.40553868325939596,0.8630841869831782,0.6577738024503664,0,0,1,1,0,0,1,0,0,0
-0.742140904345568,-0.3704612309795152,0.4210661047007105,0,0,1,0,0,0,1,0,0,0
-1.2340035847476953,-1.1428345719958124,-1.1443045441701218,0,0,1,0,0,0,1,0,0,0
-0.9060951311462772,-0.4974396731752608,0.46962471955190405,0,0,1,0,0,0,1,0,0,0
-1.2340035847476953,-1.1625342081099364,-1.2353027765015214,0,0,0,0,0,0,1,0,0,0
-0.9060951311462772,0.04936242626528578,1.9851255398491887,1,0,1,0,0,0,1,0,0,0
-0.25027822394344057,-0.9826449277056506,-1.1890315011437684,0,0,1,0,0,0,1,0,0,0
-0.9060951311462772,-0.2486300520143573,1.1592182404125617,0,0,1,1,0,0,1,0,0,0
0.569492910060105,1.63895842394675,1.265831155014742,0,0,1,0,0,0,1,0,0,0
-0.25027822394344057,-0.32532805890248795,-0.17692019789972055,0,0,1,0,0,0,1,0,0,0
0.2415844564586868,0.5603039969486135,0.4947126087729528,0,0,1,0,0,0,1,0,0,0
0.07763022965797768,-0.062495930190608694,-0.10115853391374108,1,0,1,0,0,1,0,0,0,0
-1.2340035847476953,-1.155172864739721,-1.2012986339684626,1,0,0,0,0,0,1,0,0,0
1.717172497665069,-0.6981261678825457,-1.2254749174587314,1,1,1,0,0,0,1,0,0,0
0.07763022965797768,0.565432336417324,0.6899086249074533,0,0,0,0,1,0,0,0,0,0
-0.08632399714273145,-0.6413548822510647,-0.7553111398716322,1,0,1,0,0,0,1,0,0,0
-0.25027822394344057,0.45342258986641226,1.0221701821520734,0,0,1,1,0,0,1,0,0,0
-1.0700493579469863,-0.9085394761946909,-0.4418654995427987,0,0,1,0,0,0,1,0,0,0
-0.742140904345568,-0.9737507596233853,-0.9723170109212954,0,0,1,0,0,0,1,0,0,0
-0.25027822394344057,-0.6750391783924101,-0.7153919665466187,1,0,1,0,0,0,1,0,0,0
1.2253098172629415,2.4296499664601385,1.2418567568118835,0,0,1,1,0,0,1,0,0,0
0.7334471368608142,-0.5690282643565582,-0.9638465702748855,1,1,0,0,0,0,1,0,0,0
-0.742140904345568,-0.6592567609868584,-0.2459483158610032,1,0,0,0,0,1,0,0,0,0
-0.742140904345568,-0.8144316083795728,-0.6043467333045555,1,0,0,0,0,0,1,0,0,0
1.5532182708643598,0.5688196897933357,-0.32982228696761007,1,1,1,1,0,0,1,0,0,0
0.07763022965797768,-0.3480365731550803,-0.4608840585793126,1,0,1,0,0,0,1,0,0,0
-0.742140904345568,-0.9365087962491339,-0.8863013907348428,1,0,0,0,0,0,1,0,0,0
-0.742140904345568,-0.5675522109301396,-0.03414359257667939,1,0,1,0,0,0,1,0,0,0
1.2253098172629415,1.8423888641262232,0.789735696302706,0,0,1,1,0,0,1,0,0,0
-0.9060951311462772,-0.5996279873119263,0.18640255552334073,0,0,1,1,0,0,1,0,0,0
-0.9060951311462772,-0.7939560980284853,-0.3521915930709772,1,0,1,0,0,0,1,0,0,0
-1.3979578115484046,-1.2090677385658735,-1.384693726601773,1,0,1,0,0,0,1,0,0,0
1.5532182708643598,0.27644756879120924,-0.5324048070713742,1,1,1,0,0,0,1,0,0,0
0.2415844564586868,0.97662675824614,0.9754909736362546,0,0,1,1,0,0,1,0,0,0
0.569492910060105,-0.08310390687483625,-0.4387466840460556,1,0,1,0,0,1,0,0,0,0
-0.4142324507441497,-0.8400543819612478,-0.8929885807188506,0,0,1,0,0,1,0,0,0,0
0.07763022965797768,1.7029585866153063,2.1229698624428885,1,0,1,1,0,0,1,0,0,0
-1.2340035847476953,-1.231322082533414,-1.5530535685520857,0,0,0,0,0,0,1,0,0,0
2.8648520852700328,1.8849673283498338,-0.036016755037185696,1,0,1,0,0,0,1,0,0,0
-0.5781866775448589,-0.30072716846217956,0.2730550509463655,0,0,1,0,0,0,1,0,0,0
-0.4142324507441497,-1.1140136826568974,-1.3675496071819884,0,0,0,0,0,0,0,1,0,0
-0.742140904345568,-0.7993304464015989,-0.5694684482899269,0,0,1,0,0,0,1,0,0,0
-0.5781866775448589,0.08287640854973666,1.0324725756848583,0,0,1,0,0,0,1,0,0,0
1.717172497665069,-0.5429513204898313,-1.1230753696177165,0,1,1,0,0,0,1,0,0,0
-0.08632399714273145,0.8015819608824073,1.2442897867189189,0,0,1,0,0,0,1,0,0,0
-0.9060951311462772,-1.026377741403768,-0.9963646705892761,0,0,0,0,0,0,1,0,0,0
-0.4142324507441497,1.033398043877621,2.3522653821084374,0,0,1,1,0,0,0,0,0,0
0.40553868325939596,3.115011850365253,3.0583035402993,0,0,1,0,1,0,0,0,0,0
-0.5781866775448589,-0.016265179924706104,0.8362026130730009,0,0,1,1,0,0,0,1,0,0
-0.5781866775448589,-0.42887888389430906,0.019353927295382566,0,0,1,0,0,0,1,0,0,0
-0.9060951311462772,-0.6729575645859225,-0.016835571441600524,0,0,0,0,0,0,1,0,0,0
-0.08632399714273145,-0.8400543819612478,-1.0306660215660688,1,0,0,0,0,0,1,0,0,0
0.569492910060105,0.59058201595207,0.22809915189421257,0,0,1,1,0,0,1,0,0,0
-0.08632399714273145,0.039881621564828475,0.18873651594913157,0,1,1,0,0,0,1,0,0,0
-0.4142324507441497,-0.9744130912890859,-1.1257290164367673,0,0,1,0,0,0,1,0,0,0
-0.5781866775448589,-0.36696033503224057,0.14193367871091953,1,0,1,1,0,0,1,0,0,0
-0.9060951311462772,-0.7454355725754463,-0.21771351370630376,1,0,1,0,0,0,1,0,0,0
-0.5781866775448589,0.07490950479945217,1.0167005477673947,0,0,1,0,0,0,0,1,0,0
-0.742140904345568,-0.5744593840153032,-0.05009669286532524,1,0,0,0,0,0,0,1,0,0
1.0613555904622325,1.9284919806673024,0.9994013415144832,0,0,1,0,0,0,1,0,0,0
2.209035178067196,-0.44265538254088177,-1.122450982130881,1,0,1,1,0,0,1,0,0,0
0.2415844564586868,1.826190123959374,1.9565847878259397,1,0,1,0,0,0,1,0,0,0
0.2415844564586868,0.60910837882981,0.5510729452721552,0,0,1,1,0,0,1,0,0,0
0.07763022965797768,0.6243609309028012,0.7641471618422133,0,0,1,1,0,0,1,0,0,0
-1.0700493579469863,-1.1117996025172696,-1.1460528291332612,0,0,1,0,0,0,1,0,0,0
0.7334471368608142,1.9985098996127957,1.4081915020132263,0,0,1,0,0,0,1,0,0,0
0.07763022965797768,1.5846472273593,1.9739206225854327,0,0,1,1,0,0,0,0,0,0
1.2253098172629415,1.5908920687787629,0.5961131366350311,0,0,1,1,0,0,0,0,0,0
0.7334471368608142,1.7308522116222405,1.160914076826807,0,0,1,0,1,0,0,0,0,0
-0.4142324507441497,-1.0735736035254058,-1.2974980140652015,0,0,1,0,0,0,1,0,0,0
-1.0700493579469863,-1.198262270534015,-1.4455996040051375,1,0,0,0,0,0,1,0,0,0
0.8974013636615233,2.7743841365763675,1.8933405792843765,1,0,1,1,0,0,1,0,0,0
-0.742140904345568,-0.7997278454010193,-0.570386297895575,0,0,0,1,0,0,1,0,0,0
-1.0700493579469863,-0.6900457215609982,0.315098182372431,1,0,0,0,0,0,1,0,0,0
-0.742140904345568,-0.6224311203739045,-0.1608942524042771,0,0,1,0,0,0,1,0,0,0
0.07763022965797768,0.17236687846682766,0.1947228025979173,1,0,1,0,0,0,1,0,0,0
0.07763022965797768,-0.7889602248929151,-1.0163618718676566,1,0,1,0,0,0,1,0,0,0
-1.2340035847476953,-1.0140394486598596,-0.549363171213825,0,0,1,0,0,0,1,0,0,0
-1.0700493579469863,-1.0609893018770942,-0.970022386907175,1,0,0,0,0,0,1,0,0,0
-0.9060951311462772,-0.8723950910093148,-0.5695908282373466,1,0,0,0,0,0,1,0,0,0
-0.9060951311462772,-0.25527229243324057,1.1408087997507048,0,0,1,0,0,0,1,0,0,0
1.3892640440636508,3.3799445166454967,1.7863731440396706,0,0,1,0,1,0,0,0,0,0
-1.0700493579469863,-0.9716123745312661,-0.6603792663731693,0,0,0,0,0,0,0,1,0,0
-0.25027822394344057,0.27550138069735125,0.7482139284281485,0,0,1,0,0,0,1,0,0,0
-0.5781866775448589,-0.36696033503224057,0.14193367871091953,0,0,1,0,0,0,0,1,0,0
0.40553868325939596,0.08247900955031628,-0.17434259827457937,1,0,1,1,0,0,1,0,0,0
1.881126724465778,-0.09710749066393486,-0.8630690675996715,0,0,1,1,0,0,1,0,0,0
-0.4142324507441497,-0.7927449772683471,-0.8110377230716969,1,0,1,1,0,0,1,0,0,0
1.717172497665069,1.6578821858239103,0.3292499247615565,1,1,1,1,0,0,1,0,0,0
-0.4142324507441497,0.41837578286991145,1.2869042326954387,1,0,1,0,0,0,1,0,0,0
-0.9060951311462772,0.5300259779451572,3.3173186817613196,0,0,0,0,0,0,0,0,0,0
-0.08632399714273145,0.6699671970267574,1.0618999579394135,0,0,1,1,0,0,1,0,0,0
-0.5781866775448589,0.19880337380922058,1.2619724403460988,0,0,0,0,0,0,1,0,0,0
0.569492910060105,0.4797266188756651,0.11836929495774931,0,0,1,0,0,0,1,0,0,0
1.3892640440636508,-0.22978198518470566,-0.8464197902007037,0,0,1,1,0,0,0,1,0,0
1.717172497665069,1.2415594245263841,0.05451943055395562,1,0,1,0,0,0,1,0,0,0
-0.25027822394344057,-0.4313768204620942,-0.34021001345692936,1,0,1,0,0,0,1,0,0,0
-1.2340035847476953,-1.212095540466219,-1.46424069242461,0,0,1,0,0,0,0,0,0,1
-0.742140904345568,-0.7709637273477357,-0.5039514692962823,1,0,0,0,0,0,1,0,0,0
-0.9060951311462772,-0.7026678707330641,-0.0991797932054606,0,0,1,0,0,0,1,0,0,0
-0.4142324507441497,0.71299983153542,1.7972613937788535,1,0,0,0,0,0,1,0,0,0
0.07763022965797768,-0.20881445702481205,-0.2854913430272806,0,0,1,0,0,0,1,0,0,0
0.07763022965797768,-0.33289756365335205,-0.4418118589814297,0,0,1,1,0,0,1,0,0,0
0.2415844564586868,0.33533831575293205,0.23491746325045576,1,0,1,0,0,0,1,0,0,0
-1.2340035847476953,-1.1201260577432202,-1.0394074463817653,0,0,1,0,0,0,1,0,0,0
0.2415844564586868,0.9898166202745207,0.9907229063776057,1,0,1,1,0,0,1,0,0,0
-0.9060951311462772,-1.0907753030717444,-1.1748470824761652,0,0,1,0,0,0,1,0,0,0
-0.08632399714273145,1.033398043877621,1.5655371486957614,1,0,1,0,0,0,1,0,0,0
-0.742140904345568,-0.7079476002967918,-0.3584067461149373,0,0,1,0,0,0,1,0,0,0
-0.742140904345568,-0.8211116963222104,-0.6197753481042596,1,0,1,0,0,0,1,0,0,0
0.2415844564586868,0.5943667683275021,0.5340490204435866,1,0,1,0,0,1,0,0,0,0
2.700897858469324,3.4761339982671027,0.8378912343429535,1,0,1,1,0,0,1,0,0,0
0.7334471368608142,1.7335772333325516,1.163431607173727,0,0,1,0,0,0,1,0,0,0
-0.25027822394344057,0.6662770634607112,1.3499153365752503,0,0,1,0,0,0,0,0,1,0
-0.25027822394344057,0.016245842980255273,0.3490221951780128,1,0,1,1,0,0,1,0,0,0
2.0450809512664874,-0.07381233979315055,-0.8802641066827847,0,1,1,1,0,0,1,0,0,0
-0.08632399714273145,-0.132778781802382,-0.05053376410611014,1,0,1,0,0,0,1,0,0,0
-1.2340035847476953,-1.222011591689851,-1.5100457584588594,1,0,0,0,0,0,1,0,0,0
-0.4142324507441497,0.5603039969486135,1.5327568056369,0,0,1,0,1,0,0,0,0,0
1.2253098172629415,-0.035870197229444165,-0.656299934792511,1,1,1,0,0,0,1,0,0,0
0.7334471368608142,-1.1176659686991892,-1.4707093467882255,1,0,1,0,0,0,1,0,0,0
0.7334471368608142,0.1818287594054078,-0.27016206260048214,1,0,1,1,0,0,1,0,0,0
0.2415844564586868,0.389990140054171,0.2980305504197838,0,0,1,0,0,0,1,0,0,0
0.07763022965797768,0.06563686147964364,0.06026379543284171,0,0,1,1,0,0,1,0,0,0
0.40553868325939596,-0.08170354849592638,-0.3493593714306915,0,0,1,0,0,0,1,0,0,0
-0.5781866775448589,-1.0993099196783438,-1.3078940657210116,1,0,1,0,0,0,1,0,0,0
-0.742140904345568,-1.1325968168202687,-1.3391946104360732,1,0,0,0,0,0,1,0,0,0
-0.08632399714273145,0.053147178640717836,0.2071197323365412,1,0,1,1,0,0,1,0,0,0
2.8648520852700328,-1.0923838228313032,-1.5095774678437326,0,0,1,0,0,0,1,0,0,0
-0.742140904345568,-0.8308385099270708,-0.6422408098805994,0,0,1,0,0,0,1,0,0,0
1.0613555904622325,-0.44331771420658234,-0.934021857206649,1,0,1,1,0,0,1,0,0,0
-1.0700493579469863,-0.8190679300394771,-0.13189457557820436,0,0,0,0,0,0,1,0,0,0
-0.742140904345568,-0.6129692394353243,-0.1390406903650362,1,0,1,0,0,0,1,0,0,0
-0.25027822394344057,1.3551019957893458,2.4105415475464134,1,0,1,0,0,0,1,0,0,0
-0.4142324507441497,-0.7643593344526066,-0.7618672084834046,1,0,1,0,0,0,1,0,0,0
3.6846232192735786,0.2003740460450249,-0.9775817326852944,0,0,1,0,0,0,0,0,1,0
-0.4142324507441497,-0.0603953926222439,0.45756155330624304,0,0,1,0,0,0,0,1,0,0
-0.25027822394344057,1.2655736783485003,2.272689278202881,0,0,1,0,1,0,0,0,0,0
-0.9060951311462772,-0.5751217156810038,0.2543234263413018,1,0,1,0,0,0,0,1,0,0
3.5206689924728694,2.138848517693816,-0.11924136315748383,0,0,1,0,0,0,0,0,1,0
0.569492910060105,0.9009317107374988,0.5352977954172574,1,0,1,0,0,0,1,0,0,0
-0.742140904345568,-1.0081352349541854,-1.051732855371897,1,0,1,0,0,0,1,0,0,0
1.2253098172629415,2.585146517804765,1.3615705696628457,1,0,1,1,0,0,1,0,0,0
1.3892640440636508,0.6927703300887357,-0.1735463146375219,0,1,1,0,0,0,1,0,0,0
-0.9060951311462772,-0.9957780184483999,-0.9115553670273897,1,0,0,0,0,0,1,0,0,0
-0.9060951311462772,-0.5459034273426683,0.33530398583391324,0,0,1,0,0,0,1,0,0,0
0.2415844564586868,1.5386624859978006,1.6245417662017123,0,0,1,1,0,0,1,0,0,0
-0.08632399714273145,0.12032653330463687,0.30021590662370784,1,0,1,0,0,0,1,0,0,0
-0.5781866775448589,-0.5871383044730005,-0.293951225848913,1,0,0,0,0,0,1,0,0,0
-1.0700493579469863,-1.1276955624940843,-1.2011238054721487,0,0,1,0,0,1,0,0,0,0
-0.4142324507441497,-0.3173990026759578,0.012371714223845066,0,0,1,0,0,0,1,0,0,0
-0.08632399714273145,0.991387292510325,1.5073192594232234,0,0,1,0,0,0,1,0,0,0
0.8974013636615233,1.0570527462240713,0.40593251298853616,1,0,1,1,0,0,1,0,0,0
-0.08632399714273145,1.0896205404146642,1.6434494680780636,0,0,1,1,0,0,1,0,0,0
-1.0700493579469863,-0.6129692394353243,0.5821268569299167,1,0,1,0,0,0,1,0,0,0
1.5532182708643598,1.0901693295091017,0.03141709354104359,1,1,1,0,0,0,1,0,0,0
-0.4142324507441497,-0.32513882128371635,-0.0010354460872292848,0,0,1,0,0,0,1,0,0,0
-0.08632399714273145,0.3407883591735542,0.6057287039322969,1,0,1,1,0,0,1,0,0,0
-1.2340035847476953,-0.9498122008487775,-0.2526792129690893,0,0,1,0,0,0,1,0,0,0
-0.5781866775448589,-0.5561979538038435,-0.23269881339035467,1,0,1,1,0,0,1,0,0,0
-0.742140904345568,0.522456473194293,2.4833867543438832,0,0,1,0,0,0,1,0,0,0
-0.9060951311462772,-1.1964834369175619,-1.4678246765990457,0,0,1,0,0,0,1,0,0,0
-0.25027822394344057,0.5319183541328731,1.1430349492704355,1,0,1,0,0,0,1,0,0,0
-0.5781866775448589,-0.33195137555949406,0.21124068974965513,1,0,1,1,0,0,1,0,0,0
-1.0700493579469863,-1.1750049671869849,-1.3650255207664561,1,0,1,0,0,0,1,0,0,0
1.717172497665069,0.5635210364677309,-0.3929166425123331,1,1,1,0,0,0,1,0,0,0
-0.4142324507441497,-0.5590365180854175,-0.40620048629475736,1,0,1,0,0,0,1,0,0,0
-0.5781866775448589,-0.9124377711413859,-0.9379444797710035,1,0,0,0,0,0,1,0,0,0
-1.2340035847476953,-1.1840316016023904,-1.3346053624078327,0,0,1,0,0,0,1,0,0,0
-0.742140904345568,-0.8168349261379722,-0.6098975380625227,0,0,0,0,0,0,1,0,0,0
2.3729894048679054,0.4999750440842266,-0.6182945507404807,0,0,1,0,0,0,1,0,0,0
-0.4142324507441497,-0.5526592103328145,-0.395153510683921,1,0,1,0,0,1,0,0,0,0
-0.9060951311462772,-0.889540019270022,-0.6171092135354722,0,0,1,0,0,0,1,0,0,0
0.8974013636615233,-0.6195547085685761,-1.0462039041759692,0,0,1,0,0,0,1,0,0,0
-0.4142324507441497,-0.5940454775581641,-0.46684412095365113,0,0,1,1,0,0,0,0,1,0
-0.5781866775448589,-0.003397021848237107,0.8616776225358875,0,0,1,0,0,0,1,0,0,0
-0.25027822394344057,0.5413802350714533,1.1576039906299298,0,0,1,0,0,0,1,0,0,0
-0.08632399714273145,1.8660435664726736,2.7194052243676863,0,0,1,0,0,0,1,0,0,0
1.2253098172629415,-0.27234152564643915,-0.8383546756207481,1,0,1,1,0,0,1,0,0,0
-0.9060951311462772,-1.1090556570450814,-1.2255123807079416,1,0,0,0,0,1,0,0,0,0
-0.08632399714273145,0.48460894943997246,0.8050331897301749,0,0,1,0,0,0,1,0,0,0
2.0450809512664874,1.4459360527997152,0.035407744000383296,0,0,1,1,0,0,1,0,0,0
0.8974013636615233,-0.2487625183474974,-0.7250548832283031,0,1,1,0,0,0,0,0,0,0
1.3892640440636508,1.374025757666506,0.32333467488627343,1,0,1,1,0,0,1,0,0,0
-0.742140904345568,-0.790852601080631,-0.5498876567027668,1,0,1,0,0,0,1,0,0,0
-0.25027822394344057,-0.20610835907637812,0.006649723229903826,1,0,1,0,0,0,1,0,0,0
0.2415844564586868,1.627604166820454,1.7272535077861448,1,0,1,0,0,0,1,0,0,0
-1.2340035847476953,-1.1276955624940843,-1.0743731456445509,0,1,1,0,0,0,1,0,0,0
1.2253098172629415,2.370172582880224,1.1960662598189937,0,1,1,1,0,0,1,0,0,0
1.2253098172629415,0.23292291647374058,-0.4493612713222582,0,1,1,0,0,0,1,0,0,0
-0.742140904345568,-0.5713369633055717,-0.04288501739237571,1,0,1,0,0,0,1,0,0,0
-0.25027822394344057,-0.49942666817236264,-0.4449905589144102,0,0,1,0,0,0,1,0,0,0
0.40553868325939596,-0.5766356166311766,-0.8769514282685152,1,0,1,0,0,0,1,0,0,0
-1.0700493579469863,-0.9914444769785301,-0.729086865424543,1,0,1,0,0,0,0,1,0,0
0.40553868325939596,0.9084065966789772,0.706086984989427,1,0,1,1,1,0,0,0,0,0
2.209035178067196,0.22346103553516045,-0.7378282902402395,0,1,1,0,0,0,1,0,0,0
-0.5781866775448589,-0.5086236164446625,-0.1385162048760944,0,0,1,1,1,0,0,0,0,0
-1.2340035847476953,-1.0485942378475541,-0.7089815883484414,0,0,1,0,0,0,1,0,0,0
-0.25027822394344057,-0.42373162066372144,-0.32843822803845824,1,0,1,0,0,1,0,0,0,0
-1.0700493579469863,-0.7738212153911869,0.024861024929271294,1,0,1,0,0,0,1,0,0,0
2.0450809512664874,1.1233994553653952,-0.158925531511003,0,1,1,1,0,0,1,0,0,0
-0.5781866775448589,-0.8868717688453424,-0.8873316300881213,0,0,0,0,0,0,0,0,0,0
-0.4142324507441497,-0.3956109105142613,-0.12310944363842949,1,0,0,0,0,0,1,0,0,0
-0.08632399714273145,-0.6005741754057844,-0.6987978284381551,1,0,1,0,0,0,1,0,0,0
3.35671476567216,1.033398043877621,-0.5662425805514892,0,0,1,1,0,0,0,0,1,0
-1.0700493579469863,-1.173699227617461,-1.3605018334243333,0,0,1,0,0,0,0,1,0,0
1.3892640440636508,1.716754009023756,0.5733072193658694,0,0,1,1,0,0,1,0,0,0
-0.742140904345568,-0.721667327657733,-0.3900944110718367,0,0,0,0,0,0,1,0,0,0
1.881126724465778,-0.1663684591343415,-0.906696724179829,0,0,1,0,0,0,1,0,0,0
-0.4142324507441497,0.7438644871570684,1.8507261333078566,0,0,0,1,0,0,1,0,0,0
-1.0700493579469863,-1.1792249660855918,-1.3796455537707084,1,0,0,0,0,0,1,0,0,0
1.3892640440636508,1.1469406151405825,0.1577076783783415,0,0,1,0,0,0,1,0,0,0
-1.0700493579469863,-0.7004537905934364,0.27903980500768333,0,0,0,0,0,0,1,0,0,0
-1.0700493579469863,-1.2109601147535896,-1.4895908243901297,0,0,1,0,0,0,1,0,0,0
-0.4142324507441497,0.23860004503688867,0.9754909736362546,0,0,1,1,0,0,1,0,0,0
-0.5781866775448589,-0.10812112007644215,0.6543560014070422,0,0,1,0,0,0,1,0,0,0
0.07763022965797768,1.7335772333325516,2.1615433861296065,0,0,1,0,1,0,0,0,0,0
-1.0700493579469863,-0.8887262975093041,-0.3732234611775427,0,0,0,0,0,0,1,0,0,0
1.2253098172629415,0.5443134181624132,-0.20962769575178467,1,0,1,0,0,0,1,0,0,0
1.717172497665069,1.9795861377356354,0.5415416702856121,0,0,1,1,0,0,1,0,0,0
2.209035178067196,2.9749760124742664,0.8509256700125809,0,0,1,0,0,0,1,0,0,0
0.2415844564586868,-0.22503212095353842,-0.41221021585554873,1,0,1,0,0,0,1,0,0,0
2.0450809512664874,-0.9554893294119255,-1.411488093971625,0,1,0,0,0,0,1,0,0,0
-0.25027822394344057,0.03043866438812549,0.3708757572172537,0,0,1,0,0,0,1,0,0,0
-1.0700493579469863,-1.1974107012495427,-1.44264937312984,1,0,0,0,0,1,0,0,0,0
-0.5781866775448589,-0.3858840969094009,0.10447042950079204,1,0,1,1,0,0,1,0,0,0
-0.25027822394344057,-0.22503212095353842,-0.022488359489084224,1,0,1,1,0,0,1,0,0,0
2.209035178067196,1.0050124010618804,-0.2865522341299129,0,0,1,1,0,0,1,0,0,0
0.40553868325939596,1.3996674550100583,1.2297655731789927,1,0,1,0,0,0,1,0,0,0
-0.5781866775448589,-0.12852093538002093,0.6139706187585248,1,0,1,1,0,0,1,0,0,0
-1.2340035847476953,-1.0160453674188386,-0.5586290815184634,0,0,1,0,0,0,0,1,0,0
0.7334471368608142,2.3098057824920826,1.6957843784496378,1,0,1,1,0,0,1,0,0,0
-0.4142324507441497,-0.5442381362974782,-0.38056625802272764,0,0,0,0,0,0,1,0,0,0
0.7334471368608142,0.3691740019892947,-0.09708185124969346,1,0,0,0,0,0,1,0,0,0
-1.0700493579469863,-0.522021639853692,0.8972115144116933,0,0,1,0,0,0,1,0,0,0
-1.0700493579469863,-1.2143663918914784,-1.50139174789132,1,0,0,0,0,0,1,0,0,0
-0.9060951311462772,-0.9535969532242096,-0.7946475515422661,0,1,1,0,0,0,1,0,0,0
-0.25027822394344057,0.12619289948655654,0.5183144557753331,1,0,0,0,0,0,1,0,0,0
-1.2340035847476953,-1.0486320853713085,-0.7091564168447553,0,0,1,0,0,0,1,0,0,0
-0.08632399714273145,0.15437038092164823,0.34739337635402123,0,0,0,1,0,0,1,0,0,0
0.7334471368608142,-0.5561979538038435,-0.9519931982248012,0,1,1,0,0,0,1,0,0,0
1.5532182708643598,2.3959088990331616,0.9361545619656209,1,0,1,1,0,0,1,0,0,0
-1.2340035847476953,-1.2194379600745573,-1.4981574207095123,0,1,1,0,0,0,1,0,0,0
-0.742140904345568,0.3170579617795952,2.00898962959604,0,0,1,0,0,0,1,0,0,0
-0.08632399714273145,6.313127607605342,8.882109719433648,1,0,1,1,0,0,0,0,0,0
-0.742140904345568,0.0402033255167402,1.369554404327848,0,0,1,0,0,0,1,0,0,0
1.2253098172629415,1.0712455676319415,0.19604726090332567,0,0,1,0,0,0,1,0,0,0
1.2253098172629415,0.5016403351294167,-0.24248088401744353,1,0,1,0,0,0,1,0,0,0
-0.9060951311462772,-0.7460411329555156,-0.2193918672709174,0,0,0,0,0,0,1,0,0,0
-0.9060951311462772,-0.5742133751109001,0.25684095668822243,0,0,0,0,0,0,1,0,0,0
-0.25027822394344057,-0.31208142558847574,-0.15652353999642904,1,0,1,0,0,0,1,0,0,0
-0.9060951311462772,-0.7946373534560631,-0.35407974083116756,0,0,1,0,0,0,1,0,0,0
2.5369436316686147,1.2642679387789764,-0.24797229191448356,1,1,1,0,0,0,1,0,0,0
-0.742140904345568,-0.6178137224758774,-0.15022971412912764,0,0,1,0,0,0,1,0,0,0
-0.08632399714273145,0.9671648773075598,1.4737521881309494,0,0,1,0,0,0,1,0,0,0
-0.5781866775448589,-0.19475410195008194,0.4828492465230791,0,0,0,0,0,0,1,0,0,0
1.717172497665069,0.8611918107954623,-0.1964843391538983,0,0,1,0,0,0,1,0,0,0
0.569492910060105,0.08720995001960635,-0.27016206260048214,0,0,1,1,0,0,1,0,0,0
1.3892640440636508,-0.5353818157389671,-1.069312320751253,1,1,1,0,0,0,1,0,0,0
-1.0700493579469863,-0.965689237063715,-0.639858771618322,0,0,1,0,0,0,1,0,0,0
-0.08632399714273145,0.5894655140013176,0.9503418944414962,0,0,0,0,0,0,1,0,0,0
0.7334471368608142,-0.19664647813779798,-0.6198190552283381,0,0,1,1,0,0,1,0,0,0
-0.5781866775448589,-0.6209172194237317,-0.36082312568899044,1,0,0,0,0,0,1,0,0,0
-0.4142324507441497,-0.4937495396092145,-0.2931083027416852,1,0,1,1,0,0,1,0,0,0
0.7334471368608142,0.1818287594054078,-0.27016206260048214,0,0,1,1,0,0,1,0,0,0
0.40553868325939596,0.12505747377392692,-0.12895443096230966,0,0,1,0,0,0,1,0,0,0
-0.9060951311462772,-0.318723666007359,0.9649488153085246,0,0,0,0,0,0,0,0,0,0
0.569492910060105,1.2104298362384553,0.8416535158330744,0,0,1,1,0,0,1,0,0,0
-1.2340035847476953,-1.1597524151139937,-1.2224528820224478,1,1,1,0,0,0,1,0,0,0
1.5532182708643598,-0.3573470639986432,-0.9715565069623298,1,0,1,1,0,0,1,0,0,0
-0.9060951311462772,-0.7738212153911869,-0.29638633704757134,1,0,1,0,0,0,1,0,0,0
1.3892640440636508,0.6270670288512351,-0.2214677256271502,0,0,1,1,0,0,1,0,0,0
-0.4142324507441497,0.5603039969486135,1.5327568056369,0,0,1,0,0,0,1,0,0,0
-0.08632399714273145,0.37585408993193226,0.6543222844827531,0,0,1,0,0,0,1,0,0,0
0.07763022965797768,0.49223522547646803,0.5976945398516886,1,0,0,0,1,0,0,0,0,0
-0.9060951311462772,-0.6129692394353243,0.14942632855294496,0,0,1,1,0,0,1,0,0,0
-0.742140904345568,-0.8718652256767543,-0.7369978548827483,0,0,1,1,0,0,1,0,0,0
1.0613555904622325,1.9076758426024263,0.982432693342837,0,0,1,1,0,0,1,0,0,0
-1.0700493579469863,-0.6697405250668053,0.38544479857674774,1,0,1,0,0,1,0,0,0,0
-1.0700493579469863,-1.1702361791939406,-1.3485042278647899,0,0,1,0,0,1,0,0,0,0
-0.4142324507441497,-0.8873637866541485,-0.9749394383660043,1,0,1,0,0,0,1,0,0,0
0.2415844564586868,-0.543519033346146,-0.7800056649759746,1,0,1,0,0,0,1,0,0,0
-1.0700493579469863,-0.915749429469889,-0.46684412095365113,0,0,1,0,0,0,1,0,0,0
-0.742140904345568,-0.8417764442920694,-0.6675035275979619,0,0,1,0,0,0,1,0,0,0
-0.742140904345568,-0.588368348995016,-0.08222142906300951,1,0,1,0,0,0,0,1,0,0
-0.742140904345568,-0.4521172634794619,0.23246986430206085,0,0,1,0,0,0,0,1,0,0
0.7334471368608142,0.6611865715157551,0.17269600141232885,0,0,1,1,0,0,1,0,0,0
-0.5781866775448589,0.8009007054548295,2.4539406404647233,0,0,1,0,0,0,1,0,0,0
-0.4142324507441497,0.10407102185215618,0.7424555148308083,1,0,1,0,0,0,1,0,0,0
0.569492910060105,0.06828618814244607,-0.2888936872055459,1,0,1,1,0,0,1,0,0,0
-0.9060951311462772,0.35878485671873367,2.8427117628179,0,0,1,0,0,0,1,0,0,0
1.0613555904622325,2.3603322267041005,1.3514236608571746,1,0,1,1,0,0,1,0,0,0
-0.5781866775448589,-0.6262158727493365,-0.3713128354678261,1,0,1,0,0,1,0,0,0,0
-1.2340035847476953,-1.2087271108520845,-1.4486809562526706,1,0,1,0,0,0,1,0,0,0
1.3892640440636508,-0.2912652875235994,-0.8912632995052262,1,0,1,1,0,0,1,0,0,0
-0.9060951311462772,-0.27900268982719956,1.0750383194374054,0,0,0,0,0,0,1,0,0,0
-0.08632399714273145,-0.448710986341573,-0.4883480260002643,0,0,1,0,0,0,1,0,0,0
-0.742140904345568,-0.6129692394353243,-0.1390406903650362,0,0,1,0,0,0,1,0,0,0
-0.08632399714273145,0.2196762831597284,0.4378933474709261,1,0,1,1,0,0,1,0,0,0
1.3892640440636508,-0.430638793748885,-0.9929168686119694,1,0,1,0,0,0,1,0,0,0
1.0613555904622325,1.077831036765193,0.3059698209582751,0,0,1,1,0,0,1,0,0,0
-0.9060951311462772,0.020976783449545348,1.906452716507921,1,0,1,0,0,0,1,0,0,0
0.7334471368608142,0.5508421160100334,0.07075350521167739,0,0,1,0,0,0,1,0,0,0
-0.25027822394344057,0.794580168987858,1.547471537409989,1,0,1,1,0,0,1,0,0,0
2.209035178067196,0.44676142568565186,-0.6088922742087176,0,0,1,0,0,0,1,0,0,0
3.6846232192735786,0.9387792344918194,-0.6674995542230457,0,0,1,0,0,0,0,0,1,0
-0.9060951311462772,-0.9100723009067408,-0.6740158890856558,0,0,1,0,0,0,1,0,0,0
-0.742140904345568,-1.0310708343493038,-1.1047058897550173,1,0,0,0,0,0,1,0,0,0
-0.25027822394344057,0.9064952967293839,1.719794158610084,0,0,1,1,0,0,1,0,0,0
-1.0700493579469863,-1.0387538816714308,-0.8929885807188506,0,0,1,0,0,0,1,0,0,0
-0.08632399714273145,-0.06418014499767595,0.044529230764588194,1,0,1,0,0,0,1,0,0,0
-0.4142324507441497,-0.46157914441804204,-0.23738171954162066,1,0,1,0,0,0,1,0,0,0
0.2415844564586868,-0.06050893519350686,-0.2222153474863875,1,0,0,0,0,0,1,0,0,0
2.209035178067196,2.6397226470584947,0.6573468174689844,1,1,1,1,0,0,1,0,0,0
0.40553868325939596,1.3549316819324513,1.1820777387229011,0,0,1,0,0,0,1,0,0,0
-1.2340035847476953,-1.1915632588295002,-1.3693962331743044,1,0,0,0,0,0,0,1,0,0
-0.742140904345568,-0.18907697338693386,0.8399988889929606,0,0,0,0,0,0,1,0,0,0
-0.9060951311462772,-0.1587989543834774,1.4081915020132263,0,0,1,0,0,0,0,0,0,0
-1.2340035847476953,-1.048215762610011,-0.707233303385302,1,0,1,0,0,0,1,0,0,0
-0.742140904345568,0.5035327113171327,2.4396796302654016,1,0,1,0,0,0,1,0,0,0
-1.2340035847476953,-1.2167507858880005,-1.4857445974712233,0,0,0,0,0,0,1,0,0,0
-0.4142324507441497,0.17011495080344557,0.8568589121062349,1,0,1,1,0,0,1,0,0,0
-0.5781866775448589,-0.2912652875235994,0.29178667555142923,1,0,1,0,0,0,1,0,0,0
0.569492910060105,0.006783962041675129,-0.3497714671720029,0,0,1,1,0,0,1,0,0,0
-1.0700493579469863,-0.9826638514675278,-0.6986667070659196,0,0,0,0,0,0,1,0,0,0
-0.25027822394344057,0.49596320656626863,1.0876725921043584,0,0,1,0,0,0,1,0,0,0
-1.2340035847476953,-1.2090677385658735,-1.450254412719496,0,1,1,0,0,0,1,0,0,0
-1.0700493579469863,-0.9230161540307186,-0.49201942442285673,0,0,0,0,0,0,1,0,0,0
1.2253098172629415,1.9795861377356354,0.8953612461590379,0,0,1,0,0,0,1,0,0,0
1.0613555904622325,0.47263020817172996,-0.18737048556664226,0,1,1,0,0,0,1,0,0,0
-0.9060951311462772,-1.0390755856233427,-1.0315576468972698,1,0,0,0,0,0,1,0,0,0
0.569492910060105,1.1469406151405825,0.7788089152830857,1,0,1,1,0,0,1,0,0,0
0.569492910060105,0.25752380691404897,-0.10157744115490869,1,0,1,0,0,0,1,0,0,0
-0.4142324507441497,-0.6281271726989297,-0.5258815188026607,0,0,1,0,0,0,1,0,0,0
0.2415844564586868,0.782298647529581,0.7510767450552889,1,0,1,1,0,0,1,0,0,0
-0.9060951311462772,-0.518123344906997,0.412298455610567,0,0,1,0,0,0,1,0,0,0
-0.08632399714273145,-0.007408859366195088,0.12320205410585577,1,0,1,0,0,0,1,0,0,0
-0.4142324507441497,0.8102111962983923,1.965654016072225,0,0,0,1,0,0,1,0,0,0
0.40553868325939596,1.563263376438109,1.4041569982521358,1,0,1,1,0,0,1,0,0,0
-1.0700493579469863,-0.8710704276779135,-0.31205534102970717,0,0,0,0,0,0,1,0,0,0
-0.4142324507441497,0.3531644994412171,1.1739431705146022,0,0,1,0,0,0,1,0,0,0
0.569492910060105,-0.6129692394353243,-0.9632321729878394,0,1,1,0,0,0,1,0,0,0
-0.9060951311462772,-1.0009063579171102,-0.925768923777712,0,0,1,0,0,0,1,0,0,0
-0.4142324507441497,-0.43035493732072755,-0.1832941534944992,1,0,1,0,0,0,1,0,0,0
1.881126724465778,1.0712455676319415,-0.12712056561635937,0,1,1,1,0,0,1,0,0,0
-0.9060951311462772,-0.5116892658687625,0.43013096223458763,1,0,0,0,0,0,1,0,0,0
-0.25027822394344057,-0.4492786991978879,-0.367774639709092,0,0,1,0,0,0,1,0,0,0
-0.5781866775448589,0.3010673829933948,1.4644238390776274,0,0,1,0,0,0,1,0,0,0
0.8974013636615233,-0.13041331156773697,-0.6225507504832433,0,1,1,1,0,0,1,0,0,0
-0.5781866775448589,-0.7738212153911869,-0.6635261793068201,1,0,1,0,0,0,1,0,0,0
-0.5781866775448589,0.12789603805550098,1.1215976455557515,0,0,1,1,0,0,1,0,0,0
-0.4142324507441497,-0.40480785878656117,-0.1390406903650362,1,0,1,0,0,0,1,0,0,0
0.8974013636615233,1.6957297095782309,0.9591008021068239,0,0,1,0,0,0,1,0,0,0
0.2415844564586868,0.3994520209927511,0.3089573314394042,1,0,1,0,0,0,1,0,0,0
-0.4142324507441497,0.11879370859258688,0.7679586217306025,0,0,1,0,0,0,1,0,0,0
1.0613555904622325,0.4278376638084916,-0.22388393122326605,0,0,1,1,0,0,1,0,0,0
-0.25027822394344057,-0.19664647813779798,0.02121876458939785,1,0,1,0,0,0,1,0,0,0
0.7334471368608142,1.563263376438109,1.0060859604911918,1,0,1,1,0,0,1,0,0,0
-1.0700493579469863,-1.1891977885948553,-1.4141960353547482,0,0,1,0,0,0,1,0,0,0
1.3892640440636508,0.711694091965896,-0.1597440649285276,1,0,1,1,0,0,1,0,0,0
0.569492910060105,2.358061375278841,1.977632890007163,0,0,1,1,0,0,1,0,0,0
-1.2340035847476953,-1.2083297118526641,-1.4468452570413743,0,0,1,1,0,0,0,1,0,0
0.2415844564586868,-0.6113039483901342,-0.8582851242005358,1,0,1,0,0,0,1,0,0,0
0.07763022965797768,0.31429509254552984,0.3735246738280709,1,0,1,0,0,0,1,0,0,0
-0.4142324507441497,-0.133251875849311,0.3313572325296263,1,0,1,0,0,0,1,0,0,0
1.881126724465778,1.5021396255748811,0.1443006749110138,0,0,1,1,0,0,1,0,0,0
-1.2340035847476953,-0.48964308328187073,1.872973059463804,0,0,0,1,0,0,1,0,0,0
-0.25027822394344057,-0.17772271626063768,0.050356847308385896,1,0,1,0,0,0,1,0,0,0
-0.25027822394344057,-0.44664829629696257,-0.3637244462111525,0,0,1,1,0,0,1,0,0,0
0.07763022965797768,0.06353632391127884,0.05761752773863546,0,0,1,0,0,0,0,0,0,0
-0.9060951311462772,-0.5511453093826417,0.32077573779022567,0,0,0,0,0,0,1,0,0,0
-0.4142324507441497,0.34124252945860606,1.1532915543875193,1,0,1,0,0,1,0,0,0,0
-1.2340035847476953,-1.225058317352074,-1.5241194524121306,0,0,1,0,0,1,0,0,0,0
0.2415844564586868,0.456223306624232,0.37451801755712716,1,0,1,0,0,0,1,0,0,0
0.2415844564586868,1.3818791188455275,1.4434850047066008,0,0,1,1,0,0,1,0,0,0
0.2415844564586868,-0.8078839867700753,-1.0852999266641712,1,1,1,1,0,0,1,0,0,0
1.3892640440636508,1.9722626418891742,0.7596651949367106,0,0,1,1,0,0,1,0,0,0
-0.25027822394344057,0.844160425106018,1.6238133141337376,0,0,1,1,0,0,1,0,0,0
1.881126724465778,1.5784023859398373,0.19233877764818194,0,0,1,0,0,0,1,0,0,0
-0.4142324507441497,0.635904425647869,1.6637142761570518,0,0,0,0,0,0,1,0,0,0
-0.5781866775448589,-0.1398751925063171,0.5914926692324487,0,0,1,0,1,0,0,0,0,0
-0.9060951311462772,-0.39173153932944343,0.7626023136747847,0,0,0,1,0,0,1,0,0,0
-0.25027822394344057,0.718090323480376,1.4296954070598396,0,0,0,1,0,0,1,0,0,0
-0.08632399714273145,-0.30861837716495544,-0.2942097222684629,0,0,0,0,0,0,1,0,0,0
-1.2340035847476953,-1.1996058576272934,-1.406547288641014,1,0,1,0,0,0,0,1,0,0
-1.2340035847476953,-0.9592740817873576,-0.29638633704757134,0,0,1,0,0,0,1,0,0,0
0.2415844564586868,0.10613371189676665,-0.029772880168831114,1,0,1,1,0,0,1,0,0,0
3.5206689924728694,0.46568518756281213,-0.8438180661305583,1,0,1,1,0,0,0,0,1,0
-0.5781866775448589,-1.069599613531202,-1.2490767644611118,1,0,1,0,0,0,1,0,0,0
1.717172497665069,1.2566984340281122,0.06450963034332281,0,0,1,1,0,0,1,0,0,0
0.569492910060105,-0.3101890494007597,-0.6635261793068201,1,0,1,0,0,0,1,0,0,0
1.5532182708643598,1.9776937615479193,0.6463763293252852,0,0,1,1,0,0,1,0,0,0
-0.5781866775448589,-0.3381394456933255,0.19899020725794356,1,0,1,0,0,0,1,0,0,0
3.028806312070742,-0.2912652875235994,-1.1292331220740937,1,0,1,0,0,0,1,0,0,0
0.569492910060105,-0.21557024001495828,-0.5698680562815015,1,0,1,1,0,0,1,0,0,0
-0.08632399714273145,-0.020844730298978893,0.10458281924842246,0,0,0,0,0,0,1,0,0,0
-1.0700493579469863,-1.0860632863643316,-1.056890296013158,0,0,1,0,0,1,0,0,0,0
0.40553868325939596,0.6170752825800945,0.39553105797947424,0,0,1,1,1,0,0,0,0,0
-0.4142324507441497,-0.4937495396092145,-0.2931083027416852,1,0,1,0,0,0,1,0,0,0
-0.25027822394344057,-0.2765047532594144,-0.10174394448473144,0,0,1,0,0,0,0,0,0,0
-1.0700493579469863,-0.9799009822334623,-0.689094846892732,0,0,0,0,0,0,1,0,0,0
-0.08632399714273145,0.31429509254552984,0.5690147197063721,1,0,1,1,0,0,1,0,0,0
1.3892640440636508,-0.745038173576026,-1.222227445277201,1,1,1,0,0,0,1,0,0,0
0.40553868325939596,-0.8874773292254116,-1.20830522216689,1,1,0,0,0,0,1,0,0,0
-0.25027822394344057,-0.7709826511096127,-0.8631220459318879,1,0,1,0,0,0,1,0,0,0
1.2253098172629415,-0.46067080384793835,-0.9833457752304323,1,0,1,0,0,0,1,0,0,0
1.881126724465778,1.6768059477010706,0.2543234263413018,1,0,1,1,0,0,1,0,0,0
-1.0700493579469863,-0.9301693360202852,-0.516801363775356,1,0,1,0,0,1,0,0,0,0
0.07763022965797768,1.5973261478169976,1.9898935897486594,0,0,1,1,0,0,1,0,0,0
2.3729894048679054,5.070990801750417,1.9154843566274988,0,0,1,1,0,0,0,0,0,0
-0.08632399714273145,0.9501334916181156,1.450150341128569,1,0,1,0,0,0,1,0,0,0
-0.9060951311462772,-0.9880381998406413,-0.8901039105296707,0,0,0,0,0,0,1,0,0,0
-0.4142324507441497,-0.2724929157414564,0.09015946830252339,1,0,1,1,0,0,1,0,0,0
2.700897858469324,1.3700517676723023,-0.2430636456718234,0,1,1,0,0,0,1,0,0,0
-0.9060951311462772,-0.9415614406703356,-0.7612902744455686,0,0,0,0,0,0,1,0,0,0
-0.25027822394344057,0.6284295397063906,1.2916391711372741,1,0,1,0,0,0,1,0,0,0
1.5532182708643598,0.027410862487779845,-0.704960532933221,0,0,1,1,0,0,1,0,0,0
-0.4142324507441497,-0.304909319837032,0.034006740642693656,0,0,1,0,0,1,0,0,0,0
-1.0700493579469863,-1.2034852288121112,-1.463694353373629,1,0,0,0,0,0,1,0,0,0
-0.742140904345568,-0.5032114205477947,0.11446062929015946,1,0,1,0,0,0,1,0,0,0
-0.4142324507441497,-0.6318930013124846,-0.5324048070713742,1,0,1,0,0,0,1,0,0,0
-0.5781866775448589,-0.6697405250668053,-0.4574783086511194,1,0,1,1,0,0,1,0,0,0
0.7334471368608142,1.960662375858475,1.3732258027504407,1,0,1,1,0,0,1,0,0,0
-0.9060951311462772,-0.028868405334894858,1.7683032387206554,0,0,1,0,0,0,1,0,0,0
0.07763022965797768,2.0742049471214368,2.5906678770819758,0,0,1,0,0,0,1,0,0,0
-1.0700493579469863,-1.0533630258405986,-0.9436014304017327,1,0,1,0,0,1,0,0,0,0
-0.4142324507441497,-0.2562563280508529,0.11828500264702656,1,0,1,0,0,0,1,0,0,0
-1.2340035847476953,-1.2260991242553176,-1.5289272360607635,0,0,1,0,0,0,0,1,0,0
-0.4142324507441497,-0.22597830904739644,0.17073355154120495,1,0,1,0,0,0,1,0,0,0
1.3892640440636508,-0.5032114205477947,-1.0458484962459624,1,0,1,0,0,0,1,0,0,0
-0.25027822394344057,-0.19664647813779798,0.02121876458939785,1,0,1,1,0,0,1,0,0,0
-0.5781866775448589,-0.49942666817236264,-0.12030906575997243,1,0,1,1,0,0,1,0,0,0
1.3892640440636508,-0.855193391462976,-1.302570340833257,0,0,1,0,0,0,1,0,0,0
-1.2340035847476953,-1.2014982338150093,-1.4152887134567105,1,0,1,0,0,0,1,0,0,0
-1.2340035847476953,-1.2337632478155676,-1.564330006564334,0,0,1,0,0,0,1,0,0,0
-0.08632399714273145,-0.524027558612671,-0.5927206382996792,0,0,1,1,0,0,0,0,1,0
-0.4142324507441497,-0.6831007009520804,-0.6211084153886534,1,0,1,0,0,0,1,0,0,0
0.569492910060105,0.6927703300887357,0.3292499247615565,1,0,1,0,0,0,1,0,0,0
-0.9060951311462772,-1.0103682388556905,-0.9519931982248012,1,0,1,0,0,0,0,1,0,0
-1.2340035847476953,-1.065341767108841,-0.7863431979673545,0,0,1,0,0,1,0,0,0,0
-1.0700493579469863,-1.1201260577432202,-1.1748995310250594,0,1,1,0,0,0,1,0,0,0
1.3892640440636508,0.24238479741232075,-0.5020398577115865,1,0,1,1,0,0,1,0,0,0
-0.742140904345568,-0.6521414265210461,-0.2295144372074939,1,0,0,0,0,0,1,0,0,0
-0.742140904345568,-0.8930409152172967,-0.7859061267265697,1,0,1,1,0,0,1,0,0,0
-0.08632399714273145,0.09672860224381799,0.26751423638818767,1,0,1,0,0,0,1,0,0,0
-0.5781866775448589,-1.057677643548591,-1.2254749174587314,1,0,1,1,0,0,1,0,0,0
0.569492910060105,1.7594270920567525,1.3850766772505778,0,0,1,1,0,0,0,1,0,0
-0.742140904345568,-0.37702777635088985,0.4058997326454773,1,0,1,0,0,1,0,0,0,0
1.717172497665069,-1.1541888291221087,-1.526429686113422,1,1,1,0,0,0,1,0,0,0
-0.742140904345568,-0.6792024060053854,-0.2920156246397231,0,0,1,0,0,0,1,0,0,0
0.2415844564586868,1.2718374435298405,1.3164065414484143,0,0,1,1,0,0,1,0,0,0
-0.4142324507441497,-0.03674069027579354,0.4985369821298199,0,1,1,0,0,0,1,0,0,0
0.569492910060105,2.660841565313406,2.2773388836881825,0,0,1,0,0,0,1,0,0,0
-0.9060951311462772,-0.8667368862080438,-0.5539087121179872,0,0,1,0,0,0,1,0,0,0
0.40553868325939596,0.44676142568565186,0.21397838873039518,0,1,1,1,0,0,1,0,0,0
1.3892640440636508,0.6359990444572547,-0.21495306376450501,1,0,1,0,0,0,1,0,0,0
-1.3979578115484046,-1.231776252818466,-1.542039373284308,1,0,1,0,0,0,0,1,0,0
-0.08632399714273145,-0.5561979538038435,-0.6373019048597309,0,1,1,1,0,0,1,0,0,0
-0.5781866775448589,-0.6035073584967442,-0.32635693641567337,1,0,1,0,0,0,1,0,0,0
1.3892640440636508,-0.7507720734248056,-1.2264095269390263,0,1,1,0,0,0,1,0,0,0
-0.08632399714273145,-0.5572766082308416,-0.6387966885032149,1,0,1,0,0,0,1,0,0,0
-0.9060951311462772,-1.2201381392640123,-1.5333853627167686,1,0,1,0,0,0,1,0,0,0
1.717172497665069,-0.026332621243355378,-0.7821598018055569,1,0,1,0,0,0,1,0,0,0
1.0613555904622325,1.475192188661805,0.6298858885112039,0,1,1,1,0,0,1,0,0,0
-1.2340035847476953,-0.980090219852234,-0.3925420100202318,0,0,1,0,0,0,1,0,0,0
0.8974013636615233,-1.0652471482994552,-1.432225224037122,0,1,1,0,0,0,1,0,0,0
-1.0700493579469863,-1.095089920779737,-1.088162743291312,1,0,0,0,0,0,1,0,0,0
-1.0700493579469863,-0.9346731913470493,-0.5324048070713742,0,0,1,1,0,0,0,0,0,0
0.2415844564586868,0.283146580495724,0.17464533914622918,0,0,1,1,0,0,0,1,0,0
0.40553868325939596,0.781712010911389,0.5710319715869177,0,0,1,0,1,0,0,0,0,0
-1.2340035847476953,-1.0671395244871713,-0.7946475515422661,0,0,1,0,0,0,1,0,0,0
-1.2340035847476953,-1.2279915004430337,-1.5376686608764598,0,0,1,0,0,0,0,1,0,0
-1.0700493579469863,-1.1727341157617257,-1.3571582384323293,1,0,1,0,0,0,1,0,0,0
0.2415844564586868,-1.1579735814975407,-1.4895908243901297,1,0,1,0,0,0,1,0,0,0
-1.0700493579469863,-1.1462408491337013,-1.265373277867517,0,0,1,0,0,1,0,0,0,0
0.07763022965797768,1.828196042718353,2.280744633616376,0,0,1,0,0,0,0,0,0,0
0.2415844564586868,-0.5361387662140535,-0.7714827757806706,0,1,1,0,0,0,1,0,0,0
-1.2340035847476953,-1.232627822102938,-1.559085151674916,1,0,0,0,0,0,1,0,0,0
0.2415844564586868,1.1365325461081444,1.160153572867841,1,1,1,0,0,0,1,0,0,0
-0.742140904345568,-0.3858840969094009,0.38544479857674774,0,0,1,0,0,0,1,0,0,0
1.0613555904622325,-0.14365994488174919,-0.6897504537539093,1,0,0,0,0,0,1,0,0,0
0.40553868325939596,1.2226356626492236,1.0410516597539776,1,0,1,1,0,0,1,0,0,0
-1.2340035847476953,-1.1159060588446135,-1.0199140690427622,0,0,1,0,0,0,1,0,0,0
0.2415844564586868,0.3728641355553409,0.27825307677427064,1,0,1,1,0,0,1,0,0,0
0.7334471368608142,0.6208600349555266,0.1354400488478308,1,0,1,0,0,0,1,0,0,0
1.0613555904622325,1.640245239754397,0.764431842468564,1,0,1,1,1,0,0,0,0,0
-0.742140904345568,-1.106879424429208,-1.2797966288134162,0,0,1,0,0,0,1,0,0,0
-0.5781866775448589,-0.3896688492848329,0.09697777965876658,0,0,1,0,0,0,1,0,0,0
-0.08632399714273145,0.5792277588257739,0.9361545619656209,1,0,1,1,0,0,0,0,0,1
-0.25027822394344057,0.711694091965896,1.4198467351008217,1,0,1,0,0,1,0,0,0,0
-0.4142324507441497,-1.0418006073336536,-1.242459818069373,0,0,1,0,0,0,1,0,0,0
-0.4142324507441497,-0.42373162066372144,-0.17182103342389768,1,0,1,1,0,1,0,0,0,0
-0.25027822394344057,-0.5780548987719636,-0.5660592926118053,0,0,1,1,0,0,1,0,0,0
0.8974013636615233,1.3753693447597843,0.6816315882850907,0,1,1,0,0,0,1,0,0,0
0.07763022965797768,-0.27234152564643915,-0.3655230605898975,1,0,1,0,0,0,0,0,0,1
0.40553868325939596,0.5710905412185949,0.3465118372822231,1,0,1,1,1,0,0,0,0,0
-0.9060951311462772,-0.36735773403166094,0.8301560446504861,0,0,1,0,0,0,1,0,0,0
-0.08632399714273145,0.21011978341176243,0.4246500888751461,0,0,1,1,0,0,1,0,0,0
-0.4142324507441497,0.29537133066836957,1.0738320028128392,0,0,1,0,1,0,0,0,0,0
0.2415844564586868,0.1741646358451579,0.04879067536224019,1,0,1,1,0,0,1,0,0,0
2.8648520852700328,1.033398043877621,-0.4574783086511194,0,0,1,1,0,0,1,0,0,0
-0.4142324507441497,-0.6924490393193976,-0.6373019048597309,1,0,1,0,0,0,1,0,0,0
-0.5781866775448589,-0.6038669099724102,-0.3270687381506657,1,0,0,0,0,0,1,0,0,0
1.717172497665069,-1.2015550051006407,-1.5576865237044049,0,1,0,0,0,0,1,0,0,0
0.40553868325939596,-0.080359961402648,-0.34792712259550446,1,0,1,1,0,0,1,0,0,0
1.2253098172629415,1.5772669602272076,0.5856234268561954,0,1,1,1,0,0,1,0,0,0
0.7334471368608142,0.13029935581390034,-0.31776786214676483,1,0,1,0,0,0,1,0,0,0
-1.0700493579469863,-0.9426779426210881,-0.5601369772991709,0,0,0,0,0,0,1,0,0,0
-0.4142324507441497,-0.30502286240829496,0.03381005858434048,1,0,1,0,0,0,1,0,0,0
0.8974013636615233,1.4913530813048999,0.7820869495889718,0,0,1,0,0,0,1,0,0,0
-0.5781866775448589,-0.3196509303393399,0.235591801736238,1,0,1,1,0,0,1,0,0,0
1.0613555904622325,-0.1587989543834774,-0.7020912887878336,0,1,1,0,0,0,1,0,0,0
1.0613555904622325,2.169505011934816,1.1958674352545582,0,0,1,1,0,0,1,0,0,0
-1.3979578115484046,-1.2288241459656288,-1.5215844392155786,1,0,1,0,0,0,1,0,0,0
2.0450809512664874,1.1469406151405825,-0.14474161959266435,1,0,0,0,0,0,1,0,0,0
-1.0700493579469863,-0.871240741534808,-0.31264538720476664,1,0,1,0,0,0,0,0,0,1
-0.4142324507441497,0.6655958080331335,1.7151466344164055,1,0,0,0,0,0,1,0,0,0
-0.4142324507441497,0.17089082504040917,0.8582029061716482,1,0,0,0,0,0,1,0,0,0
-1.2340035847476953,-1.0618219473996893,-0.7700841478101592,0,0,1,0,0,0,1,0,0,0
-0.5781866775448589,-0.9180959759426569,-0.9491459912848316,1,0,0,0,0,0,1,0,0,0
-0.25027822394344057,0.3521426162998504,0.8662231634400498,1,0,1,0,0,0,1,0,0,0
1.3892640440636508,-1.0288189066859217,-1.4292059819132796,0,1,1,0,0,0,1,0,0,0
-0.4142324507441497,-0.5561979538038435,-0.40128343483592815,0,0,1,1,0,0,1,0,0,0
-0.5781866775448589,-0.5342274662644604,-0.18920398105739689,0,0,1,0,0,0,1,0,0,0
-0.9060951311462772,-0.9049628851999076,-0.6598547808842276,1,0,0,0,0,0,1,0,0,0
-1.0700493579469863,-0.9535969532242096,-0.5979654931890971,1,0,1,0,0,1,0,0,0,0
-0.9060951311462772,-0.3977492956063804,0.7459236751264359,0,0,1,0,0,0,1,0,0,0
-1.2340035847476953,-1.1485117005589605,-1.1705288186172111,0,0,1,0,0,0,1,0,0,0
2.3729894048679054,-0.21909005972411008,-1.0168825429166788,1,0,0,0,0,0,1,0,0,0
-1.0700493579469863,-0.32332214014350896,1.5855987186477847,0,0,1,1,0,0,1,0,0,0
-1.0700493579469863,-0.8100034481003173,-0.10049100692781505,1,0,0,0,0,0,0,1,0,0
-0.5781866775448589,-0.40480785878656117,0.06700718029066455,1,0,1,0,0,0,1,0,0,0
-0.25027822394344057,-0.05165261463499585,0.24447475438228378,0,1,1,1,0,0,1,0,0,0
-0.9060951311462772,-0.3535812353850883,0.8683385882454481,0,0,1,1,0,0,1,0,0,0
-0.9060951311462772,-1.2213681837860277,-1.5367945183948903,1,0,1,0,0,0,1,0,0,0
-0.742140904345568,-0.6441934465326389,-0.21115744509453147,1,0,1,0,0,0,1,0,0,0
1.0613555904622325,0.4113739909753621,-0.23730458932265872,0,0,1,0,0,0,1,0,0,0
-0.25027822394344057,0.3120242411202706,0.804450428075795,1,0,1,0,1,0,0,0,0,0
1.2253098172629415,2.30129008964736,1.1430349492704355,0,0,1,1,0,0,0,0,1,0
0.2415844564586868,-0.007408859366195088,-0.1608942524042771,0,0,1,0,0,0,1,0,0,0
-0.5781866775448589,-0.5508425291926071,-0.22209671386388857,0,0,0,0,0,0,1,0,0,0
0.8974013636615233,-0.011193611741627146,-0.5192926698478295,1,1,1,1,0,0,1,0,0,0
-1.2340035847476953,-1.2033906100027254,-1.4240301382724068,0,0,0,0,0,0,1,0,0,0
1.5532182708643598,0.23952730936886954,-0.5579865867945096,1,0,1,0,0,0,1,0,0,0
0.40553868325939596,0.5035327113171327,0.274495945146755,1,0,1,0,0,0,1,0,0,0
-0.4142324507441497,0.016832479598447244,0.5913381333294568,0,0,1,0,0,0,0,0,0,0
1.3892640440636508,0.9298472188857997,-0.0006317302832411132,1,0,1,0,0,0,1,0,0,0
-0.08632399714273145,-0.2656425139419244,-0.23465439499912347,1,0,1,0,0,0,1,0,0,0
0.569492910060105,0.3151655855918792,-0.044520912607884655,1,0,1,0,0,0,1,0,0,0
-1.0700493579469863,-1.2139879166539351,-1.5000805341689654,0,0,0,0,0,0,1,0,0,0
-1.0700493579469863,-0.8731709652462784,-0.3193325771887744,1,0,1,0,0,0,1,0,0,0
-1.2340035847476953,-1.1049870482414919,-0.969476047856194,1,0,1,0,0,0,1,0,0,0
-0.9060951311462772,-0.6370213407811951,0.08276422290844429,0,0,1,1,0,0,1,0,0,0
1.5532182708643598,0.5603039969486135,-0.3357227487182051,0,1,1,0,0,0,1,0,0,0
-0.742140904345568,-0.7352167411617798,-0.4213887119120299,0,0,1,0,0,0,1,0,0,0
-1.2340035847476953,-1.2289376885368917,-1.542039373284308,0,0,1,0,0,0,0,1,0,0
0.07763022965797768,0.3521426162998504,0.42120517282277836,1,0,1,0,0,0,1,0,0,0
1.2253098172629415,0.6713486316437902,-0.1118257211055015,1,0,1,0,0,0,1,0,0,0
0.2415844564586868,0.5198260702933677,0.4479678395710163,0,0,1,0,0,0,1,0,0,0
-0.742140904345568,-0.8355126791107294,-0.6530364695279844,0,0,0,0,0,0,1,0,0,0
3.6846232192735786,3.143397493180993,0.25829680125752735,0,0,1,0,0,0,0,0,1,0
-1.2340035847476953,-1.1875703450734194,-1.3509518268131848,0,0,0,0,0,0,1,0,0,0
1.5532182708643598,1.63895842394675,0.41166907302383693,1,0,1,1,0,0,1,0,0,0
0.8974013636615233,-0.3650679588445246,-0.8257888774481845,0,0,1,0,0,0,1,0,0,0
-0.08632399714273145,0.14398123565108722,0.33299624968256936,1,0,1,0,0,0,1,0,0,0
1.0613555904622325,0.1742592546545437,-0.43059291804149846,1,0,1,0,0,0,1,0,0,0
0.07763022965797768,0.8362124451176106,1.031038754965089,0,0,1,1,0,0,1,0,0,0
-0.9060951311462772,0.20264489747028414,2.4099587858920337,1,0,1,0,0,0,1,0,0,0
-1.2340035847476953,-1.2334604676255332,-1.5629313785938226,0,0,1,0,0,1,0,0,0,0
0.07763022965797768,-0.543519033346146,-0.7071538358869776,1,0,0,0,0,0,1,0,0,0
-0.5781866775448589,-0.3907853512355854,0.09476744795536904,1,0,1,0,0,0,1,0,0,0
-0.4142324507441497,0.3563815389603343,1.1795158288346086,0,0,1,0,0,0,1,0,0,0
-0.5781866775448589,-0.12095143062915682,0.6289559184425761,1,0,1,0,0,0,1,0,0,0
2.3729894048679054,1.0315056676899048,-0.3236595824725441,0,1,1,1,0,0,1,0,0,0
1.5532182708643598,0.7684653775973768,-0.19148923925921457,1,0,1,0,0,0,1,0,0,0
0.07763022965797768,0.48460894943997246,0.5880869193042549,0,1,1,1,0,0,1,0,0,0
-0.25027822394344057,-0.5002403899330805,-0.4462434964713266,1,0,1,0,0,1,0,0,0,0
-0.742140904345568,-0.9535969532242096,-0.925768923777712,1,0,1,0,0,0,1,0,0,0
0.07763022965797768,0.4463261791624772,0.5398580945711084,1,0,1,1,0,0,0,1,0,0
0.569492910060105,0.41837578286991145,0.05764136798813279,1,0,1,0,1,0,0,0,0,0
-0.742140904345568,0.20667565875011926,1.7540459748462545,0,0,1,0,0,0,1,0,0,0
-0.4142324507441497,-0.0019209684218186042,0.5588528133581251,0,0,1,1,0,0,1,0,0,0
-0.08632399714273145,-0.4738795896381962,-0.5232263110148929,1,0,1,0,0,0,1,0,0,0
-0.5781866775448589,-0.21557024001495828,0.44163967239193896,0,0,1,0,0,0,0,1,0,0
-1.0700493579469863,-1.2327224409123239,-1.5649856134255111,1,0,1,0,0,1,0,0,0,0
-0.4142324507441497,0.031100996053826102,0.6160545119958384,1,0,1,1,0,0,1,0,0,0
-0.25027822394344057,0.12361926787126276,0.5143516765255507,0,0,1,0,0,0,1,0,0,0
1.3892640440636508,0.9690572534952758,0.027966531113794903,1,0,1,0,0,0,1,0,0,0
-0.08632399714273145,-0.6697405250668053,-0.7946475515422661,0,0,1,1,0,0,1,0,0,0
-0.742140904345568,-0.22030118048424835,0.7678821342634653,1,0,1,0,0,0,1,0,0,0
-0.08632399714273145,-0.2174626162026743,-0.1678873922568343,1,0,1,0,0,0,1,0,0,0
-0.08632399714273145,-0.8592241527428112,-1.0572312115809703,1,0,1,0,0,0,1,0,0,0
0.2415844564586868,1.1280168532634223,1.1503194699501824,0,0,1,1,1,0,0,0,0,0
-0.25027822394344057,1.298330710157865,2.323127299389449,1,0,1,0,0,0,1,0,0,0
-0.4142324507441497,-0.22115274976872057,0.17909253902121464,1,0,1,1,0,0,1,0,0,0
-0.742140904345568,-0.5208294428554309,0.07376929677309264,1,0,0,0,0,0,1,0,0,0
-0.5781866775448589,-0.8211306200840875,-0.7571843023321387,1,0,1,0,0,0,1,0,0,0
0.569492910060105,0.7590034966587966,0.3948106108792795,0,1,1,0,0,0,1,0,0,0
-0.9060951311462772,-1.2024444219088675,-1.484345969500712,1,0,1,0,0,0,0,0,0,1
1.2253098172629415,1.5348777336223685,0.5529887742109286,1,1,1,1,0,0,1,0,0,0
-1.0700493579469863,-1.0387538816714308,-0.8929885807188506,0,0,0,0,0,0,1,0,0,0
2.0450809512664874,3.398868278522657,1.21207953658282,0,0,1,1,0,0,0,0,0,0
2.0450809512664874,1.4537894139787366,0.04013951525931447,1,0,1,0,0,0,1,0,0,0
-0.08632399714273145,0.5792277588257739,0.9361545619656209,1,0,1,0,0,0,1,0,0,0
0.07763022965797768,-0.5372741919266832,-0.6992865535528509,1,0,1,0,0,0,1,0,0,0
-0.08632399714273145,0.8820079488603385,1.355742953119048,1,0,1,1,0,0,1,0,0,0
-0.9060951311462772,-0.8968256675927287,-0.6373019048597309,1,0,1,0,0,0,1,0,0,0
-0.5781866775448589,-0.6938872452220618,-0.5052814146432418,0,1,1,1,0,0,1,0,0,0
0.7334471368608142,-0.8589781438384081,-1.231718792327086,0,1,1,0,0,0,1,0,0,0
-0.5781866775448589,-0.6394625060633488,-0.3975371099149153,0,1,1,0,0,0,1,0,0,0
-1.2340035847476953,-1.0971526108243475,-0.9332865491192109,1,0,1,0,0,1,0,0,0,0
0.07763022965797768,0.4495999899672259,0.5439824577341507,1,0,1,0,0,0,1,0,0,0
-1.2340035847476953,-1.188251600500997,-1.3540987397468356,1,0,1,0,0,0,1,0,0,0
1.881126724465778,0.26954039570604577,-0.6321166505940564,0,0,1,0,0,0,1,0,0,0
0.07763022965797768,0.844160425106018,1.0410516597539776,1,0,1,0,0,0,1,0,0,0
-0.08632399714273145,-0.44994103086358844,-0.4900526038393251,0,0,1,0,0,1,0,0,0,0
-0.25027822394344057,0.09816680814648217,0.4751609552685118,1,0,1,0,0,1,0,0,0,0
-0.5781866775448589,-0.6379296813512988,-0.394502586728895,0,0,1,1,0,0,1,0,0,0
0.2415844564586868,-0.5561979538038435,-0.7946475515422661,1,0,1,0,0,0,1,0,0,0
-0.5781866775448589,-0.3961029283230674,0.08424027492732329,0,0,1,0,0,0,1,0,0,0
2.3729894048679054,-0.011647782026678993,-0.9018943443210821,0,0,1,0,0,0,1,0,0,0
-0.9060951311462772,-0.6053997346844603,0.17040574811061635,0,0,1,0,0,0,1,0,0,0
-0.742140904345568,-0.1587989543834774,0.9099302875185317,0,0,1,1,0,0,1,0,0,0
0.8974013636615233,1.8408938869379277,1.0848298079090872,0,0,1,0,1,0,0,0,0,0
-0.4142324507441497,-0.24395588283069872,0.13959222563528653,0,0,1,0,1,0,0,0,0,0
-0.9060951311462772,-0.6413548822510647,0.07075350521167739,1,0,1,0,0,0,1,0,0,0
1.5532182708643598,2.8311554222078485,1.2377337181071466,0,0,1,1,0,0,1,0,0,0
-0.5781866775448589,0.7621637648922824,2.3772533693315925,0,0,1,0,0,0,1,0,0,0
-1.0700493579469863,-1.092478441640689,-1.079115368607066,0,0,0,0,0,1,0,0,0,0
1.2253098172629415,-0.6775749624839495,-1.1503361272929524,0,0,1,0,0,0,1,0,0,0
-1.0700493579469863,-0.7965297296437792,-0.05381179841199629,0,0,1,0,0,0,1,0,0,0
0.07763022965797768,0.9616769863631833,1.1890996091325448,0,0,1,0,1,0,0,0,0,0
-1.2340035847476953,-1.0955251673029118,-0.925768923777712,0,0,1,0,0,0,1,0,0,0
0.07763022965797768,-0.7494852576171587,-0.9666311114161765,1,0,1,0,0,0,1,0,0,0
1.2253098172629415,2.348599494340261,1.1794575526691704,0,1,1,0,0,0,1,0,0,0
-0.5781866775448589,-0.46729412050494445,-0.0566964686011761,0,0,0,0,0,0,1,0,0,0
-0.742140904345568,0.17662472488918873,1.6846390618096247,0,0,1,0,0,0,1,0,0,0
-0.9060951311462772,-0.7862730507063583,-0.3308974822199408,0,0,1,0,0,0,1,0,0,0
-0.742140904345568,0.04936242626528578,1.3907086523818337,1,0,1,1,0,0,1,0,0,0
0.07763022965797768,0.9692843386378017,1.1986833894304814,0,0,1,1,0,0,1,0,0,0
-0.25027822394344057,1.7387244965631392,3.001228760425738,0,0,1,1,0,0,0,0,0,0
1.2253098172629415,-1.0311843769205669,-1.4225732341364574,1,1,1,0,0,0,1,0,0,0
1.881126724465778,2.8311554222078485,0.9814510360105929,1,0,1,1,0,0,1,0,0,0
0.07763022965797768,0.06171964277107145,0.05532886378688943,0,0,1,1,0,0,1,0,0,0
2.209035178067196,1.0069047772495965,-0.28545955602795076,1,0,1,1,0,0,1,0,0,0
1.2253098172629415,3.5244085148157382,2.0846903684999707,0,0,1,0,0,0,1,0,0,0
2.700897858469324,1.2226356626492236,-0.3187255337987955,0,0,1,1,0,0,1,0,0,0
-1.0700493579469863,-1.2133255849882345,-1.4977859101548452,0,0,1,0,0,0,1,0,0,0
-0.08632399714273145,-0.16178890876006874,-0.09073557683349792,0,0,1,0,0,0,1,0,0,0
-0.5781866775448589,1.071415881488836,2.9894777879234944,0,0,0,0,0,0,1,0,0,0
-0.9060951311462772,-0.5088885491109427,0.4378933474709261,1,0,1,1,0,0,1,0,0,0
-0.4142324507441497,-0.17760917368937473,0.25452010839965494,0,0,1,0,0,0,1,0,0,0
0.8974013636615233,1.9758392328839576,1.2017081210854579,0,0,1,0,0,0,1,0,0,0
-1.0700493579469863,-0.8054428214879217,-0.08469088157344382,0,0,0,0,0,0,1,0,0,0
-1.2340035847476953,-1.231795176580343,-1.5552389247560097,0,0,1,0,0,1,0,0,0,0
0.7334471368608142,-0.4805029062952023,-0.88206179969923,0,0,1,1,0,0,1,0,0,0
-1.0700493579469863,-0.8389757275342496,-0.20086441737404895,1,0,1,0,0,0,1,0,0,0
1.2253098172629415,-0.01687074030477523,-0.6416726172675791,0,1,1,1,0,0,1,0,0,0
-1.0700493579469863,-0.9452137267126276,-0.5689221092389458,1,0,1,0,0,1,0,0,0,0
0.40553868325939596,0.6927703300887357,0.4762211332012872,0,0,1,0,0,0,1,0,0,0
-0.08632399714273145,0.85267611795074,1.3150953277260597,0,0,1,0,0,0,1,0,0,0
0.07763022965797768,0.6113981540169464,0.7478165909365257,0,0,1,0,0,0,0,0,0,0
-1.0700493579469863,-0.8324091821628751,-0.17811485929119908,1,0,1,0,0,1,0,0,0,0
-1.0700493579469863,-0.786121660611341,-0.017753421047248648,0,0,1,0,0,0,0,0,0,0
-0.9060951311462772,-0.783283096329767,-0.3226106114946605,0,0,1,0,0,1,0,0,0,0
-0.742140904345568,-0.4805029062952023,0.16690917818433784,0,0,1,0,0,0,1,0,0,0
1.3892640440636508,2.3940165228454457,1.067275934201067,1,0,1,1,0,0,1,0,0,0
-0.5781866775448589,-0.19853885432551402,0.4753565966810536,1,0,1,1,0,0,0,1,0,0
0.40553868325939596,1.1450482389528664,0.9583443326516194,0,0,1,0,0,0,1,0,0,0
0.2415844564586868,0.24934874178311572,0.1356148773441446,1,0,1,0,0,0,0,1,0,0
-0.9060951311462772,-1.0810863369906385,-1.1479934254423458,0,0,1,0,0,0,1,0,0,0
-0.25027822394344057,0.27928613307278327,0.7540415449719456,0,0,1,1,0,0,1,0,0,0
-1.2340035847476953,-1.227196702444193,-1.5339972624538674,0,0,1,0,0,1,0,0,0,0
-1.2340035847476953,-1.074652257952404,-0.8293510080605808,1,0,0,0,0,0,1,0,0,0
-0.25027822394344057,1.184788138894903,2.1482988030755217,0,0,1,0,0,0,0,0,0,0
-0.742140904345568,-1.1671516060079634,-1.4190038190033814,0,0,1,0,0,0,1,0,0,0
2.8648520852700328,0.1920286670571972,-0.8738916894339881,1,1,1,0,0,0,1,0,0,0
0.569492910060105,3.285325707259695,2.895482495655285,1,0,1,0,0,0,0,1,0,0
-0.742140904345568,-0.9914444769785301,-1.013183171934676,0,0,1,0,0,0,1,0,0,0
0.2415844564586868,0.6549038825725378,0.6039585654071185,0,1,1,0,0,0,1,0,0,0
-1.0700493579469863,-0.8211306200840875,-0.1390406903650362,0,0,1,0,0,1,0,0,0,0
-1.2340035847476953,-1.1776921413735417,-1.3053215892752497,1,0,0,0,0,0,1,0,0,0
-0.742140904345568,0.4308843894707144,2.271887980928109,0,0,1,1,0,0,1,0,0,0
-0.4142324507441497,-0.21969562010417923,0.18161662543674698,0,1,1,1,0,0,1,0,0,0
0.40553868325939596,-1.2223143718798857,-1.5652377699105793,0,0,1,0,0,0,1,0,0,0
0.07763022965797768,-0.851522181658807,-1.0951777367059083,1,0,0,1,0,0,1,0,0,0
-0.5781866775448589,-0.4805029062952023,-0.08284581654984494,1,0,1,1,0,0,1,0,0,0
-0.5781866775448589,-0.38279952372342374,0.1105769391220429,0,0,1,0,0,0,1,0,0,0
-1.0700493579469863,-1.0671395244871713,-0.9913296098954351,0,0,1,0,0,0,1,0,0,0
0.40553868325939596,-0.007408859366195088,-0.27016206260048214,0,0,1,0,0,0,1,0,0,0
0.7334471368608142,0.7495416157202165,0.2543234263413018,0,0,1,0,0,0,1,0,0,0
-0.4142324507441497,0.005459298710273909,0.571637147151081,0,0,1,1,0,0,1,0,0,0
-0.08632399714273145,-0.8116687391455074,-0.9913296098954351,1,0,1,0,0,0,1,0,0,0
1.3892640440636508,-1.0898480387397635,-1.4737182372247863,0,0,1,0,0,0,1,0,0,0
-0.25027822394344057,-0.5976031447910702,-0.59615893206052,0,0,1,0,0,1,0,0,0,0
-0.08632399714273145,0.49971011141794636,0.8259601607389518,1,0,0,0,0,0,0,1,0,0
-0.4142324507441497,-0.8870799302259912,-0.9744477332201213,0,1,1,1,0,0,1,0,0,0
-0.742140904345568,-0.8360046969195355,-0.654172854754025,1,0,0,0,0,0,1,0,0,0
1.881126724465778,4.723531609923877,2.1734635108782836,0,0,1,0,0,0,0,0,0,0
-0.5781866775448589,0.07216555932726393,1.0112683766319261,0,0,1,0,0,0,0,0,0,0
-0.5781866775448589,-0.2948608022802599,0.2846686582015049,1,0,1,1,0,0,1,0,0,0
-0.08632399714273145,-0.054718264059095814,0.05764136798813279,1,0,1,1,0,0,1,0,0,0
-0.742140904345568,-0.7170499297597059,-0.3794298727966872,1,0,1,0,0,1,0,0,0,0
2.3729894048679054,2.9257742315936497,0.7263603663889073,0,0,1,0,0,0,1,0,0,0
-0.08632399714273145,-0.40480785878656117,-0.42750770928301735,1,0,1,0,0,0,1,0,0,0
-0.25027822394344057,0.44876734444463084,1.0150022138032022,1,0,1,0,0,0,1,0,0,0
-0.9060951311462772,-0.9437565970480862,-0.7673743061172933,0,0,1,0,0,0,1,0,0,0
-0.9060951311462772,-1.1410746621412367,-1.3142553254368914,0,1,1,0,0,0,1,0,0,0
0.07763022965797768,0.8071455468742924,0.9944201317371535,0,0,1,0,0,0,1,0,0,0
-0.742140904345568,-0.2240859328596804,0.7591407094477688,0,0,1,0,0,0,1,0,0,0
0.07763022965797768,-0.6640633965036571,-0.8590162251851213,1,0,1,1,0,0,1,0,0,0
-0.4142324507441497,-1.068274950199801,-1.2883195180087201,1,0,0,0,0,0,1,0,0,0
-1.2340035847476953,-0.6981261678825457,0.9099302875185317,0,0,1,0,0,0,1,0,0,0
-0.4142324507441497,0.009622526323249172,0.5788488226240306,1,0,1,1,0,0,1,0,0,0
1.2253098172629415,0.03516960485741556,-0.6016077535289706,1,0,1,0,0,0,1,0,0,0
-1.2340035847476953,-1.2321925755797634,-1.557074623967306,1,0,0,0,0,0,1,0,0,0
-0.5781866775448589,0.03043866438812549,0.9286619121235952,1,0,1,0,0,0,0,1,0,0
-1.0700493579469863,-0.7811068637138935,-0.0003798392260520549,1,0,1,0,0,1,0,0,0,0
-0.25027822394344057,0.16192096191063518,0.5733271559487826,1,0,1,0,0,0,0,1,0,0
1.3892640440636508,0.6880393896194456,-0.1769968770647706,0,0,1,0,0,0,1,0,0,0
0.7334471368608142,2.0742049471214368,1.4781229005387975,0,0,1,0,0,0,1,0,0,0
0.07763022965797768,-0.7265118106982861,-0.937689048526389,0,0,1,0,0,0,1,0,0,0
-1.2340035847476953,-1.1222076715497078,-1.0490230136790313,1,0,1,0,0,0,1,0,0,0
0.569492910060105,-0.8343772533980998,-1.1823921808670848,1,0,1,1,0,0,1,0,0,0
0.2415844564586868,0.18321019402244051,0.0592366780169973,1,0,1,0,1,0,0,0,0,0
-0.08632399714273145,0.44676142568565186,0.7525846408359965,0,1,1,0,0,0,1,0,0,0
-0.25027822394344057,0.2521683823028126,0.7122866724356363,0,0,1,0,0,0,1,0,0,0
-0.4142324507441497,0.2991560830438016,1.0803880714246115,1,0,1,1,0,0,1,0,0,0
0.40553868325939596,1.6626131262932005,1.5100627219807654,0,0,1,0,0,0,1,0,0,0
0.2415844564586868,1.138595236152755,1.1625356111301184,0,0,1,1,0,0,1,0,0,0
-0.08632399714273145,-0.7548974535140265,-0.9126567865541675,1,0,1,0,0,0,1,0,0,0
-0.5781866775448589,-0.17772271626063768,0.5165661708121937,0,0,1,0,0,0,1,0,0,0
0.07763022965797768,0.6719541920238593,0.8241053893280578,1,0,0,0,0,0,1,0,0,0
3.35671476567216,-0.29315766371131546,-1.159249560790506,1,1,1,1,0,0,0,0,1,0
-0.25027822394344057,-0.14142694098024425,0.10624368996340469,0,0,1,0,0,0,1,0,0,0
-0.08632399714273145,-0.9579494184559564,-1.1940432513714345,1,0,0,0,0,0,1,0,0,0
-0.08632399714273145,-0.12095143062915682,-0.03414359257667939,1,0,1,0,0,0,1,0,0,0
-0.5781866775448589,-0.3124788245878961,0.24979037318687625,0,0,0,0,0,0,1,0,0,0
-0.25027822394344057,-0.4980830810790842,-0.4429217550413619,1,0,0,0,0,0,1,0,0,0
0.07763022965797768,-1.2279915004430337,-1.569455660206265,0,0,1,1,0,0,1,0,0,0
1.2253098172629415,0.654922806334415,-0.12447164900554215,1,0,1,1,0,0,1,0,0,0
-0.742140904345568,-0.7246194345105701,-0.39691272242807984,1,0,1,0,0,0,0,1,0,0
0.40553868325939596,0.9860886391847201,0.7888951746858124,0,0,1,1,0,0,1,0,0,0
-0.5781866775448589,-0.6697405250668053,-0.4574783086511194,0,0,1,1,0,0,1,0,0,0
-0.5781866775448589,-0.5115378757737452,-0.14428554525445403,1,0,0,0,0,0,1,0,0,0
-0.742140904345568,-0.9712906705793545,-0.9666350847910927,0,0,1,1,0,0,1,0,0,0
2.5369436316686147,2.4389983048274555,0.3781524330285764,0,0,1,1,0,0,1,0,0,0
-0.4142324507441497,-0.21002557778495032,0.19836738073982518,1,0,1,1,0,0,1,0,0,0
-0.9060951311462772,-0.7454923438610779,-0.2178708593529864,1,0,1,0,0,0,1,0,0,0
-0.25027822394344057,0.07644232951150215,0.4417104363071136,1,0,1,0,0,0,1,0,0,0
-1.0700493579469863,-1.0910213119761476,-1.0740671957760015,0,0,1,1,0,0,1,0,0,0
1.881126724465778,-0.5255036120390895,-1.1329168516602193,0,0,1,0,0,0,1,0,0,0
-1.0700493579469863,-1.0710378194338663,-1.004835111235686,0,0,1,0,0,0,1,0,0,0
-1.0700493579469863,-0.937833459580535,-0.5433534416530339,1,0,1,0,0,0,0,1,0,0
-0.5781866775448589,-1.11066417680464,-1.3303720152470884,1,0,1,0,0,0,1,0,0,0
-0.9060951311462772,0.5790952924926338,3.453317769043924,0,0,1,0,0,0,1,0,0,0
0.07763022965797768,1.307792591096445,1.6251377724391463,0,0,1,0,0,0,1,0,0,0
-0.9060951311462772,-1.1002561077722017,-1.2011238054721487,0,0,1,0,0,0,1,0,0,0
-0.5781866775448589,-0.44271215382651324,-0.008031707877220615,0,0,1,0,0,0,1,0,0,0
-0.742140904345568,0.06828618814244607,1.4344157764603156,1,0,1,0,0,0,1,0,0,0
-0.25027822394344057,-0.9214265580330371,-1.0947698035478424,0,0,1,0,0,0,1,0,0,0
-0.08632399714273145,0.5624802295644871,0.912946079079947,0,0,1,0,0,0,0,0,0,0
-0.08632399714273145,0.5616286602800148,0.9117659867298279,0,0,1,0,0,0,1,0,0,0
-0.25027822394344057,-0.2959962279928895,-0.13175616968528928,1,0,1,0,0,0,1,0,0,0
-1.2340035847476953,-1.1333726910572324,-1.1005974200916402,0,0,1,0,0,0,1,0,0,0
0.07763022965797768,0.20635395479820753,0.23753989069516468,0,0,1,1,0,0,1,0,0,0
-0.9060951311462772,-0.8969392101639917,-0.637616596153096,1,0,1,0,0,0,1,0,0,0
-0.9060951311462772,-0.5406615453026948,0.34983223387760054,0,0,0,0,0,0,1,0,0,0
0.569492910060105,-0.5997226061213121,-0.9501200357642948,0,1,1,0,0,0,0,0,1,0
-1.0700493579469863,-0.9421102297647733,-0.5581701567156393,0,0,0,0,0,0,1,0,0,0
-0.5781866775448589,-0.32911281127792,0.21686017713117428,1,0,1,0,0,0,1,0,0,0
1.717172497665069,2.7270747318834667,1.0348077848856232,0,0,1,0,0,0,1,0,0,0
0.8974013636615233,1.5064920908066282,0.7951990868125164,0,0,1,0,0,0,1,0,0,0
0.8974013636615233,1.175326257956323,0.5083710850474783,0,1,1,1,0,0,1,0,0,0
-0.4142324507441497,-0.48239528248291835,-0.2734400969063683,1,0,1,0,0,0,1,0,0,0
-0.25027822394344057,0.03955991761291675,0.38492031308780594,0,0,1,1,0,0,0,0,0,1
-0.742140904345568,-0.8013742126843322,-0.574188817690403,1,0,0,0,0,0,0,1,0,0
-0.5781866775448589,-1.057677643548591,-1.2254749174587314,1,0,1,0,0,0,1,0,0,0
0.569492910060105,0.711694091965896,0.34798154936662024,1,0,1,0,0,0,1,0,0,0
-0.4142324507441497,-0.9525561463209657,-1.087867720203782,1,0,1,0,0,0,1,0,0,0
1.881126724465778,-0.36696033503224057,-1.0330500465158041,1,0,1,0,0,0,1,0,0,0
0.569492910060105,1.1280168532634223,0.7600772906780222,1,0,1,0,0,0,1,0,0,0
-0.08632399714273145,1.2652519743965887,1.8868369592214986,0,0,0,0,0,0,1,0,0,0
0.2415844564586868,0.2804404825472901,0.17152027977461762,1,0,1,1,0,0,1,0,0,0
-0.742140904345568,-0.028698091478000416,1.2104167655580955,0,0,1,1,0,0,0,1,0,0
-0.5781866775448589,-1.1063306353347702,-1.321792931177969,1,0,1,0,0,0,1,0,0,0
0.2415844564586868,0.7684653775973768,0.7351017912046038,0,0,1,1,0,0,0,0,0,1
-0.4142324507441497,0.1420888594633712,0.808311224036061,0,1,1,1,0,0,1,0,0,0
-0.4142324507441497,-0.5467360728652634,-0.38489326330649737,1,0,1,1,0,0,1,0,0,0
-0.9060951311462772,-0.4192277653369573,0.6863945721315434,1,0,1,0,0,0,1,0,0,0
-0.08632399714273145,0.787389139474537,1.224621580883602,0,0,1,1,1,0,0,0,0,0
-0.4142324507441497,-0.3101890494007597,0.024861024929271294,1,0,1,1,0,0,1,0,0,0
1.881126724465778,2.2634425658930395,0.6238472935502861,0,0,1,1,0,0,1,0,0,0
3.1927605388714513,1.0239361629390407,-0.5367755194792223,0,0,1,1,0,0,1,0,0,0
1.2253098172629415,-0.1398751925063171,-0.7363713861042901,1,1,1,0,0,0,1,0,0,0
0.40553868325939596,-0.23449400189211855,-0.5122322882659208,0,0,1,0,0,0,1,0,0,0
-0.9060951311462772,-0.783283096329767,-0.3226106114946605,0,0,1,0,0,0,1,0,0,0
1.0613555904622325,1.3929495195436663,0.5628443021894098,0,0,1,0,0,0,1,0,0,0
-0.08632399714273145,-0.12095143062915682,-0.03414359257667939,1,0,1,1,0,0,1,0,0,0
1.3892640440636508,2.234205353792827,0.9507159354086098,0,0,1,1,0,0,1,0,0,0
1.0613555904622325,1.9985098996127957,1.0564777035463828,1,0,1,1,0,0,1,0,0,0
-0.742140904345568,-0.6602786441282251,-0.24830850056124124,0,0,1,0,0,0,1,0,0,0
0.07763022965797768,2.878464826900749,3.6038784807195126,0,0,1,0,0,0,1,0,0,0
0.569492910060105,1.563263376438109,1.1909046565944872,0,0,1,0,1,0,0,0,0,0
-1.0700493579469863,-1.0103682388556905,-0.7946475515422661,1,0,1,0,0,0,1,0,0,0
-0.5781866775448589,-1.0670449056777855,-1.2440192258177445,1,0,0,0,0,0,1,0,0,0
-0.4142324507441497,0.4778153189260719,1.389867290243323,1,0,0,0,0,0,1,0,0,0
0.8974013636615233,2.0178878317750075,1.238127082223853,0,0,1,1,0,0,1,0,0,0
0.40553868325939596,-0.27234152564643915,-0.5525773258768274,0,0,1,1,1,0,0,0,0,0
-0.4142324507441497,-0.01654903635286351,0.5335136081736251,0,0,1,0,0,0,1,0,0,0
-0.742140904345568,-0.6860906553286718,-0.3079250178042906,1,0,0,0,0,0,1,0,0,0
-0.742140904345568,-1.0676315422959775,-1.1891480534746444,0,0,1,1,0,0,1,0,0,0
-0.08632399714273145,0.11143236522237153,0.28789049763357594,1,0,1,0,0,0,1,0,0,0
-1.0700493579469863,-1.0094220507618323,-0.7913695172363799,0,0,0,0,0,0,1,0,0,0
0.07763022965797768,-0.1649491769935545,-0.23022964469241458,0,0,1,0,0,0,1,0,0,0
-0.5781866775448589,-0.8627628962138402,-0.839603450594419,1,0,1,0,0,0,1,0,0,0
2.700897858469324,0.3920906776225358,-0.7450059712833502,0,0,1,1,0,0,1,0,0,0
-0.5781866775448589,0.17073943494539187,1.2064144417674803,1,0,1,0,0,0,1,0,0,0
-1.0700493579469863,-1.0247881454060865,-0.844604794363971,1,0,0,0,0,0,1,0,0,0
0.7334471368608142,2.462142065603223,1.83652131798235,0,0,1,0,1,0,0,0,0,0
-1.0700493579469863,-1.1776921413735417,-1.3743351381951727,0,0,1,0,0,0,1,0,0,0
-0.9060951311462772,-0.9952292293539622,-0.9100343591094585,1,0,1,0,0,0,1,0,0,0
0.40553868325939596,2.5258772956054987,2.4302926848479305,0,0,1,0,0,0,0,0,0,0
-0.08632399714273145,-1.040059621240955,-1.3078303781973544,1,0,1,0,0,0,1,0,0,0
0.07763022965797768,0.6738465682115753,0.8264894142777933,1,0,1,1,0,0,0,1,0,0
0.569492910060105,-0.1543140228185904,-0.5092337874349103,0,0,1,0,0,0,1,0,0,0
0.7334471368608142,1.033398043877621,0.5165661708121937,1,0,1,0,0,0,0,0,0,0
3.028806312070742,1.2756221959052725,-0.38048487234340916,1,1,0,0,0,0,1,0,0,0
-0.08632399714273145,-0.039579254557367584,0.07862078754580415,0,0,1,0,0,0,1,0,0,0
-1.2340035847476953,-1.146903180799402,-1.1630986075238692,1,0,1,0,0,0,1,0,0,0
-0.5781866775448589,-0.22168261510128104,0.4295390428970676,0,0,1,0,0,0,1,0,0,0
0.2415844564586868,1.3361782339121855,1.3907086523818337,1,0,1,1,0,0,1,0,0,0
-0.5781866775448589,0.23273367885496898,1.3291440461798578,0,0,1,0,0,0,1,0,0,0
-0.4142324507441497,-0.5353818157389671,-0.3652250574711805,0,0,1,0,1,0,0,0,0,0
-0.742140904345568,-0.49942666817236264,0.12320205410585577,1,0,1,0,0,0,1,0,0,0
0.7334471368608142,1.4856381052179974,0.9343713113032189,0,0,1,0,0,0,1,0,0,0
0.40553868325939596,-0.8211306200840875,-1.137580371234971,1,0,1,0,0,0,1,0,0,0
0.569492910060105,1.6487987801228734,1.275571599809375,0,0,1,0,0,0,1,0,0,0
-0.4142324507441497,0.0701785643301621,0.6837459204123874,0,0,1,0,0,0,1,0,0,0
-0.5781866775448589,-0.5638242298403391,-0.24779650282203597,0,0,0,0,1,0,0,0,0,0
-0.4142324507441497,-1.093916647543353,-1.3327368828534776,1,0,1,0,0,0,1,0,0,0
2.3729894048679054,0.8319924462190039,-0.43425259267080873,0,0,1,0,0,0,1,0,0,0
0.40553868325939596,-0.4805029062952023,-0.7744750327368128,0,0,1,0,0,0,1,0,0,0
0.569492910060105,0.711694091965896,0.34798154936662024,1,0,1,1,0,0,1,0,0,0
0.40553868325939596,-0.1590828108116348,-0.43184480082618987,1,0,1,0,0,0,1,0,0,0
-0.5781866775448589,-1.0324711927282137,-1.1755738695108418,1,0,1,0,0,0,0,1,0,0
1.3892640440636508,-0.058313778815756265,-0.7213576055875063,0,0,1,0,0,0,1,0,0,0
-0.25027822394344057,-0.5391665681143992,-0.5061805326242849,1,0,1,0,0,0,1,0,0,0
-0.5781866775448589,0.4363533566532137,1.7322486076808288,0,0,1,1,0,0,1,0,0,0
0.569492910060105,0.844160425106018,0.47910292160206625,0,0,1,0,0,0,1,0,0,0
-0.4142324507441497,-0.2927034934262636,0.05515006191565932,0,0,1,0,0,0,1,0,0,0
0.8974013636615233,1.3872723909805182,0.6919410061771027,0,0,1,1,0,0,1,0,0,0
-1.0700493579469863,-0.360393789660866,1.4571653345431654,0,0,0,0,0,0,1,0,0,0
-0.742140904345568,-0.798516724640881,-0.5675890419545521,1,0,0,0,0,0,1,0,0,0
-0.5781866775448589,-0.31317900377735103,0.24840423296610165,0,0,1,1,0,0,1,0,0,0
0.07763022965797768,0.007730150135533144,-0.012687368029060918,1,0,1,0,0,0,1,0,0,0
0.40553868325939596,-1.156478604309245,-1.4950575769864076,1,0,0,0,0,0,1,0,0,0
-1.0700493579469863,-0.7284988056953879,0.18187886818121785,0,0,0,0,0,0,1,0,0,0
1.2253098172629415,-0.7047494845395518,-1.171257270685186,0,0,1,0,0,0,1,0,0,0
0.569492910060105,0.6595591279943193,0.29637592357966985,1,0,1,1,0,0,0,0,0,0
-0.742140904345568,1.3551019957893458,4.406500213797091,0,0,1,0,0,0,1,0,0,0
0.2415844564586868,1.184788138894903,1.2158801560679053,0,1,1,0,0,0,1,0,0,0
-1.0700493579469863,-1.2017063951956581,-1.4575316488785632,0,0,1,0,0,0,0,0,0,1
-0.742140904345568,-0.652709139377361,-0.23082565092984836,0,0,1,0,0,0,1,0,0,0
-0.5781866775448589,-0.2486300520143573,0.37619137602184616,1,0,1,0,0,0,1,0,0,0
-0.742140904345568,-0.5107809252986588,0.09697777965876658,1,0,1,0,0,0,1,0,0,0
-1.0700493579469863,-0.7662517106403227,0.05108529937636049,0,0,1,0,0,0,1,0,0,0
-1.2340035847476953,-1.2090677385658735,-1.450254412719496,1,0,0,0,0,0,1,0,0,0
0.07763022965797768,1.3199037986978277,1.6403955321174526,0,0,1,0,0,0,1,0,0,0
0.07763022965797768,0.3332188544226901,0.39736492332542456,1,0,1,1,0,0,0,0,0,0
0.8974013636615233,1.0394725714401893,0.390706043637695,0,0,1,0,0,0,1,0,0,0
-0.25027822394344057,2.4595116627022975,4.111069193109271,0,0,1,1,0,0,1,0,0,0
-0.4142324507441497,-0.6379864526369302,-0.5429600775363275,1,0,0,0,0,0,1,0,0,0
-1.2340035847476953,-1.1499499064616248,-1.1771723014771405,1,0,0,0,0,0,1,0,0,0
-1.2340035847476953,-1.1268629169714892,-1.0705269187256443,1,0,1,0,0,1,0,0,0,0
1.3892640440636508,1.3361782339121855,0.2957301754682846,0,0,1,0,0,0,1,0,0,0
-0.08632399714273145,-0.9062875485313089,-1.122450982130881,0,0,1,0,0,0,1,0,0,0
1.0613555904622325,1.2264204150246558,0.4270951168162424,0,0,1,0,0,0,0,0,0,0
-1.0700493579469863,-1.181628283843991,-1.3879717609076592,1,0,1,0,0,0,1,0,0,0
-0.4142324507441497,0.5035327113171327,1.4344157764603156,0,0,1,1,0,0,0,0,0,0
-1.2340035847476953,-1.2345391220525312,-1.5679139907387696,1,0,0,0,0,0,1,0,0,0
-0.25027822394344057,-0.3575741491411691,-0.226571490852876,0,0,1,0,0,0,1,0,0,0
-0.25027822394344057,0.08720995001960635,0.4582900053742176,0,0,1,1,0,0,1,0,0,0
-0.5781866775448589,-0.6478457325749307,-0.41413332931500185,1,0,0,0,0,0,1,0,0,0
-1.2340035847476953,-1.181628283843991,-1.3235037528918983,1,0,1,0,0,0,0,1,0,0
-0.08632399714273145,1.3967342719190985,2.069043218079874,1,0,1,1,0,0,0,0,0,0
-0.742140904345568,-1.2043367980965833,-1.5048883178175985,1,0,1,0,0,0,1,0,0,0
-0.08632399714273145,-0.2950689636609086,-0.2754331417643472,0,0,1,0,0,0,1,0,0,0
-0.5781866775448589,-0.67810482781651,-0.47403706480199564,0,0,1,0,0,0,1,0,0,0
-0.742140904345568,-0.3101890494007597,0.5602732948906758,0,0,1,0,0,0,1,0,0,0
-0.4142324507441497,-0.36696033503224057,-0.07348000424731319,1,0,1,0,0,1,0,0,0,0
-0.742140904345568,-0.9658406271587323,-0.95404743305649,0,0,1,0,0,0,1,0,0,0
0.569492910060105,-0.10959717350286065,-0.4649709584931448,1,0,1,0,0,0,1,0,0,0
-1.0700493579469863,-0.720834682135138,0.20843094605889567,0,0,1,0,0,0,1,0,0,0
1.2253098172629415,1.2699450673421244,0.3490221951780128,1,1,1,0,0,0,1,0,0,0
1.3892640440636508,-0.764643190880764,-1.236526575975719,0,0,0,0,0,0,1,0,0,0
-0.742140904345568,-0.9809607128985833,-0.988969425195197,1,1,1,0,0,0,1,0,0,0
0.569492910060105,1.0825998247582376,0.715121391625869,1,0,1,1,0,0,1,0,0,0
-0.9060951311462772,0.6608270200400891,3.679843051717881,0,0,0,0,0,0,1,0,0,0
1.3892640440636508,1.6709774290429054,0.5399195773198121,0,0,1,0,0,0,1,0,0,0
-0.25027822394344057,0.15703863134632784,0.5658095306072833,0,0,1,1,0,0,1,0,0,0
-0.5781866775448589,0.16290499752824752,1.1909046565944872,0,0,1,0,0,0,1,0,0,0
0.569492910060105,0.6927703300887357,0.3292499247615565,0,0,1,0,0,1,0,0,0,0
0.8974013636615233,0.6359990444572547,0.041251196458702045,0,0,1,1,0,0,1,0,0,0
0.7334471368608142,0.9009317107374988,0.3941862233924441,0,1,1,0,0,0,1,0,0,0
-1.0700493579469863,-0.967222061775765,-0.6451691871938576,1,0,1,0,0,0,0,1,0,0
0.40553868325939596,-0.10093009056312124,-0.36985465053703187,1,0,1,1,0,0,1,0,0,0
1.3892640440636508,0.97662675824614,0.03348743099739267,0,0,1,1,0,0,1,0,0,0
0.07763022965797768,0.5300259779451572,0.6453035180979041,0,0,1,0,1,0,0,0,0,0
0.40553868325939596,0.501205088606242,0.27201472533368415,1,0,1,1,0,0,1,0,0,0
-0.25027822394344057,0.81689128424103,1.5818253369356758,0,0,0,0,0,0,1,0,0,0
-0.9060951311462772,0.23290399271186343,2.4938240155738245,0,0,0,0,0,0,0,0,0,0
0.40553868325939596,1.3872723909805182,1.2165525733614209,0,0,1,1,1,0,0,0,0,0
-1.2340035847476953,-1.048215762610011,-0.707233303385302,1,0,1,0,0,1,0,0,0,0
-1.2340035847476953,-0.9775355119988174,-0.38074108651904165,1,0,0,0,0,0,1,0,0,0
1.3892640440636508,1.0922887908393437,0.11784678121876592,1,0,1,1,0,0,1,0,0,0
0.40553868325939596,-0.8968256675927287,-1.2182704464567837,0,0,1,0,0,0,1,0,0,0
1.0613555904622325,0.8820079488603385,0.14634111979446385,1,0,1,1,0,0,1,0,0,0
-0.08632399714273145,0.047129422363780864,0.1987804130623668,0,0,0,0,0,0,1,0,0,0
-0.5781866775448589,-0.6035262822586214,-0.32639439966488343,1,0,1,1,0,0,1,0,0,0
1.2253098172629415,1.048537053379349,0.178564411271933,1,0,1,0,0,0,1,0,0,0
1.5532182708643598,1.752500995209712,0.4903418963651045,0,0,1,1,0,0,1,0,0,0
-0.9060951311462772,-0.9783492337595352,-0.8632502534958514,1,0,1,0,0,0,1,0,0,0
-0.9060951311462772,-0.40480785878656117,0.7263603663889073,0,0,1,0,0,0,0,0,1,0
-0.4142324507441497,0.15344311658966736,0.827979429871378,1,0,1,0,0,0,1,0,0,0
0.8974013636615233,0.7306178538430562,0.12320205410585577,1,0,1,0,1,0,0,0,0,0
0.2415844564586868,-0.11226542392754026,-0.28198483966371146,0,0,1,1,0,0,0,0,0,0
0.7334471368608142,0.4811648247783293,0.006381652868889221,1,0,1,1,0,0,1,0,0,0
-0.9060951311462772,-0.6553395422782863,0.03199402757887951,1,0,0,0,0,0,1,0,0,0
1.5532182708643598,-0.2393384849326716,-0.8897892192363057,1,0,1,1,0,0,1,0,0,0
2.5369436316686147,-0.3858840969094009,-1.1274941118322444,1,0,1,0,0,0,1,0,0,0
0.40553868325939596,-0.40664346368864573,-0.6957416918391289,0,0,1,1,0,0,1,0,0,0
-0.08632399714273145,-0.26600206541759047,-0.23515265621361808,1,0,1,1,0,0,1,0,0,0
-0.08632399714273145,-0.28443380948594454,-0.26069509952508285,0,0,0,0,0,0,1,0,0,0
-0.9060951311462772,-0.48125985677028876,0.5144682288564266,0,0,1,1,0,0,1,0,0,0
-0.742140904345568,-0.9725207151013698,-0.969476047856194,1,0,1,0,0,0,1,0,0,0
-0.4142324507441497,-0.7643593344526066,-0.7618672084834046,1,0,1,0,0,0,1,0,0,0
-0.08632399714273145,-0.19664647813779798,-0.1390406903650362,1,0,1,0,0,0,1,0,0,0
0.07763022965797768,-0.21066898568877376,-0.28782768747802123,1,0,1,0,0,0,1,0,0,0
-1.2340035847476953,-1.0023256400578973,-0.49525375160466434,0,0,0,0,0,0,1,0,0,0
0.569492910060105,0.7748048378262254,0.41045151742450786,0,0,1,0,0,0,1,0,0,0
-0.742140904345568,-0.5940454775581641,-0.09533356628655411,1,0,1,0,0,0,1,0,0,0
-0.9060951311462772,-0.9588199115023058,-0.8091233510370592,1,0,0,0,0,0,0,1,0,0
-0.5781866775448589,0.2802323211666413,1.4231768016972772,0,0,1,0,1,0,0,0,0,0
-1.0700493579469863,-0.8078839867700753,-0.09314821008263008,1,0,1,0,0,0,0,0,0,1
-0.4142324507441497,-0.28812394305199085,0.0630829049359038,1,0,1,1,0,0,1,0,0,0
-1.2340035847476953,-1.1390498196203804,-1.1268216945387293,0,0,1,0,0,0,1,0,0,0
-0.742140904345568,-0.40289655883696796,0.3461520940301925,0,0,1,0,0,0,1,0,0,0
-0.4142324507441497,-0.03768687836965155,0.4968979649768768,1,0,1,0,0,0,1,0,0,0
2.3729894048679054,3.342096992891176,0.9571339815232922,1,0,1,0,0,0,1,0,0,0
1.3892640440636508,0.389990140054171,-0.394382309981431,0,0,1,0,0,0,1,0,0,0
0.7334471368608142,0.844160425106018,0.34173767449826564,1,0,1,1,0,0,1,0,0,0
3.1927605388714513,1.9900320542918277,-0.0905082997882898,0,0,1,1,0,0,1,0,0,0
-0.742140904345568,-0.9441350722856294,-0.903915361738471,0,0,1,0,0,0,1,0,0,0
-1.0700493579469863,-0.9317210844942123,-0.5221773400370093,0,0,0,0,0,0,1,0,0,0
-0.08632399714273145,-0.0800761049744906,0.02250084022903327,1,0,1,1,0,0,1,0,0,0
-1.0700493579469863,-1.0750307331899471,-1.0186684160065256,1,0,0,0,0,0,1,0,0,0
2.0450809512664874,-0.35043989091347966,-1.0469364735817193,0,1,1,0,0,0,1,0,0,0
0.40553868325939596,2.1234067280020534,2.001263554893551,0,0,1,1,0,0,1,0,0,0
-0.4142324507441497,-0.026332621243355378,0.5165661708121937,0,0,1,0,1,0,0,0,0,0
0.2415844564586868,-0.5753488008235297,-0.816763356325978,1,0,1,0,0,0,1,0,0,0
0.2415844564586868,0.46545810242028623,0.38518255583227684,0,0,1,1,0,0,1,0,0,0
2.209035178067196,-0.2184088042965323,-0.9929686270483781,0,0,1,1,0,0,1,0,0,0
1.717172497665069,0.919855472614659,-0.15777231497009991,1,0,1,1,0,0,1,0,0,0
1.717172497665069,0.4694699399382442,-0.4549807587037774,0,1,1,0,0,0,1,0,0,0
1.2253098172629415,1.4118732814208266,0.4582900053742176,0,0,1,1,0,0,1,0,0,0
0.8974013636615233,1.630329188530765,0.9024563693011113,0,0,1,1,0,0,1,0,0,0
-0.742140904345568,-0.644212370294516,-0.21120115221861002,0,0,0,0,0,0,1,0,0,0
-0.5781866775448589,-1.0491808744657463,-1.2086539185633844,1,0,0,0,0,0,1,0,0,0
-0.742140904345568,-0.7075880488211258,-0.35757631075744606,1,0,1,0,0,0,1,0,0,0
2.0450809512664874,-1.0622193463991096,-1.4757945756592699,0,1,1,0,0,0,1,0,0,0
-0.742140904345568,-0.9971216055416783,-1.0262953091582208,0,0,1,1,0,0,1,0,0,0
-1.0700493579469863,-0.9422426960979134,-0.5586290815184634,0,0,1,1,0,0,1,0,0,0
0.7334471368608142,0.31429509254552984,-0.1477821151807325,1,0,1,1,0,0,1,0,0,0
3.6846232192735786,0.08749380644776376,-1.0249840954358662,1,0,1,0,0,0,0,0,1,0
-0.742140904345568,-0.7866326021820244,-0.5401409680332654,1,0,1,0,0,0,1,0,0,0
0.569492910060105,-0.21557024001495828,-0.5698680562815015,1,0,1,0,0,0,1,0,0,0
-1.0700493579469863,-1.0169915555126965,-0.8175937916834691,0,0,1,0,0,0,1,0,0,0
1.5532182708643598,1.298330710157865,0.17565060300003418,0,0,1,1,0,0,1,0,0,0
0.569492910060105,1.6692364429502065,1.295801754382844,1,1,1,0,0,0,1,0,0,0
0.7334471368608142,0.2787941152639771,-0.18057994108922537,1,0,1,0,0,0,1,0,0,0
2.209035178067196,0.7211559729044761,-0.4504539494242204,0,1,1,0,0,0,1,0,0,0
0.07763022965797768,0.46568518756281213,0.5642466698069014,0,0,1,0,0,0,1,0,0,0
-0.4142324507441497,-0.026332621243355378,0.5165661708121937,0,0,1,0,0,0,0,0,0,0
0.2415844564586868,-0.11148954969057669,-0.2810888436201027,0,0,1,0,1,0,0,0,0,0
1.2253098172629415,0.9009317107374988,0.06492588866787968,1,0,1,1,0,0,1,0,0,0
-0.25027822394344057,-0.44394219834852866,-0.35955770038233725,0,1,1,0,0,0,1,0,0,0
-1.2340035847476953,-0.9288635964507611,-0.15591164025933016,1,0,1,0,0,0,0,1,0,0
-0.4142324507441497,-0.8779019057155684,-0.9585492668365735,1,0,1,0,0,0,1,0,0,0
0.07763022965797768,-0.12095143062915682,-0.17480106461106681,1,1,1,0,0,0,1,0,0,0
-0.4142324507441497,-0.14933707344489727,0.303493940929594,1,0,1,0,0,0,1,0,0,0
1.0613555904622325,2.3916510526108006,1.3769537633336055,1,0,1,1,1,0,0,0,0,0
-0.25027822394344057,0.3545837815820041,0.869981976110799,0,0,0,0,0,0,1,0,0,0
0.2415844564586868,0.014353466792539245,-0.13576265605915003,1,0,1,1,0,0,1,0,0,0
0.07763022965797768,-0.3101890494007597,-0.4132035595846049,1,0,1,0,0,0,1,0,0,0
1.5532182708643598,4.4431382301899935,2.354664903220346,0,0,1,1,0,0,1,0,0,0
1.3892640440636508,-0.17772271626063768,-0.8084498012512603,1,0,1,0,0,0,1,0,0,0
-1.0700493579469863,-1.0103682388556905,-0.7946475515422661,0,0,1,1,0,0,1,0,0,0
-0.08632399714273145,-0.058786872862685274,0.05200314898200861,1,0,1,1,0,0,1,0,0,0
1.2253098172629415,-0.05702696300810937,-0.6725881230324254,0,1,1,1,0,0,1,0,0,0
-0.08632399714273145,0.40891390193133126,0.700136091941818,0,0,1,1,0,0,1,0,0,0
-0.742140904345568,-0.46157914441804204,0.2106163022628197,0,0,1,0,0,0,1,0,0,0
-0.742140904345568,-0.9683574874883946,-0.959860480558928,1,0,1,0,0,0,1,0,0,0
-0.9060951311462772,-0.9990139817293943,-0.9205240688882942,0,1,1,0,0,0,1,0,0,0
-0.08632399714273145,1.5292006050592204,2.2526131392094983,1,0,1,0,0,0,1,0,0,0
1.0613555904622325,0.23718076289610165,-0.3793013224317504,1,0,1,0,0,0,1,0,0,0
-0.9060951311462772,-0.8059916105823594,-0.38554887016767464,1,0,1,0,0,0,0,1,0,0
0.569492910060105,1.445462958752786,1.0743002934279655,1,0,1,0,0,0,1,0,0,0
0.569492910060105,-0.5111026292505705,-0.8623998377387815,1,0,1,0,0,0,1,0,0,0
1.5532182708643598,-0.21401849154103114,-0.8722451796312031,1,0,1,0,0,0,1,0,0,0
-0.08632399714273145,-0.17327563221950504,-0.10665371142288102,1,1,1,0,0,0,1,0,0,0
-0.25027822394344057,0.6265371635186746,1.2887253628653759,1,0,1,0,0,0,1,0,0,0
0.2415844564586868,-0.4805029062952023,-0.707233303385302,1,0,1,0,0,0,1,0,0,0
0.569492910060105,-1.116341305367788,-1.4614933874825342,0,1,1,0,0,0,1,0,0,0
-0.9060951311462772,-0.8495730341854595,-0.5063378782709675,0,0,0,0,0,0,1,0,0,0
-1.0700493579469863,-0.6735252774422372,0.37233266135320314,0,0,0,0,0,0,1,0,0,0
0.07763022965797768,0.892453865416531,1.1018919764712245,0,0,1,1,0,0,1,0,0,0
0.40553868325939596,2.5094514702961233,2.412782938524797,0,0,1,1,0,0,1,0,0,0
-0.08632399714273145,-0.2988347922744635,-0.2806517723793178,0,0,1,0,0,0,1,0,0,0
-0.25027822394344057,-0.5845835966195839,-0.576111931149856,1,0,1,0,0,0,1,0,0,0
-0.742140904345568,-1.0401542400503407,-1.1256853093126886,1,0,0,0,0,0,1,0,0,0
0.7334471368608142,1.3588867481647777,0.8172711844721496,0,0,1,0,0,0,1,0,0,0
1.3892640440636508,1.826303666530637,0.6532084429312373,0,0,1,1,1,0,0,0,0,0
-0.9060951311462772,-0.6301520152197859,0.1018030461570309,0,0,1,0,0,0,1,0,0,0
-0.9060951311462772,-0.917282254181939,-0.6939987862143376,0,0,1,1,0,0,0,0,0,0
1.881126724465778,0.844160425106018,-0.27016206260048214,0,0,1,1,0,0,1,0,0,0
-1.0700493579469863,-0.915749429469889,-0.46684412095365113,0,0,1,0,0,0,1,0,0,0
-0.9060951311462772,-0.9535969532242096,-0.7946475515422661,1,0,1,0,0,0,1,0,0,0
-0.742140904345568,-1.2279915004430337,-1.559522222915701,1,0,1,0,0,0,1,0,0,0
0.40553868325939596,-0.9256276331697667,-1.2489730200786837,0,1,1,0,0,0,1,0,0,0
-0.742140904345568,-0.8968256675927287,-0.7946475515422661,1,0,1,0,0,1,0,0,0,0
-0.742140904345568,-0.5291748218432586,0.05449445505448209,0,0,1,0,0,0,1,0,0,0
-0.742140904345568,-1.0395486796702715,-1.1242866813421772,0,0,1,0,0,0,1,0,0,0
-1.2340035847476953,-1.204980206000407,-1.4313729351175917,0,0,0,0,0,1,0,0,0,0
1.2253098172629415,1.4875683289294679,0.5165661708121937,0,0,1,0,0,0,1,0,0,0
-0.742140904345568,-0.1963058504240091,0.8233027675949802,0,0,1,1,0,0,1,0,0,0
0.40553868325939596,-0.6810947821931014,-0.9883037320746171,1,1,1,0,0,0,1,0,0,0
0.07763022965797768,-0.790852601080631,-1.018745896817392,1,1,1,0,0,0,1,0,0,0
-0.4142324507441497,0.3199722211086779,1.116446448789359,1,0,1,0,0,0,1,0,0,0
-0.25027822394344057,-0.19664647813779798,0.02121876458939785,1,0,1,0,0,0,1,0,0,0
-0.9060951311462772,0.045577673889853725,1.974635830070353,0,0,1,1,0,0,1,0,0,0
-0.5781866775448589,-0.8625168873094371,-0.8391164283546872,0,0,1,0,0,0,1,0,0,0
-0.25027822394344057,-0.045256383120515664,0.2543234263413018,0,0,1,0,0,0,0,0,1,0
-0.742140904345568,-0.2534177637692788,0.6913946671261215,0,0,1,0,0,0,1,0,0,0
1.3892640440636508,2.355922990186722,1.039492005536861,1,0,1,1,0,0,1,0,0,0
-0.08632399714273145,-0.21557024001495828,-0.16526496481212538,0,0,1,0,0,0,1,0,0,0
-1.2340035847476953,-1.0198301197942705,-0.576111931149856,0,0,1,0,0,0,1,0,0,0
0.2415844564586868,1.1564024960791628,1.183099813009044,1,0,1,0,0,0,1,0,0,0
-1.0700493579469863,-0.7359736916368662,0.15598239716471726,0,0,1,0,0,0,1,0,0,0
-0.9060951311462772,-1.131574933678902,-1.287926153892014,1,0,0,0,0,0,0,1,0,0
3.5206689924728694,1.9879693642472174,-0.18458078195955951,0,0,1,1,0,0,0,0,1,0
1.717172497665069,0.6643846872729952,-0.32635693641567337,0,0,1,0,0,0,1,0,0,0
-1.0700493579469863,-1.0974932385381364,-1.0964889504282627,1,0,0,0,0,0,1,0,0,0
-1.0700493579469863,-0.9906118314559351,-0.7262021952353632,0,0,1,1,0,0,0,0,0,1
0.40553868325939596,0.7757510259200835,0.5646776281631996,0,0,1,1,0,0,0,0,0,0
-0.08632399714273145,-0.10202766875199654,-0.007919318129590198,1,0,1,1,0,0,1,0,0,0
-1.0700493579469863,-0.9545431413180676,-0.6012435274949832,0,0,1,1,0,0,1,0,0,0
-1.2340035847476953,-1.0747090292380355,-0.8296132508050517,1,0,0,0,0,0,1,0,0,0
0.8974013636615233,-0.2984563170369203,-0.7680954736645883,1,0,1,0,0,0,1,0,0,0
-0.4142324507441497,-0.7946562772179403,-0.8143485377206419,0,0,0,0,0,0,1,0,0,0
0.569492910060105,1.6768059477010706,1.3032944042248695,0,0,1,1,0,0,0,1,0,0
-1.0700493579469863,-1.0824110003220397,-1.0442370835924375,1,0,0,0,0,0,0,1,0,0
-0.08632399714273145,-0.656493891752793,-0.7762905594293036,0,1,1,1,0,0,1,0,0,0
0.40553868325939596,-0.4653638967934741,-0.7583370176924502,1,0,1,0,0,0,1,0,0,0
-0.5781866775448589,-0.6318930013124846,-0.3825518102308644,0,0,1,0,0,0,1,0,0,0
2.0450809512664874,1.3778483575656923,-0.005616142721628493,1,1,1,1,0,0,1,0,0,0
-0.5781866775448589,-0.5372741919266832,-0.19523556418022742,1,0,1,0,0,1,0,0,0,0
2.0450809512664874,1.6957297095782309,0.1859122756097648,1,1,1,0,0,0,1,0,0,0
1.0613555904622325,1.3929495195436663,0.5628443021894098,0,0,1,0,0,0,1,0,0,0
-0.25027822394344057,1.184788138894903,2.1482988030755217,0,0,1,0,0,0,1,0,0,0
1.5532182708643598,0.35592736867528246,-0.4773338307324868,0,1,1,0,0,0,1,0,0,0
0.569492910060105,-1.2129471097506914,-1.5571183310913845,0,1,1,0,0,0,1,0,0,0
1.2253098172629415,-0.011193611741627146,-0.6373019048597309,1,0,0,0,0,0,1,0,0,0
-1.2340035847476953,-1.0688237392942386,-0.8024274196282358,0,0,1,1,0,0,1,0,0,0
1.0613555904622325,-0.6438149712950956,-1.0974607911871843,1,0,1,0,0,0,1,0,0,0
1.717172497665069,1.8073799046534766,0.4279031476815587,0,0,1,1,0,0,1,0,0,0
0.07763022965797768,0.11162160284114313,0.1181956017114115,1,0,1,1,0,0,1,0,0,0
-0.742140904345568,-0.46157914441804204,0.2106163022628197,0,0,0,0,0,0,1,0,0,0
1.2253098172629415,0.553737451577239,-0.2023723131547566,1,0,1,1,0,0,1,0,0,0
1.881126724465778,-0.49942666817236264,-1.1164909197565425,0,0,0,0,0,0,1,0,0,0
0.2415844564586868,-0.6781994466258958,-0.9355374660092528,1,0,1,0,0,1,0,0,0,0
-0.08632399714273145,-0.9554893294119255,-1.190634095693313,0,1,1,0,0,0,1,0,0,0
-0.08632399714273145,0.4495621424434716,0.7564658334541655,0,0,1,0,0,0,1,0,0,0
-1.0700493579469863,-0.8097763629577913,-0.09970427869440239,0,0,0,0,0,0,0,0,0,0
0.2415844564586868,-0.22313974476582238,-0.41002485965162444,1,0,1,0,0,0,1,0,0,0
-0.9060951311462772,-0.008222581126912982,1.8255246055642038,0,0,1,0,0,0,1,0,0,0
-1.2340035847476953,-1.19756209134456,-1.3971065498400619,0,0,1,0,0,1,0,0,0,0
0.07763022965797768,0.8820079488603385,1.0887321587486853,0,0,1,1,0,0,1,0,0,0
-0.5781866775448589,-0.44265538254088177,-0.007919318129590198,0,0,1,0,0,0,1,0,0,0
0.07763022965797768,0.5603039969486135,0.6834479172936704,1,0,1,1,0,0,1,0,0,0
-0.9060951311462772,-0.6030721119735695,0.17685691962460037,0,0,0,0,0,0,0,1,0,0
0.2415844564586868,0.7042002822625404,0.6608870945193415,0,0,1,0,1,0,0,0,0,0
1.0613555904622325,0.6097896342573877,-0.07556252015928794,1,0,1,0,0,0,1,0,0,0
1.881126724465778,1.8471198045955133,0.3616045490793939,0,0,1,1,0,0,0,0,0,0
-1.2340035847476953,-1.1593739398764507,-1.2207045970593087,0,0,0,0,0,0,0,1,0,0
-1.2340035847476953,-1.1135405886099683,-1.0089872880231419,0,0,0,0,0,1,0,0,0,0
-0.9060951311462772,-0.7576981702718463,-0.25170017338973144,0,0,1,0,0,0,1,0,0,0
-0.4142324507441497,1.4344871768640333,3.047044753241007,0,0,0,0,1,0,0,0,0,0
-0.5781866775448589,0.3464654877367023,1.5542981739327233,1,0,1,1,0,1,0,0,0,0
-1.2340035847476953,-1.1239108101186521,-1.056890296013158,0,0,1,0,0,0,1,0,0,0
0.7334471368608142,1.2226356626492236,0.6913946671261215,0,0,1,1,0,0,1,0,0,0
-1.2340035847476953,-1.1468842570375248,-1.1630111932757123,1,0,1,0,0,1,0,0,0,0
-0.25027822394344057,1.109093091386262,2.0317464721995693,0,0,1,1,0,0,1,0,0,0
0.7334471368608142,0.6397837968326868,0.15292289847922347,1,0,1,0,0,0,1,0,0,0
1.3892640440636508,-0.3480365731550803,-0.9326700486322091,0,1,1,0,0,0,1,0,0,0
0.7334471368608142,2.1877475183843984,1.5830199983271542,1,0,1,0,0,0,1,0,0,0
0.8974013636615233,0.6056264066444125,0.014944971153965694,0,1,1,0,0,0,1,0,0,0
0.07763022965797768,0.6927703300887357,0.850329663775147,1,0,1,0,0,0,1,0,0,0
0.07763022965797768,-0.40480785878656117,-0.5324048070713742,0,0,1,1,1,0,0,0,0,0
1.2253098172629415,0.9671648773075598,0.11591753342610889,0,1,1,0,0,0,1,0,0,0
0.40553868325939596,0.41839470663178857,0.18373978304102104,0,0,1,1,1,0,0,0,0,0
-0.4142324507441497,-1.0469857180879956,-1.251441632067501,1,0,0,0,0,1,0,0,0,0
-1.0700493579469863,-1.0387538816714308,-0.8929885807188506,0,0,1,0,0,0,0,0,0,1
-0.4142324507441497,0.1818287594054078,0.8771499444596702,1,0,1,1,0,0,1,0,0,0
0.7334471368608142,0.7306178538430562,0.23684057670990888,1,0,1,0,0,0,1,0,0,0
0.2415844564586868,-0.09996497870738606,-0.26778002433820497,0,0,1,0,1,0,0,0,0,0
-0.4142324507441497,-0.04888974540093044,0.4774920018860308,1,0,0,1,0,0,1,0,0,0
0.569492910060105,1.903891090226994,1.528073899485634,0,0,1,1,1,0,0,0,0,0
-0.5781866775448589,-1.0387538816714308,-1.188011668248604,1,0,1,0,0,0,1,0,0,0
-1.0700493579469863,-0.8589781438384081,-0.27016206260048214,0,0,1,0,0,1,0,0,0,0
2.0450809512664874,-0.6078219762047368,-1.2020131504316585,1,0,1,1,0,0,1,0,0,0
-0.4142324507441497,-0.5410967918258696,-0.37512472107495665,1,0,1,1,0,0,1,0,0,0
-0.4142324507441497,-0.21557024001495828,0.18876274022357878,1,0,1,1,0,0,1,0,0,0
0.07763022965797768,-0.24395588283069872,-0.32976268634386663,0,1,1,0,0,0,1,0,0,0
1.881126724465778,2.30129008964736,0.6476875430476396,0,0,1,0,0,0,1,0,0,0
0.40553868325939596,0.3303613663792389,0.0898972255580525,1,0,1,0,0,0,1,0,0,0
-0.742140904345568,-0.7969460524050767,-0.5639613506560381,1,0,0,0,0,0,1,0,0,0
-0.25027822394344057,-0.6479781989080708,-0.6737245082584659,0,0,1,0,0,0,1,0,0,0
0.40553868325939596,0.046978032268763584,-0.21218624355360963,1,0,1,0,0,0,1,0,0,0
0.40553868325939596,0.9387792344918194,0.7384638776721791,1,0,1,1,0,0,1,0,0,0
0.07763022965797768,0.6965550824641676,0.8550977136746176,0,0,1,0,0,0,1,0,0,0
0.8974013636615233,0.6113981540169464,0.01994397347044207,0,0,1,0,0,0,1,0,0,0
-0.5781866775448589,-0.39171261556756626,0.09293174874407278,1,0,0,0,0,0,1,0,0,0
-0.742140904345568,-0.3858840969094009,0.38544479857674774,0,0,1,0,0,0,1,0,0,0
-0.742140904345568,-0.7643593344526066,-0.488697682992892,1,0,1,0,0,1,0,0,0,0
0.7334471368608142,-1.0046911102925424,-1.3663367344888104,0,0,1,0,0,0,1,0,0,0
0.07763022965797768,0.3783520264997174,0.4542239183766134,0,1,1,0,0,0,1,0,0,0
-1.0700493579469863,-1.1485117005589605,-1.273240560201644,1,1,1,0,0,0,1,0,0,0
-0.5781866775448589,-0.49942666817236264,-0.12030906575997243,1,0,1,0,0,0,1,0,0,0
0.40553868325939596,-0.1587989543834774,-0.43154221304410795,0,0,1,0,0,0,1,0,0,0
-0.9060951311462772,-0.6905945106554359,-0.06571761901097468,1,0,1,0,0,0,1,0,0,0
-0.25027822394344057,-0.39913073022341305,-0.2905587205037736,0,1,1,0,0,0,1,0,0,0
0.2415844564586868,0.32375697348411,0.22154308328244027,0,0,1,0,0,0,1,0,0,0
0.07763022965797768,0.9441157353411785,1.1669758575990004,0,0,1,1,0,0,1,0,0,0
1.0613555904622325,0.6687371525047421,-0.02751039374594514,0,0,1,0,0,0,1,0,0,0
-1.0700493579469863,-0.9838749722276661,-0.7028625909774538,0,0,1,0,0,0,1,0,0,0
-1.0700493579469863,-0.7738212153911869,0.024861024929271294,0,0,1,0,0,0,1,0,0,0
2.0450809512664874,0.04084673342056365,-0.8111802463023875,0,0,1,0,0,0,0,0,0,0
0.40553868325939596,-0.14154048355150722,-0.4131448758935347,0,1,1,1,0,0,1,0,0,0
-1.2340035847476953,-1.1996058576272934,-1.406547288641014,0,0,1,0,0,0,1,0,0,0
-0.08632399714273145,-0.10202766875199654,-0.007919318129590198,1,0,1,1,0,0,1,0,0,0
-0.25027822394344057,-0.7914770852225773,-0.8946785895165519,1,0,1,1,0,0,1,0,0,0
-1.0700493579469863,-0.9252113104084692,-0.4996244640125126,1,0,1,0,0,1,0,0,0,0
1.0613555904622325,0.7968510204131172,0.07692392272863967,0,0,1,0,0,0,1,0,0,0
0.07763022965797768,0.14398123565108722,0.15896242835188643,1,0,1,1,1,0,0,0,0,0
-0.742140904345568,-0.9206506837960735,-0.8496748207570749,1,0,1,0,0,0,1,0,0,0
0.40553868325939596,-0.16144828104627984,-0.4343663656768713,1,0,1,1,0,0,1,0,0,0
-0.4142324507441497,-0.02652185886212698,0.5162383673816051,0,0,1,1,0,0,1,0,0,0
-0.4142324507441497,-0.46157914441804204,-0.23738171954162066,1,0,1,0,0,0,1,0,0,0
-1.0700493579469863,-0.9311912191616518,-0.5203416408257131,0,0,0,0,0,0,1,0,0,0
1.2253098172629415,-0.7638862404056777,-1.2167855249336048,0,0,1,1,0,0,1,0,0,0
-0.25027822394344057,0.5432726112591694,1.1605177989018283,1,0,1,1,0,1,0,0,0,0
-1.0700493579469863,-0.9752457368116809,-0.6729669181077722,0,0,1,0,0,1,0,0,0,0
-0.4142324507441497,0.6293757278002486,1.6524050578017444,0,0,1,0,0,0,0,0,0,0
0.07763022965797768,0.2007525212825681,0.23048317684394792,0,0,1,0,0,0,1,0,0,0
0.2415844564586868,1.0901693295091017,1.1066123458717005,1,0,1,1,0,0,1,0,0,0
-0.4142324507441497,-0.6954011461722346,-0.6424156383769133,0,0,0,0,0,0,1,0,0,0
0.07763022965797768,-0.1273098146198827,-0.1828113884421778,1,0,1,1,0,0,1,0,0,0
-0.08632399714273145,0.6811700640580364,1.0774247284120906,0,0,1,1,0,0,1,0,0,0
0.2415844564586868,1.4760248341844,1.5522064758518244,0,0,1,0,0,0,1,0,0,0
-0.5781866775448589,0.12505747377392692,1.1159781581742325,0,0,1,1,0,0,1,0,0,0
-1.0700493579469863,-1.023198549408405,-0.8390976967300823,1,0,0,0,0,0,1,0,0,0
-0.9060951311462772,-0.791079686223157,-0.34421941363906194,0,0,0,0,0,0,1,0,0,0
0.569492910060105,0.7168413551964835,0.3530765512591976,1,0,1,0,0,0,1,0,0,0
-0.742140904345568,-0.8414358165782805,-0.6667167993645492,0,0,0,0,0,0,1,0,0,0
-0.742140904345568,-0.8087355560545475,-0.5911908889569324,1,0,1,0,0,0,1,0,0,0
1.2253098172629415,0.9252865922734042,0.08367624489754846,0,0,1,0,0,0,1,0,0,0
-0.08632399714273145,0.8763308202971904,1.3478756707849213,0,0,1,0,1,0,0,0,0,0
-0.5781866775448589,-0.8779019057155684,-0.869574049962521,0,0,0,1,1,0,0,0,0,0
0.40553868325939596,-0.16188352756945454,-0.4348303336093969,0,0,1,1,0,0,1,0,0,0
-1.0700493579469863,-1.1579735814975407,-1.3060209032605055,0,0,1,0,0,0,1,0,0,0
-0.5781866775448589,-0.39534597784798103,0.08573880489572829,1,0,1,0,0,0,1,0,0,0
2.0450809512664874,1.069088258777945,-0.19164886527758818,0,0,1,1,0,0,1,0,0,0
0.7334471368608142,1.7312117630979065,1.1612462509698032,1,1,1,1,0,0,1,0,0,0
-0.9060951311462772,-0.7476685764769513,-0.22390244247581692,0,0,0,0,0,0,1,0,0,0
1.717172497665069,2.106205028455715,0.625097203773933,0,0,1,1,0,0,0,0,0,0
-0.742140904345568,-0.8899752657931966,-0.7788255726258555,1,0,1,0,0,0,1,0,0,0
1.5532182708643598,-0.27234152564643915,-0.9126567865541675,1,0,1,1,0,0,1,0,0,0
-1.2340035847476953,-1.1901439766887132,-1.362840164562532,0,0,1,0,0,1,0,0,0,0
3.35671476567216,0.5413802350714533,-0.7861881081722373,1,0,1,0,0,0,0,0,1,0
0.8974013636615233,-0.1398751925063171,-0.6307458362479585,0,0,1,0,0,0,1,0,0,0
-0.5781866775448589,-0.3196509303393399,0.235591801736238,0,1,1,1,0,0,1,0,0,0
1.3892640440636508,1.18440966365736,0.1850361328021504,1,0,1,0,0,0,1,0,0,0
-1.2340035847476953,-0.9914444769785301,-0.4449905589144102,0,0,1,0,0,0,1,0,0,0
1.0613555904622325,-0.31491998987004977,-0.8293561500751783,0,1,1,0,0,0,1,0,0,0
-1.0700493579469863,-1.1049870482414919,-1.122450982130881,0,0,1,0,0,0,0,1,0,0
1.5532182708643598,1.6738349170863565,0.4358347419268295,0,0,1,1,0,0,1,0,0,0
0.07763022965797768,-0.10013529256428051,-0.14857679016397762,1,0,1,0,0,0,1,0,0,0
0.8974013636615233,-0.9753592793829439,-1.354371909272326,1,1,1,0,0,0,1,0,0,0
0.2415844564586868,0.38052825911559085,0.28710376940016324,0,0,1,0,0,0,1,0,0,0
-0.742140904345568,-0.6185517491890866,-0.15193429196818845,0,0,0,0,0,0,0,0,0,0
1.3892640440636508,0.8025281489762653,-0.09349326632535493,0,0,1,1,0,0,1,0,0,0
-0.742140904345568,-0.745624810194218,-0.4454276301551949,1,0,0,0,0,0,1,0,0,0
-1.0700493579469863,-1.2285592132993486,-1.550562262479612,0,0,1,0,0,1,0,0,0,0
-1.2340035847476953,-0.9396690644826196,-0.20582517595695674,1,0,1,0,0,0,0,0,0,1
0.07763022965797768,-0.5183504300495229,-0.675446304055497,0,0,1,0,0,0,1,0,0,0
-0.9060951311462772,-0.7650216661183072,-0.27199776181177837,0,0,1,1,0,0,1,0,0,0
-0.742140904345568,-1.0728166530503194,-1.2011238054721487,1,0,1,0,0,0,1,0,0,0
-0.9060951311462772,-1.1796791363706436,-1.421250365181015,0,0,1,0,0,0,1,0,0,0
1.881126724465778,1.4347521095303135,0.10185311068097541,0,0,1,0,0,0,1,0,0,0
0.569492910060105,-0.34340025149517606,-0.6964001804887069,0,1,1,0,0,0,1,0,0,0
-0.742140904345568,-0.8987180437804447,-0.7990182639501142,1,0,1,1,0,0,0,1,0,0
0.2415844564586868,0.09311416372528036,-0.04480813085182908,1,0,1,0,0,0,1,0,0,0
-0.08632399714273145,-0.4284625611330115,-0.4602880523418788,1,0,1,1,0,0,1,0,0,0
0.569492910060105,0.9955505201233003,0.6289559184425761,1,0,1,1,0,0,1,0,0,0
1.2253098172629415,0.4257182024782496,-0.3009318779517334,1,0,1,0,0,0,1,0,0,0
-1.0700493579469863,-0.881402801662843,-0.3478514756499839,1,0,0,0,0,0,1,0,0,0
-0.9060951311462772,-1.0378076935775729,-1.02804359412136,1,0,1,0,0,1,0,0,0,0
-0.08632399714273145,1.245211710568676,1.8590654525820307,0,0,1,0,0,0,1,0,0,0
-1.0700493579469863,-0.8024907146350847,-0.07446341453907904,0,0,1,0,0,0,1,0,0,0
-0.08632399714273145,-0.6141803601954626,-0.7176530817656123,1,0,1,1,0,0,1,0,0,0
-1.0700493579469863,-1.1708228158121325,-1.3505366091344393,0,0,1,0,0,0,1,0,0,0
-0.25027822394344057,-0.23449400189211855,-0.03705740084857825,0,0,1,0,0,0,1,0,0,0
1.717172497665069,1.5254158526837884,0.2418356766045926,0,0,1,1,0,0,1,0,0,0
-0.4142324507441497,-0.8684400247769882,-0.9421590953071428,0,0,1,0,0,0,1,0,0,0
2.209035178067196,0.9804115106215721,-0.30075704945541964,1,0,1,0,0,0,1,0,0,0
0.2415844564586868,-0.44265538254088177,-0.6635261793068201,1,0,1,0,0,0,1,0,0,0
0.2415844564586868,1.1378382856776685,1.1616614686485485,1,0,1,1,0,0,0,1,0,0
0.07763022965797768,1.1280168532634223,1.398655402214285,1,0,1,0,0,0,1,0,0,0
1.3892640440636508,2.1120524708757573,0.8616224135370514,0,0,1,1,1,0,0,0,0,0
0.07763022965797768,0.2007525212825681,0.23048317684394792,0,1,1,0,0,0,1,0,0,0
0.569492910060105,1.7878884299200015,1.4132490406565934,0,0,1,1,0,0,1,0,0,0
0.569492910060105,1.0939540818845337,0.7263603663889073,0,0,1,1,0,0,1,0,0,0
-1.2340035847476953,-1.1033028334344246,-0.9616961797702243,0,0,1,1,0,1,0,0,0,0
0.8974013636615233,0.45433093043651596,-0.11609445022383313,0,0,1,0,0,0,1,0,0,0
-1.0700493579469863,-0.7075880488211258,0.2543234263413018,0,0,1,0,0,0,1,0,0,0
-1.0700493579469863,-1.0064131726233638,-0.780945368143662,0,0,0,0,0,0,1,0,0,0
1.3892640440636508,1.374025757666506,0.32333467488627343,0,0,1,0,0,0,1,0,0,0
1.2253098172629415,-0.6072921108721763,-1.0962267076837917,1,0,1,0,0,0,1,0,0,0
0.8974013636615233,0.1316429429071787,-0.39557965514368626,0,0,1,1,0,0,1,0,0,0
0.2415844564586868,-0.04620257121437368,-0.2056940545847213,1,0,1,1,0,0,1,0,0,0
-0.9060951311462772,-0.9730884279576847,-0.8486695569032698,0,0,1,0,0,0,0,1,0,0
3.1927605388714513,0.5603039969486135,-0.7509404274637841,0,0,1,0,0,0,1,0,0,0
-0.08632399714273145,-0.1919155376685079,-0.13248462175326386,1,1,1,0,0,0,1,0,0,0
-0.742140904345568,-0.5116135708212538,0.09505466619931345,0,0,0,0,0,0,1,0,0,0
-0.4142324507441497,0.1818287594054078,0.8771499444596702,0,0,1,0,0,0,1,0,0,0
-0.742140904345568,-0.9062875485313089,-0.8165011135815071,0,0,1,0,0,0,1,0,0,0
1.3892640440636508,1.6011109001924295,0.48896167139420516,1,0,1,0,0,0,1,0,0,0
-1.2340035847476953,-1.2034284575264798,-1.4242049667687209,0,0,1,0,0,0,1,0,0,0
3.1927605388714513,-0.5183504300495229,-1.2492016419584786,1,0,0,0,0,0,0,0,1,0
0.07763022965797768,1.7714247570868722,2.2092238851243144,0,0,1,1,0,0,1,0,0,0
0.569492910060105,0.787389139474537,0.42290804778687524,0,0,1,0,0,0,1,0,0,0
0.2415844564586868,0.2874422744418394,0.17960609772913672,1,0,1,0,0,0,1,0,0,0
-0.742140904345568,-0.21557024001495828,0.7788089152830857,0,0,1,0,0,0,1,0,0,0
0.40553868325939596,0.2639768097141606,0.01913202958852247,1,0,1,0,0,0,1,0,0,0
1.3892640440636508,2.9257742315936497,1.4551191510238073,0,0,1,0,0,0,1,0,0,0
-0.25027822394344057,-0.23449400189211855,-0.03705740084857825,0,0,1,1,1,0,0,0,0,0
-1.2340035847476953,-1.1627045219668308,-1.236089504734934,1,0,1,0,0,0,1,0,0,0
0.2415844564586868,0.844160425106018,0.8225160393615675,1,0,1,0,0,0,1,0,0,0
-0.9060951311462772,-1.0103682388556905,-0.9519931982248012,0,0,1,1,0,0,1,0,0,0
-0.5781866775448589,-0.5558005548044231,-0.23191208515694198,0,0,0,0,0,0,1,0,0,0
-0.9060951311462772,-0.7763948470064806,-0.3035193396971796,1,0,0,0,0,0,1,0,0,0
-0.4142324507441497,-0.8445960848117663,-0.9008558630529773,0,0,1,0,0,1,0,0,0,0
-1.0700493579469863,-0.6825708356195199,0.34099465338893153,0,0,0,0,0,0,1,0,0,0
-0.742140904345568,-0.8211306200840875,-0.6198190552283381,1,0,1,0,0,0,0,1,0,0
-0.742140904345568,-0.5402262987795202,0.028969494592648682,0,0,0,1,0,0,1,0,0,0
-0.9060951311462772,-0.8968256675927287,-0.6373019048597309,0,0,1,0,0,1,0,0,0,0
1.717172497665069,1.4556628664045754,0.1958058310750828,0,1,1,1,0,0,1,0,0,0
-1.0700493579469863,-0.7564113544641994,0.08517685615757645,0,0,1,0,0,0,1,0,0,0
1.2253098172629415,-0.21557024001495828,-0.7946475515422661,0,0,1,0,0,0,1,0,0,0
-0.25027822394344057,-0.8717706068673685,-1.0183114744932178,1,0,1,0,0,0,1,0,0,0
-1.0700493579469863,-0.7198506465175256,0.21184010173701726,0,0,0,0,0,0,1,0,0,0
-0.742140904345568,-0.7394745875841409,-0.4312228148296884,0,0,1,0,0,0,1,0,0,0
-0.25027822394344057,-0.3082020544036579,-0.1505502330390364,0,0,1,0,0,0,1,0,0,0
-1.0700493579469863,-0.97725165557066,-0.6799163508362508,1,0,1,0,0,0,1,0,0,0
0.07763022965797768,0.40908421578822574,0.4929404835603161,1,0,1,0,0,0,1,0,0,0
3.35671476567216,0.08720995001960635,-0.9892147490529278,1,0,1,0,0,0,0,0,1,0
0.2415844564586868,0.2196762831597284,0.10134849206661486,0,1,1,1,0,0,1,0,0,0
-0.9060951311462772,-1.1163980766534196,-1.2458624176788828,1,0,0,0,0,0,1,0,0,0
1.2253098172629415,1.7430391142711317,0.7132482291653627,0,0,1,1,0,0,1,0,0,0
-1.0700493579469863,-1.182688014509112,-1.3916431593302516,0,0,1,0,0,0,1,0,0,0
0.07763022965797768,0.03441265438232915,0.020927383762207916,1,0,1,1,0,0,1,0,0,0
-0.9060951311462772,-0.9405584812908461,-0.7585105013541771,1,0,0,0,0,0,0,0,0,0
-1.0700493579469863,-0.9621126460689317,-0.6274678019420724,1,0,1,0,0,0,0,1,0,0
0.7334471368608142,1.281696723467841,0.7459586408256986,0,0,1,1,0,0,0,1,0,0
1.881126724465778,-0.5892388420413653,-1.1730638318137632,0,0,1,0,0,0,1,0,0,0
1.2253098172629415,1.0712455676319415,0.19604726090332567,0,0,1,0,0,0,1,0,0,0
1.2253098172629415,1.0996312104476818,0.21790082294256682,1,0,1,1,0,0,1,0,0,0
-0.08632399714273145,-0.17772271626063768,-0.11281641591794699,0,0,1,0,0,0,1,0,0,0
0.2415844564586868,-0.5751217156810038,-0.8165011135815071,1,0,1,0,0,0,1,0,0,0
-0.4142324507441497,-0.036551452657021935,0.49886478556040853,0,0,1,0,1,0,0,0,0,0
2.3729894048679054,-0.24064422450219566,-1.0288303223547726,0,1,1,0,0,0,1,0,0,0
-0.742140904345568,-0.12662855919230492,0.9842323984519512,0,0,1,1,0,0,1,0,0,0
0.569492910060105,-0.7278364740296873,-1.0769331343405761,0,0,1,0,0,1,0,0,0,0
1.881126724465778,1.9228148521041544,0.4092850480741016,1,1,1,0,0,0,1,0,0,0
-0.9060951311462772,-1.1485117005589605,-1.3348676051523034,1,0,1,0,0,0,0,1,0,0
-0.4142324507441497,-0.24028467302652962,0.14595161218870567,1,0,1,0,0,0,1,0,0,0
1.3892640440636508,0.3332188544226901,-0.43578905910841387,1,0,1,0,0,0,1,0,0,0
-0.25027822394344057,-0.650816763189645,-0.6780952206663141,1,0,1,1,0,0,1,0,0,0
-0.25027822394344057,0.42484770943190026,0.9781716772464016,0,0,1,0,0,0,1,0,0,0
1.3892640440636508,0.6118523243019982,-0.23256473439318162,0,0,1,0,0,0,0,0,0,0
-0.4142324507441497,-0.6318930013124846,-0.5324048070713742,1,0,1,0,0,0,1,0,0,0
1.717172497665069,1.6665871162874042,0.3349942896404428,1,0,1,1,0,0,1,0,0,0
-0.25027822394344057,-0.49942666817236264,-0.4449905589144102,1,0,1,1,0,0,1,0,0,0
-0.5781866775448589,-0.2094578649286355,0.4537403018868101,1,0,0,0,0,0,1,0,0,0
1.2253098172629415,1.8948076845259572,0.8300919408685044,0,0,1,1,0,0,1,0,0,0
-0.25027822394344057,-0.2848312084853649,-0.11456470088108633,0,0,1,1,0,0,1,0,0,0
-1.0700493579469863,-0.8360425444432898,-0.19070251102580188,0,0,0,0,0,0,1,0,0,0
-0.25027822394344057,0.5792277588257739,1.2158801560679053,0,0,1,0,0,0,1,0,0,0
0.8974013636615233,2.4432183037260624,1.6065125775193385,0,0,1,1,1,0,0,0,0,0
0.569492910060105,0.3758351661700551,0.015532675875949602,1,0,1,0,0,0,1,0,0,0
1.881126724465778,0.47751253873603733,-0.5011144796060972,0,0,1,0,0,0,1,0,0,0
-0.25027822394344057,-0.18985284762389745,0.03167933628551449,0,0,0,0,0,0,1,0,0,0
-1.0700493579469863,-0.9072148128632896,-0.43727625151455807,0,0,0,0,0,0,1,0,0,0
-0.4142324507441497,-0.855193391462976,-0.9192128551659398,0,0,1,1,0,0,1,0,0,0
-0.9060951311462772,-0.6129692394353243,0.14942632855294496,1,0,1,0,0,0,0,1,0,0
-1.0700493579469863,-0.7914581614607002,-0.03624153453244653,0,0,0,0,0,0,1,0,0,0
2.3729894048679054,1.1280168532634223,-0.27016206260048214,0,1,1,0,0,0,1,0,0,0
-0.25027822394344057,-0.32911281127792,-0.18274781444351826,1,0,1,1,0,0,1,0,0,0
-1.0700493579469863,-0.9597282520724095,-0.6192071554912394,0,0,0,0,0,0,1,0,0,0
0.2415844564586868,-0.007408859366195088,-0.1608942524042771,1,0,1,1,0,0,0,0,0,0
1.2253098172629415,0.5754051589265875,-0.1856907607981359,0,1,1,0,0,0,1,0,0,0
-1.2340035847476953,-1.0619354899709523,-0.770608633299101,0,0,0,0,0,0,1,0,0,0
-0.08632399714273145,1.462324030585336,2.1599365533134853,1,0,1,1,0,0,1,0,0,0
-0.5781866775448589,0.31009401740880027,1.4822938089508586,0,0,1,0,0,0,1,0,0,0
0.07763022965797768,-0.918587993751463,-1.17966758092453,0,0,1,0,0,0,1,0,0,0
-0.4142324507441497,0.3710663781770107,1.204953375048285,0,0,1,0,0,0,1,0,0,0
1.0613555904622325,-0.0878916186297578,-0.6442899026976905,0,0,1,1,0,0,1,0,0,0
-0.08632399714273145,0.5881786981936707,0.9485586437790938,0,0,0,0,0,0,1,0,0,0
0.07763022965797768,0.844160425106018,1.0410516597539776,1,0,1,0,0,0,0,0,0,0
2.0450809512664874,0.3332188544226901,-0.6350215331686797,0,1,1,0,0,0,1,0,0,0
1.2253098172629415,1.6011109001924295,0.6039804189691579,1,0,1,0,0,0,1,0,0,0
-0.9060951311462772,-0.6192140808547872,0.1321183074178661,1,0,1,0,0,1,0,0,0,0
1.717172497665069,2.0878679031967464,0.6129965742790618,1,0,1,0,0,0,1,0,0,0
-0.25027822394344057,0.4364290517007223,0.9960041838704223,1,0,1,0,0,0,1,0,0,0
-1.0700493579469863,-1.1201260577432202,-1.1748995310250594,0,0,1,0,0,0,1,0,0,0
3.028806312070742,1.2989551942998112,-0.36933503427676734,0,0,1,1,0,0,1,0,0,0
-0.5781866775448589,0.5162305555367073,1.8903809825967766,0,0,1,1,0,0,0,0,0,0
1.5532182708643598,-0.6896104750378236,-1.2017794123333259,1,0,0,0,0,0,1,0,0,0
-0.742140904345568,-0.015886704687162898,1.2400064885592275,0,0,1,1,0,0,1,0,0,0
-0.25027822394344057,-0.5221351824249549,-0.4799562581771957,0,0,1,0,0,0,1,0,0,0
0.40553868325939596,0.40893282569320843,0.17365352363829425,1,0,1,0,0,0,0,1,0,0
0.07763022965797768,-0.9504366849907238,-1.2197907208285765,0,0,1,0,0,0,0,0,0,0
-0.5781866775448589,-1.0846629279854216,-1.278897510832373,1,0,0,0,0,0,1,0,0,0
0.7334471368608142,2.5283752321732837,1.8977112916922245,1,0,1,0,0,0,1,0,0,0
0.7334471368608142,1.5821871383152692,1.023568810122585,0,0,1,0,0,0,1,0,0,0
-0.08632399714273145,-0.36696033503224057,-0.37505916038883896,1,0,1,0,0,0,1,0,0,0
0.569492910060105,0.6246447873309586,0.2618160761833272,1,0,1,0,0,0,1,0,0,0
-1.2340035847476953,-1.1110048045184289,-0.9972737787701086,1,0,0,0,0,0,0,1,0,0
1.0613555904622325,0.24806192597546883,-0.3704313472511172,0,0,1,0,0,0,1,0,0,0
-0.08632399714273145,-0.3101890494007597,-0.29638633704757134,0,1,1,0,0,0,1,0,0,0
-0.4142324507441497,0.2859094497297894,1.0574418312834084,1,0,1,0,0,0,1,0,0,0
1.881126724465778,1.9795861377356354,0.4450454223201322,0,0,1,0,0,0,1,0,0,0
2.0450809512664874,1.6003728734792202,0.12845831085372897,0,0,1,1,0,0,1,0,0,0
-1.2340035847476953,-0.9195341818453211,-0.11281641591794699,0,0,1,0,0,1,0,0,0,0
2.3729894048679054,-0.10202766875199654,-0.9519931982248012,1,1,1,0,0,0,1,0,0,0
-0.9060951311462772,-0.7265118106982861,-0.16526496481212538,0,0,1,0,0,0,1,0,0,0
-1.2340035847476953,-1.1579735814975407,-1.2142359426956932,0,0,1,0,0,0,1,0,0,0
1.2253098172629415,0.6719541920238593,-0.11135951178199756,0,0,1,0,0,0,1,0,0,0
0.8974013636615233,2.7047636166302946,1.8330411382276008,0,0,1,0,0,0,1,0,0,0
-0.5781866775448589,-0.42373162066372144,0.02954393108053729,0,1,1,0,0,0,0,0,1,0
-0.08632399714273145,1.752500995209712,2.562059577685151,1,0,1,0,0,0,1,0,0,0
0.7334471368608142,1.2604831864035444,0.7263603663889073,1,0,1,0,0,0,1,0,0,0
2.0450809512664874,-0.19570029004393996,-0.9537034769930898,1,0,1,0,0,0,1,0,0,0
-0.9060951311462772,-0.08088982673520849,1.6241221778105588,0,0,1,0,0,0,1,0,0,0
0.569492910060105,1.7903485189640325,1.415684151855252,0,0,1,0,1,0,0,0,0,0
-0.742140904345568,-0.4805029062952023,0.16690917818433784,1,0,1,0,0,0,1,0,0,0
-0.9060951311462772,-0.8681940158725852,-0.557947250382839,1,0,1,1,0,0,1,0,0,0
0.7334471368608142,1.8849673283498338,1.3032944042248695,0,0,1,0,0,0,1,0,0,0
-0.4142324507441497,-0.25909489233242694,0.11336795118819733,1,0,1,0,0,0,1,0,0,0
-0.742140904345568,-0.35009926319969076,0.46809497020915725,0,0,1,1,0,0,1,0,0,0
1.717172497665069,2.3655362612203192,0.7962293261657947,1,0,1,0,0,0,1,0,0,0
2.0450809512664874,0.6075377065940056,-0.4697401930012863,0,1,0,0,0,0,1,0,0,0
1.5532182708643598,0.6652362565574674,-0.26301594781365034,0,0,1,0,0,0,1,0,0,0
0.07763022965797768,0.5077905577394938,0.6172912249385138,0,0,1,1,0,0,1,0,0,0
0.8974013636615233,1.0901693295091017,0.43461531316504,0,0,1,1,0,0,1,0,0,0
0.8974013636615233,-1.0728166530503194,-1.4387812926488945,0,1,1,0,0,0,1,0,0,0
0.7334471368608142,2.5283752321732837,1.8977112916922245,1,0,1,1,0,0,1,0,0,0
-0.08632399714273145,1.184788138894903,1.7753313442724752,0,0,1,0,0,0,1,0,0,0
1.881126724465778,-0.41039036854032346,-1.0604067328140176,0,1,1,0,0,0,1,0,0,0
1.2253098172629415,0.40891390193133126,-0.31386918667896424,1,0,1,0,0,0,1,0,0,0
0.7334471368608142,1.2604831864035444,0.7263603663889073,0,0,1,1,0,0,1,0,0,0
-0.25027822394344057,-0.5145656776740909,-0.46830102508960053,0,0,1,0,0,0,1,0,0,0
-1.2340035847476953,-1.0822785339888996,-0.8645789500678372,0,0,1,0,0,0,0,1,0,0
-0.5781866775448589,0.2669856878526291,1.3969525272501881,0,0,1,0,0,0,1,0,0,0
-0.25027822394344057,-0.36696033503224057,-0.2410239798814941,1,0,1,0,0,0,1,0,0,0
-0.9060951311462772,-0.07727538821667088,1.634139850649347,1,0,1,0,0,1,0,0,0,0
-0.5781866775448589,-0.10202766875199654,0.6664191676527031,1,0,1,0,0,0,1,0,0,0
-0.4142324507441497,0.013899296507487398,0.5862571801553332,0,0,0,0,0,0,1,0,0,0
-1.0700493579469863,-1.2172617274586839,-1.5114225328673314,0,0,1,0,0,0,1,0,0,0
-0.4142324507441497,-1.0087029478105003,-1.1851269980594241,1,0,1,0,0,0,1,0,0,0
-0.08632399714273145,-1.2185296195044537,-1.5551515105078528,1,0,1,0,0,0,1,0,0,0
-1.0700493579469863,-0.9880949711262728,-0.7174826239817061,1,0,0,0,0,0,1,0,0,0
0.7334471368608142,0.03990054532670564,-0.40128343483592815,1,0,1,0,0,0,1,0,0,0
-0.25027822394344057,0.48460894943997246,1.0701897424729656,0,0,1,0,1,0,0,0,0,0
-1.0700493579469863,-1.0784937816134674,-1.0306660215660688,0,0,1,1,0,0,1,0,0,0
-0.4142324507441497,0.12505747377392692,0.7788089152830857,1,0,1,1,0,0,1,0,0,0
0.40553868325939596,-0.48527169428824674,-0.779558507475787,1,0,1,1,0,0,0,0,0,0
-0.25027822394344057,1.960662375858475,3.342960194554029,0,0,1,0,1,0,0,0,0,0
-1.2340035847476953,-1.1917524964482717,-1.3702703756558738,1,0,0,0,0,0,1,0,0,0
0.569492910060105,1.7950605356714453,1.4203483263819128,1,0,1,0,1,0,0,0,0,0
0.2415844564586868,0.9387792344918194,0.9317838495577728,0,1,1,0,0,0,1,0,0,0
-0.742140904345568,0.08435246197615516,1.4715231248029468,0,0,1,0,0,0,1,0,0,0
-0.5781866775448589,-0.532997421742445,-0.1867688698587385,0,0,0,0,0,0,1,0,0,0
-0.25027822394344057,0.3670166931352984,0.8891256964571741,0,0,1,0,0,0,1,0,0,0
-0.4142324507441497,-0.23449400189211855,0.15598239716471726,1,0,1,1,0,0,1,0,0,0
-1.2340035847476953,-1.2336686290061818,-1.5638929353235491,0,0,1,0,0,0,0,1,0,0
1.3892640440636508,0.46568518756281213,-0.33917331114545385,0,1,1,1,0,0,1,0,0,0
0.40553868325939596,-1.0186379227960094,-1.3481209500074864,0,0,1,1,0,0,1,0,0,0
1.3892640440636508,-0.10770479731514462,-0.7573814773279814,0,0,1,0,0,0,1,0,0,0
-1.2340035847476953,-1.2313031587715368,-1.5529661543039288,0,0,1,0,0,0,0,1,0,0
0.2415844564586868,1.4733755075215975,1.5491469771663309,1,0,1,0,0,0,1,0,0,0
0.2415844564586868,1.1836716369441507,1.2145907959075903,0,0,1,0,0,0,1,0,0,0
-0.25027822394344057,-0.3442518207796482,-0.2060582806187086,0,0,1,1,0,0,1,0,0,0
-0.742140904345568,-0.8779019057155684,-0.7509404274637841,0,0,0,0,0,0,0,1,0,0
-1.0700493579469863,-1.0114090457589342,-0.7982533892787408,0,0,0,0,0,0,1,0,0,0
-0.742140904345568,0.23860004503688867,1.8277798931666536,0,0,1,1,0,0,1,0,0,0
-0.9060951311462772,-0.6318930013124846,0.09697777965876658,0,0,1,0,0,0,0,1,0,0
-1.0700493579469863,-0.9325348062549301,-0.5249964495400714,1,0,1,0,0,0,0,0,0,0
0.07763022965797768,0.9491873035242575,1.1733650444642911,0,0,1,0,0,0,1,0,0,0
0.07763022965797768,0.8820079488603385,1.0887321587486853,0,0,1,1,0,0,1,0,0,0
-0.9060951311462772,-0.9867135365092401,-0.8864325121070783,1,0,0,0,0,0,1,0,0,0
-0.25027822394344057,-0.08310390687483625,0.19604726090332567,0,0,1,0,0,0,1,0,0,0
0.569492910060105,2.287437895953279,1.9077264669810654,0,0,1,0,1,0,0,0,0,0
-0.9060951311462772,-0.9501339048006893,-0.7850494670946314,0,0,1,0,0,0,1,0,0,0
0.07763022965797768,-0.4142697397251413,-0.544324931820051,1,0,1,0,0,0,1,0,0,0
-0.5781866775448589,0.03990054532670564,0.9473935367286591,0,0,1,0,0,0,1,0,0,0
-0.5781866775448589,-0.4142697397251413,0.04827555568560104,1,0,1,0,0,0,1,0,0,0
-1.2340035847476953,-1.2079323128532438,-1.4450095578300781,1,0,1,0,0,0,0,0,1,0
-1.0700493579469863,-0.8461478332856934,-0.22571191741266597,0,0,1,0,0,0,1,0,0,0
-0.25027822394344057,-0.5353818157389671,-0.5003529160804873,1,0,1,1,0,0,1,0,0,0
-1.0700493579469863,-1.1994166200085217,-1.4495988058583187,0,0,1,0,0,0,1,0,0,0
-0.742140904345568,-0.0673971845167932,1.1210356968175996,0,0,0,1,0,0,1,0,0,0
1.881126724465778,-0.6061188376357923,-1.183696583089583,0,1,1,1,0,0,1,0,0,0
-0.25027822394344057,-0.06847583894379135,0.21857099884510356,1,0,1,0,0,0,1,0,0,0
0.8974013636615233,-0.050119789922945863,-0.5530072526838685,1,0,1,0,0,0,1,0,0,0
-0.4142324507441497,-0.16920702341591556,0.26907458071778945,0,0,1,1,0,1,0,0,0,0
-1.0700493579469863,-0.544805849153793,0.8182764483259549,0,0,1,0,0,0,0,1,0,0
-0.5781866775448589,1.0621810856927816,2.971195722308953,0,0,1,0,0,0,1,0,0,0
-0.5781866775448589,0.5536806802916074,1.9645207527836184,0,0,1,0,0,0,1,0,0,0
-0.9060951311462772,-0.9791440317583759,-0.8654530925494069,1,0,1,0,0,0,1,0,0,0
-1.0700493579469863,-0.9914444769785301,-0.729086865424543,1,0,1,0,0,0,0,1,0,0
0.7334471368608142,-0.3404670684042162,-0.7526887124269234,1,0,1,1,0,0,1,0,0,0
0.569492910060105,0.25920802172111623,-0.09991032656505819,1,0,1,0,1,0,0,0,0,0
0.07763022965797768,1.4647084245818582,1.8228211212712042,0,0,1,0,0,0,1,0,0,0
-0.5781866775448589,0.20873834879472974,1.2816406461814158,1,0,0,0,0,0,1,0,0,0
0.40553868325939596,0.46568518756281213,0.23415090753584847,1,0,1,0,0,0,1,0,0,0
-0.742140904345568,-0.7957917029305699,-0.5612952160872506,0,0,0,0,0,0,1,0,0,0
0.569492910060105,0.011514902510965201,-0.3450885610207369,0,0,1,0,0,0,1,0,0,0
-0.25027822394344057,-0.06947879832328084,0.21702668046099702,0,0,0,1,1,0,0,0,0,0
0.7334471368608142,0.522456473194293,0.044529230764588194,1,0,1,1,0,0,1,0,0,0
1.3892640440636508,1.033398043877621,0.07489418012437576,0,0,1,0,0,0,1,0,0,0
0.40553868325939596,0.5319183541328731,0.30475472335493486,1,0,1,1,0,0,1,0,0,0
-0.5781866775448589,-0.26666439708329104,0.34048889952459477,0,0,1,0,0,0,1,0,0,0
-0.9060951311462772,-1.1280929614935047,-1.278275620895485,0,0,0,0,0,0,1,0,0,0
-0.08632399714273145,0.09822357943211364,0.26958595406950764,1,0,1,1,0,0,1,0,0,0
-0.4142324507441497,-0.98198259603995,-1.1388411536603118,0,1,1,1,0,0,1,0,0,0
-0.9060951311462772,0.22170112568058453,2.462774474628471,0,0,0,0,0,0,1,0,0,0
3.6846232192735786,0.7870674355226254,-0.7312086476298075,1,0,1,0,0,0,0,0,1,0
-0.25027822394344057,0.2007525212825681,0.6331185016881459,0,0,1,0,0,0,1,0,0,0
-1.0700493579469863,-0.8324848772103837,-0.17837710203566998,0,0,1,0,0,0,0,0,0,0
3.028806312070742,2.7933078984535276,0.34475195891747146,0,0,1,0,0,0,1,0,0,0
0.07763022965797768,0.6359990444572547,0.7788089152830857,0,0,1,0,0,0,1,0,0,0
-1.0700493579469863,-1.0552554020283147,-0.950157499013505,1,0,1,0,0,0,1,0,0,0
0.7334471368608142,0.34769553225871774,-0.11692488558132437,1,0,1,0,0,0,1,0,0,0
-0.9060951311462772,-1.1522964529343926,-1.345357314931139,1,0,0,0,0,0,1,0,0,0
-1.0700493579469863,-1.0955251673029118,-1.0896706390720194,1,0,1,0,0,1,0,0,0,0
0.07763022965797768,0.8252366632288577,1.017211410256624,0,0,1,1,0,0,1,0,0,0
-0.4142324507441497,-0.19664647813779798,0.22154308328244027,0,0,1,0,0,0,1,0,0,0
-0.4142324507441497,-0.4518334070513045,-0.220499842866307,1,0,1,0,0,0,1,0,0,0
1.2253098172629415,-1.086820236839418,-1.4654062157333696,1,0,1,0,0,0,1,0,0,0
0.07763022965797768,-0.21557024001495828,-0.294002312097836,1,1,1,1,0,0,1,0,0,0
1.717172497665069,1.2226356626492236,0.04203168081724645,0,0,1,0,1,0,0,0,0,0
-1.0700493579469863,-1.1002561077722017,-1.1060608106014502,0,1,1,0,0,0,1,0,0,0
0.569492910060105,0.020976783449545348,-0.3357227487182051,0,0,1,0,0,0,1,0,0,0
-0.9060951311462772,-0.6271620608431946,0.11008991688231118,0,0,1,1,0,0,1,0,0,0
-1.0700493579469863,-1.0731762045259854,-1.0122434687669886,0,0,1,0,0,1,0,0,0,0
0.40553868325939596,0.7205125650006526,0.5057940457700817,0,0,1,1,0,0,1,0,0,0
-1.2340035847476953,-1.2337254002918134,-1.5641551780680198,1,0,1,0,0,1,0,0,0,0
-0.08632399714273145,1.0144742820004606,1.5393128742486724,0,0,1,0,0,0,1,0,0,0
1.5532182708643598,0.6227524111432425,-0.292452695880508,1,0,1,1,0,0,1,0,0,0
-0.9060951311462772,-1.0633547721117393,-1.0988491351285008,1,0,1,1,0,0,0,1,0,0
-0.742140904345568,-1.112556552992356,-1.2929087660369607,1,0,1,0,0,0,1,0,0,0
-1.0700493579469863,-0.9604852025474959,-0.6218295829359483,0,0,0,0,0,0,1,0,0,0
0.2415844564586868,-0.3858840969094009,-0.5979654931890971,0,1,1,1,0,0,1,0,0,0
-0.25027822394344057,-0.19664647813779798,0.02121876458939785,1,0,1,0,0,0,1,0,0,0
-1.2340035847476953,-1.1810984185114306,-1.321056153943503,0,0,0,0,0,0,1,0,0,0
0.07763022965797768,0.844160425106018,1.0410516597539776,0,0,1,1,1,0,0,0,0,0
-0.9060951311462772,-0.6473915622898789,0.05402241811443444,0,0,1,1,0,0,1,0,0,0
0.569492910060105,0.844160425106018,0.47910292160206625,1,0,1,0,0,0,1,0,0,0
0.07763022965797768,1.0996312104476818,1.3628950279682543,0,0,1,0,0,0,1,0,0,0
1.0613555904622325,1.7631739969084301,0.8646394229440295,1,0,1,0,0,0,1,0,0,0
-0.9060951311462772,-0.8120472143830506,-0.4023324058138117,1,0,1,0,0,0,1,0,0,0
-0.9060951311462772,-1.1996058576272934,-1.4764786871665851,0,0,1,0,0,0,1,0,0,0
-0.08632399714273145,-0.46971636202522093,-0.5174569706365333,0,1,1,1,0,0,1,0,0,0
2.5369436316686147,-0.4805029062952023,-1.1779254088458773,1,0,1,0,0,0,1,0,0,0
1.881126724465778,1.63895842394675,0.23048317684394792,0,0,1,1,0,0,1,0,0,0
0.8974013636615233,1.2226356626492236,0.5493465138710553,0,0,1,0,0,0,1,0,0,0
-1.0700493579469863,-0.7832641725678898,-0.007853757443472475,0,0,0,0,0,0,1,0,0,0
-0.9060951311462772,-0.059316738195245765,1.683913523549922,0,0,0,0,0,0,1,0,0,0
-0.742140904345568,-0.8369319612515164,-0.6563145038338706,0,0,0,0,0,0,1,0,0,0
-0.5781866775448589,-0.7241841879873954,-0.5652600766286558,1,0,1,0,0,1,0,0,0,0
1.0613555904622325,1.298330710157865,0.4857140832273828,0,1,1,1,0,0,1,0,0,0
2.700897858469324,-0.12473618300458889,-1.0102693636627773,0,0,1,0,0,0,1,0,0,0
0.40553868325939596,0.6170752825800945,0.39553105797947424,1,0,1,1,0,0,1,0,0,0
-0.4142324507441497,0.0958202616737143,0.7281632852571447,1,0,1,0,0,0,1,0,0,0
0.40553868325939596,1.302247928866437,1.1259174463685193,0,0,1,1,0,0,1,0,0,0
-1.2340035847476953,-1.1147706331319838,-1.0146692141533444,1,0,0,0,0,0,1,0,0,0
0.40553868325939596,0.8820079488603385,0.6779463212558196,0,0,1,0,0,0,1,0,0,0
-1.2340035847476953,-1.149495736176573,-1.1750743595213735,1,0,0,0,0,0,0,1,0,0
-0.9060951311462772,-0.6114553384851515,0.15362221246447924,0,0,1,0,0,0,1,0,0,0
-1.0700493579469863,-1.0363505639130315,-0.8846623735818997,1,0,0,0,0,0,1,0,0,0
0.569492910060105,0.8252366632288577,0.46037129699700247,1,0,1,1,0,0,0,1,0,0
-0.742140904345568,-0.39795745698702917,0.3575596534146763,0,0,1,0,0,0,1,0,0,0
-0.5781866775448589,-0.10645582903125204,0.6576527673375336,1,0,0,0,0,0,1,0,0,0
-1.2340035847476953,-1.2187377808851023,-1.4949230935277045,1,0,1,0,0,0,1,0,0,0
-1.0700493579469863,-0.9540511235092614,-0.5995389496559225,0,0,1,0,0,0,1,0,0,0
0.2415844564586868,0.3655595634707571,0.26981760182712355,1,0,1,0,0,0,1,0,0,0
-1.2340035847476953,-0.8566883686512717,0.1774863022113304,1,0,1,0,0,0,1,0,0,0
-0.9060951311462772,-1.0115415120920743,-0.9552450082562404,1,0,0,0,0,0,1,0,0,0
-0.742140904345568,-0.2534177637692788,0.6913946671261215,0,0,1,0,0,0,0,1,0,0
-0.5781866775448589,1.3390167981937595,3.5192455950039068,1,0,1,1,0,0,1,0,0,0
-0.742140904345568,-0.6460858227203549,-0.21552815750237975,0,0,1,0,0,0,1,0,0,0
1.5532182708643598,1.9795861377356354,0.6476875430476396,1,0,1,0,0,0,1,0,0,0
-0.5781866775448589,-0.23875184831447963,0.39574719210953285,0,0,1,0,0,0,1,0,0,0
-0.5781866775448589,-0.10240614398953975,0.665669902668501,0,0,1,0,0,0,1,0,0,0
-0.5781866775448589,-0.33215953694014283,0.21082859400834375,0,0,1,0,0,0,1,0,0,0
-0.08632399714273145,0.18561351178083987,0.3906896534661656,0,0,1,0,1,0,0,0,0,0
-0.5781866775448589,-0.916222523516818,-0.945437129613029,1,0,1,0,0,1,0,0,0,0
-1.0700493579469863,-0.5618750823669916,0.7591407094477688,1,0,1,1,0,0,1,0,0,0
-0.5781866775448589,-0.9917283334066875,-1.0949154939614374,1,0,1,1,0,0,1,0,0,0
-0.742140904345568,-0.4629227315113204,0.20751309645324753,0,0,1,1,0,0,1,0,0,0
-0.4142324507441497,-0.6986938807388605,-0.6481194180691552,1,0,1,1,0,0,1,0,0,0
0.8974013636615233,0.4949223996630248,-0.08093753229320418,1,0,1,0,0,0,1,0,0,0
2.700897858469324,1.752500995209712,-0.04677009508824077,0,0,1,1,0,0,1,0,0,0
-0.4142324507441497,0.5603039969486135,1.5327568056369,1,0,1,0,0,0,1,0,0,0
-0.4142324507441497,-0.1457415586882368,0.30972220611077766,0,0,1,1,0,0,1,0,0,0
0.07763022965797768,1.9322767330427346,2.411866005851822,0,0,1,0,0,0,1,0,0,0
-1.0700493579469863,-1.0926487554975834,-1.0797054147821257,0,0,0,0,0,0,1,0,0,0
-0.4142324507441497,-0.7454355725754463,-0.729086865424543,0,0,1,0,0,0,1,0,0,0
2.0450809512664874,0.3332188544226901,-0.6350215331686797,0,0,1,0,0,0,1,0,0,0
1.0613555904622325,1.6578821858239103,0.7788089152830857,1,0,1,0,0,0,1,0,0,0
-1.0700493579469863,-1.1994166200085217,-1.4495988058583187,1,0,1,0,0,0,1,0,0,0
0.569492910060105,-0.3858840969094009,-0.7384526777270749,1,0,1,0,0,0,1,0,0,0
-1.0700493579469863,-1.1616826388254642,-1.318870797739579,0,0,1,0,0,0,1,0,0,0
1.2253098172629415,0.6170752825800945,-0.1536097317245302,1,0,1,0,0,0,1,0,0,0
-0.4142324507441497,-0.3392181001203236,-0.025424021323022235,0,0,0,0,0,0,1,0,0,0
-0.4142324507441497,-0.6187031392841039,-0.5095569079593476,0,0,1,1,0,0,1,0,0,0
-0.25027822394344057,0.8063129013516973,1.5655371486957614,1,0,1,0,0,0,1,0,0,0
-0.25027822394344057,-0.045256383120515664,0.2543234263413018,1,0,1,1,0,0,1,0,0,0
1.0613555904622325,0.8630841869831782,0.13091507600205837,0,0,1,0,0,0,1,0,0,0
-0.25027822394344057,1.7903485189640325,3.0807174500831374,0,0,1,1,0,0,1,0,0,0
-1.0700493579469863,-1.180682095750133,-1.384693726601773,0,0,1,0,0,0,1,0,0,0
0.07763022965797768,-0.264772020895575,-0.3559869607909558,1,0,1,0,0,0,1,0,0,0
-1.0700493579469863,-0.986240442462311,-0.7110576767421692,0,0,0,0,0,0,1,0,0,0
-1.2340035847476953,-1.201933480338184,-1.4172992411643204,1,0,1,0,0,0,1,0,0,0
-0.9060951311462772,-0.9781978436645179,-0.862830665104698,0,0,1,0,0,0,1,0,0,0
0.8974013636615233,1.2604831864035444,0.5821268569299167,1,0,1,1,0,0,1,0,0,0
-0.5781866775448589,-0.8684400247769882,-0.8508424253574571,0,0,1,0,0,0,1,0,0,0
-1.0700493579469863,-0.9831558692763339,-0.7003712849049805,0,0,0,0,0,0,1,0,0,0
1.3892640440636508,1.2037119007720634,0.1991144275053246,0,0,1,0,0,0,1,0,0,0
-0.08632399714273145,0.06828618814244607,0.22809915189421257,1,0,1,0,0,0,1,0,0,0
-1.0700493579469863,-0.5789064680564359,0.700136091941818,1,0,1,0,0,0,1,0,0,0
1.0613555904622325,-0.8305925010226677,-1.2497158434182256,1,0,1,1,0,0,1,0,0,0
-0.25027822394344057,0.6889855777133036,1.3848810358380361,0,0,1,0,0,0,1,0,0,0
-0.9060951311462772,-0.460632956324184,0.571637147151081,0,0,1,0,0,0,1,0,0,0
-0.4142324507441497,0.16290499752824752,0.8443696014008086,0,0,1,0,0,0,1,0,0,0
-0.08632399714273145,0.16290499752824752,0.35922052412965855,0,0,1,0,0,0,1,0,0,0
-0.08632399714273145,0.23755923813364485,0.4626752868234254,1,0,1,1,0,0,1,0,0,0
-0.9060951311462772,-0.9327808151593332,-0.7369541477586699,0,0,1,0,0,0,1,0,0,0
-1.0700493579469863,-1.112556552992356,-1.1486752565779703,0,0,1,1,0,0,1,0,0,0
0.8974013636615233,3.4556395641541378,2.4833867543438832,0,0,1,1,1,0,0,0,0,0
0.8974013636615233,0.34268073536127025,-0.21279646224747453,1,0,1,0,0,0,1,0,0,0
-0.08632399714273145,0.3710663781770107,0.6476875430476396,0,0,1,0,0,0,1,0,0,0
1.5532182708643598,0.647353301583551,-0.2754069174899,0,0,1,0,0,0,1,0,0,0
0.8974013636615233,0.6638548219404347,0.0653775289500241,0,0,1,0,0,0,1,0,0,0
-0.4142324507441497,-0.5183504300495229,-0.3357227487182051,1,0,1,0,0,0,1,0,0,0
2.209035178067196,0.8536223060445981,-0.3739664822868768,0,1,1,0,0,0,1,0,0,0
-0.25027822394344057,0.07375515532494539,0.43757282856101715,1,0,1,1,0,0,1,0,0,0
-0.25027822394344057,-0.7454355725754463,-0.8237856342612541,1,0,1,0,0,0,1,0,0,0
0.07763022965797768,1.7808866380254522,2.2211440098729915,1,0,1,1,0,0,1,0,0,0
0.40553868325939596,-0.8788480938094264,-1.1991065535916032,1,0,1,0,0,0,1,0,0,0
-0.08632399714273145,0.5697658778871938,0.9230424247420762,0,0,1,0,0,0,1,0,0,0
-1.2340035847476953,-1.2281807380618053,-1.5385428033580297,1,0,1,0,0,0,1,0,0,0
-0.25027822394344057,0.3919014400037642,0.9274422752326433,1,0,1,1,0,0,1,0,0,0
-0.25027822394344057,-0.5561979538038435,-0.5324048070713742,0,0,1,0,0,0,1,0,0,0
-0.9060951311462772,-0.5647136466485656,0.2831701282330999,0,0,1,1,0,0,1,0,0,0
1.3892640440636508,1.3260540213079046,0.2883459718739728,0,0,1,0,0,0,1,0,0,0
-0.25027822394344057,-0.3858840969094009,-0.27016206260048214,0,0,1,0,0,0,1,0,0,0
2.209035178067196,1.0523218057547812,-0.25923528158086157,1,0,1,0,0,0,1,0,0,0
-0.5781866775448589,-0.6886642869439655,-0.4949415578612466,1,0,1,0,0,0,1,0,0,0
2.0450809512664874,0.9606740269836939,-0.25697011236775075,0,0,1,0,0,0,1,0,0,0
-1.2340035847476953,-1.212190159275605,-1.464677763665395,1,0,1,0,0,0,1,0,0,0
-0.5781866775448589,-0.14365994488174919,0.584000019390423,1,0,1,0,0,0,1,0,0,0
-1.2340035847476953,-1.2090677385658735,-1.450254412719496,0,0,1,0,0,0,1,0,0,0
-0.9060951311462772,-0.984934702892787,-0.8815023485110255,1,0,1,0,0,0,0,0,0,0
-0.08632399714273145,1.3107257741874048,1.9498538907178538,0,0,1,0,0,0,1,0,0,0
-0.742140904345568,-0.7545189782764833,-0.46596997847208155,1,0,0,0,0,0,1,0,0,0
-0.25027822394344057,0.44676142568565186,1.0119135770349896,0,0,1,0,0,0,1,0,0,0
-0.25027822394344057,1.563263376438109,2.7310604574552815,0,0,1,0,0,0,1,0,0,0
0.2415844564586868,-0.2534177637692788,-0.4449905589144102,1,0,1,1,0,0,1,0,0,0
-0.08632399714273145,0.4881666166728786,0.8099633533262275,1,0,1,0,0,0,1,0,0,0
0.40553868325939596,0.7392660130209184,0.5257850119062857,1,0,1,0,0,0,1,0,0,0
-0.9060951311462772,-0.7793658776211948,-0.31175376187356574,0,0,1,0,0,0,1,0,0,0
-1.2340035847476953,-1.182574471937849,-1.3278744652997463,1,0,1,0,0,0,1,0,0,0
-0.9060951311462772,-0.49749644446089225,0.4694673739052214,1,0,0,0,0,0,1,0,0,0
0.7334471368608142,0.7118833295846675,0.21953255557483,1,0,1,0,0,0,1,0,0,0
-1.2340035847476953,-1.1670380634367006,-1.256107367562879,1,0,1,0,0,0,1,0,0,0
-0.4142324507441497,-0.6269728232244229,-0.5238819178760701,0,0,1,0,0,0,1,0,0,0
-0.25027822394344057,2.6905707952224245,4.4668451831081155,0,0,1,1,0,0,1,0,0,0
0.2415844564586868,-0.5580903299915595,-0.7968329077461902,0,0,1,1,1,0,0,0,0,0
-0.742140904345568,-0.40480785878656117,0.34173767449826564,0,0,1,0,0,0,1,0,0,0
-0.4142324507441497,-0.4278948482766967,-0.1790327088968472,0,0,1,1,0,0,1,0,0,0
-0.5781866775448589,-0.14933707344489727,0.5727610446273848,1,0,1,0,0,0,1,0,0,0
-0.5781866775448589,-1.1844668481255651,-1.4764786871665851,0,1,1,0,0,0,1,0,0,0
-1.0700493579469863,-0.66404447274178,0.40517856509818234,0,0,1,0,0,0,1,0,0,0
-0.4142324507441497,-1.1254625585925793,-1.3873817147325995,1,0,0,0,0,0,1,0,0,0
0.8974013636615233,0.471456934935346,-0.1012613449896983,0,0,1,0,0,0,1,0,0,0
-0.4142324507441497,-0.4521172634794619,-0.22099154801218993,1,0,1,0,0,0,0,0,0,0
-0.4142324507441497,-0.32911281127792,-0.007919318129590198,1,0,1,0,0,0,1,0,0,0
-1.0700493579469863,-1.116341305367788,-1.1617873938015149,0,0,1,0,0,0,1,0,0,0
-0.9060951311462772,-0.40480785878656117,0.7263603663889073,0,0,1,1,0,0,0,0,0,0
-0.9060951311462772,-0.7469873210493735,-0.2220142947156263,1,0,1,0,0,0,1,0,0,0
2.0450809512664874,1.4799988241786037,0.05593108921984431,0,1,1,0,0,0,1,0,0,0
-1.0700493579469863,-0.9767407139999766,-0.6781462123110723,1,0,1,1,0,0,1,0,0,0
-0.5781866775448589,-0.6886642869439655,-0.4949415578612466,0,0,1,1,0,0,1,0,0,0
-0.5781866775448589,-0.8888587638424442,-0.8912652712551847,1,0,0,0,0,0,0,0,0,1
-0.25027822394344057,-0.7993493701634761,-0.9068000319276508,1,0,1,0,0,0,1,0,0,0
-0.5781866775448589,0.8820079488603385,2.6145081265793295,0,0,1,0,0,0,0,0,0,0
0.2415844564586868,0.395307717141653,0.3041714013528104,0,0,1,0,0,0,1,0,0,0
-0.4142324507441497,-0.6886642869439655,-0.6307458362479585,0,0,1,0,0,0,1,0,0,0
-0.5781866775448589,-0.7390204172990891,-0.5946312640093957,0,0,1,1,0,0,1,0,0,0
-0.9060951311462772,-0.9625668163539836,-0.8195081637181066,1,0,0,0,0,0,1,0,0,0
-1.2340035847476953,-1.112916104468022,-1.006102617833962,1,0,0,0,0,0,1,0,0,0
0.40553868325939596,-0.7656272264983764,-1.0784143735785765,1,0,1,1,0,0,1,0,0,0
-0.5781866775448589,-0.8203925933708783,-0.7557232356129436,1,0,1,0,0,0,1,0,0,0
-0.9060951311462772,-0.7437702815302563,-0.21309804140361596,0,0,0,0,0,0,1,0,0,0
0.7334471368608142,0.2196762831597284,-0.23519636333769664,1,0,1,0,0,0,1,0,0,0
-1.2340035847476953,-1.2155775126516166,-1.4803249140854917,1,0,1,0,0,1,0,0,0,0
3.6846232192735786,1.9417386139813146,-0.2463218131031283,0,1,1,0,0,0,0,0,1,0
-0.742140904345568,-0.5562168775657207,-0.00796302525366876,1,0,0,0,0,0,0,1,0,0
-1.0700493579469863,-1.2026904308132704,-1.4609408045566847,1,0,0,0,0,0,1,0,0,0
0.07763022965797768,0.13128339143151269,0.142965620939162,1,0,1,0,0,0,1,0,0,0
-0.9060951311462772,-1.106879424429208,-1.219480797585111,1,0,1,0,0,1,0,0,0,0
0.8974013636615233,0.08720995001960635,-0.4340637778947896,0,1,1,0,0,0,1,0,0,0
1.2253098172629415,1.1369110213456877,0.24660183442076997,1,0,1,0,0,0,1,0,0,0
1.2253098172629415,-0.39913073022341305,-0.9359672527293578,0,1,1,0,0,0,1,0,0,0
2.209035178067196,1.3551019957893458,-0.08440678526693376,0,0,1,0,0,0,0,0,0,0
0.07763022965797768,1.085816864277355,1.3454916458351855,0,0,1,0,1,0,0,0,0,0
-0.742140904345568,0.25184667835090085,1.8583748800215907,0,0,1,0,0,0,1,0,0,0
2.0450809512664874,0.41837578286991145,-0.5837131701200269,0,0,1,0,0,0,1,0,0,0
1.0613555904622325,1.177218634144039,0.3869874029559883,0,0,1,0,1,0,0,0,0,0
0.7334471368608142,0.9259678477009818,0.4173160334547769,0,0,1,0,0,0,1,0,0,0
1.717172497665069,1.8373172959431443,0.4476587677650327,0,1,1,0,0,0,1,0,0,0
1.0613555904622325,0.2744227262703531,-0.34894286824829646,0,0,1,0,0,0,1,0,0,0
0.07763022965797768,0.060243589344652945,0.05346932432609585,0,0,1,1,0,0,1,0,0,0
-0.25027822394344057,0.14479495741180512,0.5469571910880981,1,0,1,0,0,0,1,0,0,0
-0.9060951311462772,0.14087773870323295,2.2387667223014356,1,0,1,0,0,0,1,0,0,0
-0.742140904345568,0.5035327113171327,2.4396796302654016,0,0,1,0,0,0,1,0,0,0
1.0613555904622325,2.130976232752918,1.1644600100932208,1,0,1,1,0,0,1,0,0,0
-0.9060951311462772,-0.7880329605609342,-0.33577519726709926,1,0,0,0,0,1,0,0,0,0
0.2415844564586868,-0.25228233805664924,-0.44367934519205576,0,1,1,1,0,0,1,0,0,0
-0.9060951311462772,-0.6638930826467627,0.008287283478710971,1,0,0,0,0,0,0,1,0,0
-0.742140904345568,-0.8842413659444172,-0.7655823140300755,0,0,1,0,0,0,1,0,0,0
-0.742140904345568,-0.7188666108999133,-0.38362575670822147,1,0,0,0,0,0,1,0,0,0
0.569492910060105,0.23860004503688867,-0.12030906575997243,0,0,1,1,0,0,1,0,0,0
-0.5781866775448589,0.012934184651752223,0.8940084066042273,0,0,0,0,0,0,1,0,0,0
0.40553868325939596,0.03043866438812549,-0.2298170249895756,0,0,1,0,0,0,1,0,0,0
-1.2340035847476953,-1.2327224409123239,-1.559522222915701,0,0,0,0,0,1,0,0,0,0
-0.4142324507441497,0.38052825911559085,1.2213435465777158,0,0,1,1,0,0,1,0,0,0
0.569492910060105,1.504599714618912,1.1328366203187898,0,0,1,0,0,0,1,0,0,0
-0.25027822394344057,-0.4842876586706344,-0.42168009273921964,1,0,1,0,0,0,1,0,0,0
-1.0700493579469863,-1.0595700197363072,-0.9651053354483459,0,0,1,0,0,1,0,0,0,0
1.2253098172629415,0.036172564236905055,-0.6008355943369174,0,0,1,0,0,0,1,0,0,0
-1.2340035847476953,-0.9870541642230289,-0.4247104533419944,0,0,1,0,0,1,0,0,0,0
1.3892640440636508,-0.007408859366195088,-0.6842295538703115,0,0,1,1,0,0,1,0,0,0
-0.742140904345568,0.1099184642721987,1.5305714494329759,0,0,1,0,0,0,1,0,0,0
-0.9060951311462772,-1.1564029092617363,-1.3567386500411758,1,0,1,0,0,0,1,0,0,0
1.3892640440636508,-0.3858840969094009,-0.9602745480501979,0,1,1,0,0,0,1,0,0,0
-0.4142324507441497,-0.5997226061213121,-0.4766782238713096,0,0,1,1,1,0,0,0,0,0
-0.5781866775448589,-0.608919554393612,-0.33707142568976967,1,0,1,0,0,0,0,0,0,1
-0.742140904345568,-0.7623155681698733,-0.48397731359241597,1,0,0,0,0,0,1,0,0,0
-0.742140904345568,-0.5325810989811475,0.046627172720355325,0,0,1,0,0,0,0,1,0,0
0.2415844564586868,-0.19664647813779798,-0.3794298727966872,0,1,1,0,0,0,1,0,0,0
-1.0700493579469863,-0.29391461418640186,1.6874800248747264,1,0,1,1,0,0,1,0,0,0
0.7334471368608142,0.6696833405986,0.18054580089682423,1,0,1,1,0,0,1,0,0,0
-1.0700493579469863,-0.7365792520169354,0.15388445520895014,0,0,1,1,0,0,1,0,0,0
1.3892640440636508,0.9955505201233003,0.047289680706386956,0,0,1,0,0,0,1,0,0,0
0.40553868325939596,-0.18339984482378577,-0.45776648749119714,1,0,1,0,0,0,1,0,0,0
1.2253098172629415,1.9795861377356354,0.8953612461590379,1,0,1,0,0,0,1,0,0,0
-0.25027822394344057,-0.5301777812227481,-0.4923399433327657,1,0,1,0,0,0,1,0,0,0
0.2415844564586868,0.40546977726968814,0.3159067641678828,1,0,1,0,0,0,0,0,0,0
0.07763022965797768,0.6927703300887357,0.850329663775147,0,1,1,1,0,0,1,0,0,0
-0.742140904345568,-0.34525478015913774,0.4792839939732485,0,0,1,0,0,0,1,0,0,0
-1.2340035847476953,-1.181628283843991,-1.3235037528918983,0,0,1,0,0,0,1,0,0,0
-0.08632399714273145,0.10613371189676665,0.280547700788391,1,0,1,0,0,0,1,0,0,0
-1.0700493579469863,-0.8905240548876343,-0.37945172635872637,0,0,0,0,0,0,1,0,0,0
0.8974013636615233,0.787389139474537,0.17237256869414802,0,0,1,0,0,0,1,0,0,0
1.717172497665069,0.389990140054171,-0.5074293075979558,0,0,1,0,0,0,1,0,0,0
-0.25027822394344057,0.22535341172287648,0.67099800922283,1,0,1,0,0,0,1,0,0,0
-0.25027822394344057,-0.8557232567955365,-0.993602380347516,0,0,1,0,0,0,1,0,0,0
0.569492910060105,-0.40480785878656117,-0.7571843023321387,1,0,1,1,0,0,1,0,0,0
0.07763022965797768,2.15368474700551,2.6907969249708614,0,0,1,1,0,0,1,0,0,0
-0.08632399714273145,-0.4852338467644924,-0.5389608756831464,1,0,1,0,0,0,0,1,0,0
-0.742140904345568,-0.3844458910067367,0.38876654000671246,1,0,0,0,0,0,1,0,0,0
-0.9060951311462772,-0.5067690877807008,0.443767584947074,0,0,0,0,0,0,1,0,0,0
-1.2340035847476953,-1.0671395244871713,-0.7946475515422661,0,0,1,0,0,0,1,0,0,0
0.40553868325939596,0.23167394818984802,-0.01530246001238597,0,0,0,0,0,0,1,0,0,0
-0.5781866775448589,0.5981515207029342,2.052559388427418,0,0,1,1,0,0,0,0,0,0
0.07763022965797768,0.063555247673156,0.05764136798813279,1,1,1,0,0,0,1,0,0,0
-0.08632399714273145,-0.24632135306534375,-0.2078794107886453,1,0,1,1,0,0,1,0,0,0
0.7334471368608142,0.5135623051120277,0.036312291437833655,0,0,1,1,1,0,0,0,0,0
-1.0700493579469863,-0.8867393025122022,-0.3663395891351818,0,0,1,0,0,0,1,0,0,0
0.07763022965797768,0.4278376638084916,0.5165661708121937,1,0,1,0,1,0,0,0,0,0
0.569492910060105,0.7684653775973768,0.40417642318181146,0,1,1,0,0,0,1,0,0,0
-0.742140904345568,0.07750206017662313,1.455701145886536,0,0,1,0,0,0,1,0,0,0
-0.4142324507441497,0.97662675824614,2.253924352931853,1,0,1,0,0,0,1,0,0,0
0.569492910060105,-0.07458821403011412,-0.43031745297377677,1,0,1,0,0,0,1,0,0,0
-0.4142324507441497,-0.8779019057155684,-0.9585492668365735,0,0,1,0,0,0,1,0,0,0
1.2253098172629415,2.3641359028414097,1.1914187356253152,0,0,1,0,0,0,0,0,0,0
-1.2340035847476953,-1.2078755415676123,-1.4447473150856072,0,0,1,0,0,0,0,1,0,0
1.3892640440636508,0.4732546923136763,-0.3336524112618561,1,0,1,0,0,0,1,0,0,0
-0.4142324507441497,-0.6318930013124846,-0.5324048070713742,1,0,1,0,0,0,1,0,0,0
0.8974013636615233,0.4136448424006213,-0.15133331901210922,0,1,1,0,0,0,1,0,0,0
-1.0700493579469863,-0.9214265580330371,-0.486512326788968,0,0,1,0,0,0,1,0,0,0
-0.4142324507441497,-1.165334924867756,-1.4564498975576208,1,0,1,0,0,0,1,0,0,0
-0.4142324507441497,-0.2534177637692788,0.12320205410585577,0,0,1,0,0,0,0,0,0,0
-0.9060951311462772,-1.116341305367788,-1.2457050720322003,0,0,1,0,0,0,1,0,0,0
2.0450809512664874,2.339137613401681,0.5735754630884745,0,0,1,1,0,0,1,0,0,0
1.5532182708643598,2.887926707839329,1.2770701297777804,0,0,1,0,0,0,1,0,0,0
-0.25027822394344057,0.24806192597546883,0.7059637084856157,1,0,1,1,0,0,1,0,0,0
-1.2340035847476953,-1.2287673746799974,-1.5412526450508954,0,0,0,0,0,0,1,0,0,0
0.569492910060105,0.711694091965896,0.34798154936662024,1,0,1,0,0,0,1,0,0,0
1.0613555904622325,0.1420888594633712,-0.45681719248858765,1,0,1,0,0,0,1,0,0,0
-0.08632399714273145,-0.7643593344526066,-0.925768923777712,0,0,1,0,1,0,0,0,0,0
-0.9060951311462772,-0.3961596996086989,0.7503293532335467,0,0,0,0,0,0,1,0,0,0
-1.0700493579469863,-1.2071753623781574,-1.4764786871665851,1,0,1,0,0,0,0,1,0,0
1.5532182708643598,0.41837578286991145,-0.4340637778947896,1,0,1,1,0,0,1,0,0,0
-0.4142324507441497,-0.46157914441804204,-0.23738171954162066,1,0,1,0,0,0,1,0,0,0
-0.25027822394344057,0.29537133066836957,0.7788089152830857,0,0,1,0,0,0,1,0,0,0
1.717172497665069,3.639200054362593,1.6367173221950035,1,1,1,0,0,0,1,0,0,0
-0.9060951311462772,-0.9595768619773922,-0.8112212929928264,0,0,0,0,0,0,1,0,0,0
-1.0700493579469863,-1.2011386823393433,-1.4555648282950315,1,0,0,0,0,0,1,0,0,0
-0.08632399714273145,0.21697018521129446,0.4341432762249923,0,1,1,1,0,0,1,0,0,0
-0.4142324507441497,-0.6725790893483793,-0.6028825446479263,1,0,1,0,0,0,1,0,0,0
1.717172497665069,1.1232291415085007,-0.02356646854968683,1,0,1,0,0,0,1,0,0,0
-1.0700493579469863,-0.8211306200840875,-0.1390406903650362,0,1,1,0,0,0,1,0,0,0
-0.742140904345568,-0.8116687391455074,-0.5979654931890971,1,0,1,0,0,0,1,0,0,0
1.2253098172629415,-0.07184426855792587,-0.6839956824169092,0,0,1,0,0,0,1,0,0,0
0.2415844564586868,-0.2893729113358834,-0.486512326788968,1,0,1,0,0,0,1,0,0,0
1.2253098172629415,2.4716039465418027,1.2741563215058815,1,0,1,0,0,0,1,0,0,0
-0.25027822394344057,-0.06418014499767595,0.2251853436223137,0,0,1,0,0,0,1,0,0,0
-0.25027822394344057,-0.46914864916890614,-0.3983696265640293,1,0,1,0,0,0,1,0,0,0
-0.5781866775448589,1.109093091386262,3.0640671171008584,0,0,1,0,1,0,0,0,0,0
-0.9060951311462772,-0.57574619982295,0.25259262422779377,1,0,1,1,0,0,0,1,0,0
2.700897858469324,0.9463865867664378,-0.46051144430939117,0,0,1,0,1,0,0,0,0,0
-0.4142324507441497,0.0574050250630789,0.6616191888476558,0,0,1,1,0,0,1,0,0,0
1.3892640440636508,-1.1266358318289633,-1.5005498106590713,1,1,1,0,0,0,1,0,0,0
1.5532182708643598,0.5844317933419929,-0.31900477375818576,1,1,1,1,0,0,1,0,0,0
-0.742140904345568,-0.8123121470493309,-0.5994515354077654,1,0,1,0,0,0,1,0,0,0
1.5532182708643598,-1.048215762610011,-1.450254412719496,1,0,1,0,0,0,1,0,0,0
0.569492910060105,0.2196762831597284,-0.1390406903650362,1,0,1,0,0,0,1,0,0,0
-0.5781866775448589,-1.0103682388556905,-1.131816794433413,1,0,1,0,0,0,1,0,0,0
-0.4142324507441497,0.1742592546545437,0.8640378072361256,0,0,1,0,0,0,1,0,0,0
-0.25027822394344057,0.2789833528827487,0.7535753356484419,0,0,1,0,1,0,0,0,0,0
0.569492910060105,0.40189318627490483,0.0413261229571224,1,0,1,0,0,0,1,0,0,0
0.569492910060105,0.5915849753315595,0.22909192799828104,0,0,1,1,0,0,1,0,0,0
-0.742140904345568,0.4278376638084916,2.264851133951473,1,0,1,0,0,1,0,0,0,0
0.07763022965797768,0.011514902510965201,-0.007919318129590198,0,0,1,1,0,0,0,1,0,0
-0.742140904345568,-0.652709139377361,-0.23082565092984836,0,0,1,0,0,0,1,0,0,0
0.7334471368608142,1.9795861377356354,1.3907086523818337,0,0,1,1,0,0,1,0,0,0
1.0613555904622325,-0.5751217156810038,-1.0414642522207527,1,0,1,0,0,0,1,0,0,0
-0.5781866775448589,-1.0884476803608538,-1.2863901606743986,1,0,0,0,0,1,0,0,0,0
1.881126724465778,3.1046037813328144,1.1536968386289743,0,0,1,0,0,0,1,0,0,0
-0.08632399714273145,0.6359990444572547,1.0148273853068885,0,0,1,1,0,0,1,0,0,0
-0.5781866775448589,-0.5656598347424237,-0.2514304379954184,0,0,1,0,0,0,1,0,0,0
-1.2340035847476953,-1.1664514268185084,-1.253397525870013,0,0,1,0,0,0,1,0,0,0
-0.4142324507441497,-0.38418095834045646,-0.10331011643087715,1,0,1,1,0,0,0,0,0,1
-0.08632399714273145,-0.8955199280232047,-1.1075293699704873,1,0,1,0,0,0,1,0,0,0
1.5532182708643598,-0.7188098396142818,-1.222011440069255,0,1,1,0,0,0,1,0,0,0
-1.2340035847476953,-0.9441350722856294,-0.22645493852200008,0,0,1,1,0,0,1,0,0,0
-0.4142324507441497,-0.48807241104606647,-0.28327419982402674,1,0,1,0,0,0,1,0,0,0
1.0613555904622325,-0.8968256675927287,-1.3037069966916446,0,1,1,0,0,0,1,0,0,0
0.07763022965797768,-0.05282588787137978,-0.08897616642059314,1,0,1,0,0,0,1,0,0,0
-0.742140904345568,-0.9960240273528029,-1.0237602959616687,1,0,1,0,0,0,1,0,0,0
0.8974013636615233,0.16290499752824752,-0.36850309177706664,0,1,1,0,0,0,1,0,0,0
-0.4142324507441497,-0.32911281127792,-0.007919318129590198,1,0,1,0,0,0,1,0,0,0
0.07763022965797768,-0.7454355725754463,-0.9615292980237428,1,0,1,0,0,1,0,0,0,0
-0.08632399714273145,-0.3453115514447692,-0.345058590421369,0,1,1,0,0,0,1,0,0,0
-0.5781866775448589,-1.0650389869188066,-1.2400481214014711,0,0,0,0,0,0,1,0,0,0
-0.25027822394344057,-0.040525442651225596,0.26160794702104867,0,0,1,0,0,0,1,0,0,0
-0.5781866775448589,-0.800636185971123,-0.7166116034375707,1,0,1,0,0,0,1,0,0,0
1.717172497665069,0.963758600169671,-0.12880073558093463,0,0,1,1,0,0,1,0,0,0
-0.5781866775448589,-0.7955835415499212,-0.7066089158984666,1,0,1,0,0,0,0,1,0,0
-1.2340035847476953,-0.9308884389716172,-0.16526496481212538,0,0,1,0,0,0,1,0,0,0
1.881126724465778,2.012702721020666,0.4659056406303169,0,0,1,1,1,0,0,0,0,0
-0.08632399714273145,-0.011193611741627146,0.11795719921643794,1,0,1,0,0,0,1,0,0,0
1.2253098172629415,1.5821871383152692,0.5894113776096636,1,0,1,0,0,0,1,0,0,0
-0.25027822394344057,0.6824190323419289,1.3747701211345469,1,0,1,1,0,0,1,0,0,0
-0.08632399714273145,-0.026332621243355378,0.09697777965876658,0,0,1,0,0,0,1,0,0,0
-1.0700493579469863,-1.0879556625520477,-1.0634463646249304,1,0,1,0,0,1,0,0,0,0
-0.4142324507441497,-0.1720455876974896,0.2641575292589602,0,0,1,0,0,0,1,0,0,0
-0.742140904345568,-1.054460604029474,-1.158727895116021,1,0,1,0,0,0,1,0,0,0
-0.4142324507441497,0.1458925356006804,0.8149000729908922,0,0,1,0,0,0,1,0,0,0
0.7334471368608142,0.011514902510965201,-0.42750770928301735,1,0,0,0,0,0,1,0,0,0
2.209035178067196,1.0239361629390407,-0.27562545311029235,1,1,1,1,0,0,1,0,0,0
-0.25027822394344057,-0.5968840418397381,-0.5950516849171983,0,0,1,0,0,0,1,0,0,0
-0.25027822394344057,0.12505747377392692,0.5165661708121937,0,0,1,1,0,0,1,0,0,0
-0.9060951311462772,-0.2117854876395262,1.2613355651095268,0,0,1,0,0,0,1,0,0,0
2.0450809512664874,0.16290499752824752,-0.7376382592659853,0,1,1,0,0,0,1,0,0,0
-0.4142324507441497,-0.1379828163186011,0.3231621467649109,0,0,1,0,0,0,1,0,0,0
1.881126724465778,1.6369903527115255,0.22924348387008545,1,0,1,0,0,0,1,0,0,0
-0.742140904345568,-0.8412465789595089,-0.6662797281237645,1,0,0,0,0,0,1,0,0,0
-0.08632399714273145,0.48460894943997246,0.8050331897301749,1,0,1,0,0,1,0,0,0,0
2.8648520852700328,1.7903485189640325,-0.08284581654984494,0,0,1,1,0,0,1,0,0,0
-0.5781866775448589,0.6538063043836626,2.1627388043544027,0,0,1,0,0,0,1,0,0,0
0.569492910060105,0.9103935916760789,0.5446636077197892,0,0,1,0,0,0,1,0,0,0
-0.4142324507441497,-0.0782215763105289,0.4266824701447955,1,0,1,0,0,0,1,0,0,0
-1.2340035847476953,-1.123040317072303,-1.0528692405979378,1,0,0,0,0,0,0,1,0,0
0.40553868325939596,0.45035694044231234,0.21781116730343134,0,0,1,1,0,0,1,0,0,0
-0.25027822394344057,-0.24804341539616534,-0.057920268075373676,1,0,1,1,0,0,1,0,0,0
-0.25027822394344057,0.16290499752824752,0.5748423362501698,0,0,1,0,0,0,1,0,0,0
0.2415844564586868,0.37388601869670757,0.27943316912438965,0,0,0,0,0,0,1,0,0,0
-0.08632399714273145,0.6908779539010196,1.0908777812034471,0,0,1,0,0,0,1,0,0,0
-1.0700493579469863,-0.650816763189645,0.4510054846944707,0,0,1,0,0,1,0,0,0,0
0.07763022965797768,-0.3480365731550803,-0.4608840585793126,1,0,1,0,0,0,1,0,0,0
2.209035178067196,-0.4784212924887147,-1.1431025982579637,0,0,1,0,0,0,1,0,0,0
-0.4142324507441497,-0.7339110015922558,-0.7091236365016964,1,0,0,0,0,1,0,0,0,0
-0.742140904345568,-0.476566763824753,0.17600025999266194,0,0,1,1,0,0,1,0,0,0
-1.0700493579469863,-1.096376736587384,-1.092620869947317,0,0,0,0,0,0,1,0,0,0
1.2253098172629415,0.5413802350714533,-0.21188589716250605,0,1,1,0,0,0,1,0,0,0
-0.742140904345568,-0.29317658747319264,0.599565999437231,0,0,1,1,0,0,1,0,0,0
-1.0700493579469863,-0.9933368531662462,-0.7356429340363154,1,0,1,0,0,0,1,0,0,0
1.5532182708643598,-0.08310390687483625,-0.7815354143187214,1,1,1,0,0,0,1,0,0,0
-0.4142324507441497,-0.9271036865961851,-1.0437781587896133,1,0,1,0,0,0,1,0,0,0
0.40553868325939596,2.7150392193295927,2.631937182827241,1,0,1,1,0,0,1,0,0,0
-0.742140904345568,-0.918587993751463,-0.8449107442325203,0,0,1,1,0,0,1,0,0,0
-0.25027822394344057,1.298330710157865,2.323127299389449,0,0,1,0,0,0,1,0,0,0
0.2415844564586868,1.6814801168847293,1.7894705989118638,1,0,1,1,0,0,1,0,0,0
0.40553868325939596,0.8820079488603385,0.6779463212558196,1,0,1,0,0,0,1,0,0,0
-0.08632399714273145,-0.36503011132077023,-0.3723842843952359,1,0,1,0,0,0,1,0,0,0
0.7334471368608142,1.2226167388873466,0.6913771842764904,1,1,1,0,0,0,1,0,0,0
-1.0700493579469863,-0.6590485996062097,0.42248658623326124,0,0,1,0,0,0,0,1,0,0
-0.25027822394344057,-0.6659557726913732,-0.7014056868415045,1,0,1,0,0,0,1,0,0,0
-0.9060951311462772,0.10552815151669752,2.14079283296711,0,0,1,0,0,0,1,0,0,0
2.8648520852700328,1.298330710157865,-0.32635693641567337,0,0,1,0,0,0,1,0,0,0
-1.0700493579469863,-1.0555581822183493,-0.9512064699913886,1,0,0,0,0,0,1,0,0,0
-1.0700493579469863,-0.2534177637692788,1.8277798931666536,0,0,1,0,0,0,0,1,0,0
0.7334471368608142,0.7495416157202165,0.2543234263413018,1,1,1,1,0,0,1,0,0,0
-0.742140904345568,-0.8173458677086555,-0.6110776304126417,0,0,1,0,0,0,1,0,0,0
-0.742140904345568,-0.7365414044931811,-0.4244482105975235,0,0,1,0,0,0,1,0,0,0
2.3729894048679054,1.6011109001924295,-0.007919318129590198,1,0,1,1,0,0,1,0,0,0
-0.9060951311462772,-0.783283096329767,-0.3226106114946605,0,0,1,0,0,0,0,1,0,0
1.717172497665069,-1.0797805974211143,-1.4773278541486814,1,0,1,0,0,0,1,0,0,0
0.7334471368608142,0.6738465682115753,0.1843920278157305,0,1,1,0,0,0,1,0,0,0
-0.4142324507441497,0.5186717208188609,1.4606400509074047,0,0,1,0,0,0,1,0,0,0
-1.2340035847476953,-1.135094753388054,-1.1085521166739238,1,0,1,0,0,0,1,0,0,0
1.5532182708643598,-0.0672079468980216,-0.7705212190509441,1,0,1,0,0,0,1,0,0,0
-0.742140904345568,-1.1192555646968707,-1.3083810879607434,1,0,1,0,0,0,1,0,0,0
0.07763022965797768,0.9387792344918194,1.1602529072407466,0,0,1,0,0,0,1,0,0,0
-0.25027822394344057,0.13830410708793914,0.5369628287154852,1,0,1,0,0,0,1,0,0,0
0.2415844564586868,0.23860004503688867,0.12320205410585577,1,0,1,0,0,0,1,0,0,0
0.2415844564586868,-0.10742094088698721,-0.27639032778166583,1,0,1,1,0,0,1,0,0,0
1.2253098172629415,0.2338691045675986,-0.44863281925428367,1,0,1,0,0,0,1,0,0,0
-1.2340035847476953,-1.18210137789092,-1.3256891090958223,1,0,1,0,0,0,1,0,0,0
-1.2340035847476953,-1.2308300647246078,-1.5507807981000044,0,0,1,0,0,0,1,0,0,0
-0.4142324507441497,-0.8105711609566321,-0.8419168062331444,1,0,1,0,0,0,1,0,0,0
-1.0700493579469863,-1.0292920007328508,-0.8602082376599891,1,0,1,1,0,0,1,0,0,0
0.40553868325939596,0.46568518756281213,0.23415090753584847,1,0,1,0,0,0,1,0,0,0
-1.0700493579469863,-0.8707865712497561,-0.3110719307379413,0,0,1,0,0,0,1,0,0,0
0.07763022965797768,0.6270481050893579,0.7675324772708373,1,0,0,0,0,0,1,0,0,0
-1.0700493579469863,-1.0866688467444008,-1.058988237968925,1,0,1,0,0,0,0,1,0,0
-0.4142324507441497,0.0009365196216325995,0.5638026451600131,0,0,1,0,0,0,1,0,0,0
-0.5781866775448589,-0.8471886401889372,-0.808771196494484,1,0,1,0,0,0,1,0,0,0
0.2415844564586868,-0.6035073584967442,-0.8492814566403686,1,0,1,0,0,0,1,0,0,0
1.5532182708643598,0.46543917865840906,-0.4014538926198341,0,0,1,0,0,0,1,0,0,0
-0.5781866775448589,-0.4308091076057794,0.015532675875949602,0,0,1,0,0,0,1,0,0,0
-0.9060951311462772,-0.964156412351665,-0.8239138418252175,0,0,1,0,0,0,1,0,0,0
0.07763022965797768,0.5792277588257739,0.7072881667910244,0,0,1,0,0,0,1,0,0,0
-0.08632399714273145,0.34945544211329366,0.6177394216290636,0,0,1,1,0,0,1,0,0,0
-1.2340035847476953,-1.2199867491689949,-1.500692433906064,0,0,0,0,0,0,1,0,0,0
0.7334471368608142,1.033398043877621,0.5165661708121937,0,0,1,0,0,0,1,0,0,0
-0.25027822394344057,0.3388581354620839,0.8457682293713202,1,0,1,0,0,0,1,0,0,0
-0.4142324507441497,0.16574356180982155,0.8492866528596379,1,0,1,0,0,0,1,0,0,0
-0.742140904345568,-0.5696527484985044,-0.0389950833493909,0,0,0,0,0,0,1,0,0,0
0.07763022965797768,1.6730211953256386,2.0852545877380746,0,0,1,1,1,0,0,0,0,0
-0.742140904345568,-0.17304854707697911,0.8770188230874347,0,0,1,0,0,0,1,0,0,0
-0.4142324507441497,0.026086199156378623,0.6073677210852401,0,0,0,0,1,0,0,0,0,0
-0.9060951311462772,-0.5871383044730005,0.22101859779349847,0,0,1,1,0,0,1,0,0,0
0.40553868325939596,0.8630841869831782,0.6577738024503664,1,0,1,0,0,0,1,0,0,0
-0.25027822394344057,0.7280820697515167,1.445080314735465,1,0,1,1,0,0,1,0,0,0
0.7334471368608142,0.8630841869831782,0.35922052412965855,0,0,1,0,0,0,1,0,0,0
0.569492910060105,-0.01594347597279438,-0.3722681483226845,1,0,1,0,0,0,1,0,0,0
-0.08632399714273145,0.39472108052346105,0.6804678861065012,0,0,1,0,0,0,1,0,0,0
0.07763022965797768,1.4213351623594068,1.7681792694232688,0,0,1,1,0,0,1,0,0,0
0.2415844564586868,1.0950138125496547,1.1122068577537465,1,0,1,0,0,0,1,0,0,0
0.2415844564586868,0.8854142259982274,0.8701568046071132,0,0,0,0,0,0,0,1,0,0
1.5532182708643598,2.887926707839329,1.2770701297777804,0,1,1,1,0,0,1,0,0,0
-0.9060951311462772,-0.06656453899419815,1.6638257293234517,0,0,1,0,0,0,1,0,0,0
1.3892640440636508,-0.6916163937968025,-1.1832636943487098,1,1,0,0,0,0,1,0,0,0
-0.742140904345568,-0.5183504300495229,0.0794949300273737,0,0,1,0,0,0,1,0,0,0
0.2415844564586868,0.5678735016994777,0.5034540335886492,1,0,0,0,0,0,1,0,0,0
0.07763022965797768,1.4686445670523074,1.8277798931666536,0,0,1,0,0,0,1,0,0,0
-0.742140904345568,-0.6505329067614876,-0.22579933166082286,0,0,1,0,0,0,1,0,0,0
-0.9060951311462772,-0.8160212043772542,-0.41334660108158916,0,0,0,0,0,0,1,0,0,0
-0.9060951311462772,-0.960371659976233,-0.8134241320463819,1,0,1,0,0,1,0,0,0,0
0.8974013636615233,1.0335872814963925,0.38560870029204203,0,0,1,1,0,0,1,0,0,0
-0.5781866775448589,-0.4388706301654497,-0.0004266682875647482,1,0,1,0,0,0,1,0,0,0
1.3892640440636508,-0.6978612352162654,-1.187818436752678,0,0,1,0,0,0,1,0,0,0
2.209035178067196,3.383729269020929,1.0869441400363837,0,0,1,1,0,0,1,0,0,0
0.2415844564586868,0.26916192046850257,0.15849555679922991,0,0,1,0,0,0,1,0,0,0
0.569492910060105,2.433756422787482,2.052559388427418,0,0,1,1,0,0,1,0,0,0
-1.0700493579469863,-0.9889276166488679,-0.720367294170886,1,0,0,0,0,0,0,1,0,0
0.40553868325939596,6.426670178868303,6.588494331253615,0,0,1,0,0,0,1,0,0,0
0.07763022965797768,0.22913816409830853,0.26624355108997855,0,0,1,0,0,0,0,0,0,0
0.7334471368608142,0.5073742349781962,0.030595399608368164,1,0,1,0,0,0,1,0,0,0
-0.742140904345568,-0.8185191409450394,-0.6137874721055077,0,0,0,0,0,0,1,0,0,0
0.2415844564586868,-0.01687074030477523,-0.17182103342389768,1,0,0,0,0,0,1,0,0,0
-0.742140904345568,-0.6318930013124846,-0.18274781444351826,0,0,1,0,0,0,0,0,0,0
-0.9060951311462772,-0.984934702892787,-0.8815023485110255,1,0,1,1,0,1,0,0,0,0
0.07763022965797768,-0.4634715206057581,-0.606309580513171,1,0,1,0,0,0,1,0,0,0
-0.25027822394344057,-0.11338192587829271,0.14942632855294496,1,0,1,1,0,0,1,0,0,0
-0.9060951311462772,-0.9469736365672035,-0.7762905594293036,1,0,1,0,0,0,1,0,0,0
-0.5781866775448589,-0.2534177637692788,0.366713173971684,0,0,1,1,0,0,1,0,0,0
1.2253098172629415,1.4399750678084096,0.4799250317930662,0,0,1,1,0,0,1,0,0,0
0.40553868325939596,1.298330710157865,1.1217417349757908,1,0,1,1,0,0,1,0,0,0
0.2415844564586868,0.10045658333361857,-0.036328948780603415,0,0,1,0,0,0,1,0,0,0
1.717172497665069,-0.5053687294017909,-1.0982746986406122,1,0,1,0,0,0,1,0,0,0
-0.4142324507441497,-0.7041439241594827,-0.6575601568701073,1,0,1,1,0,0,1,0,0,0
-0.25027822394344057,-0.1587989543834774,0.0794949300273737,1,0,1,1,0,0,1,0,0,0
-1.0700493579469863,-1.0402867063834809,-0.8982989962943861,0,0,0,1,0,0,1,0,0,0
-0.4142324507441497,-0.9346353438232949,-1.0568247353270404,1,0,1,0,0,0,1,0,0,0
-0.9060951311462772,-1.1598659576852568,-1.3663367344888104,0,0,1,0,0,0,1,0,0,0
-1.0700493579469863,-0.9899494997902345,-0.7239075712212429,1,0,1,0,0,1,0,0,0,0
-1.0700493579469863,-1.2354663863845121,-1.574491912912581,1,0,1,0,0,0,0,0,0,0
2.5369436316686147,3.398868278522657,0.8897577687130787,0,0,1,1,0,0,1,0,0,0
-0.08632399714273145,-0.3858840969094009,-0.40128343483592815,0,0,1,0,0,0,1,0,0,0
-0.4142324507441497,-0.650816763189645,-0.5651851501302356,1,0,1,0,0,0,1,0,0,0
0.40553868325939596,-1.1814768937489737,-1.5217054743284113,1,0,1,0,0,0,1,0,0,0
-0.25027822394344057,0.6614704279439125,1.3425142635646272,1,0,1,0,0,1,0,0,0,0
-0.08632399714273145,-0.014978364117059204,0.1127123443270201,1,0,1,0,0,0,1,0,0,0
1.0613555904622325,0.30155940080220095,-0.32682192144998723,0,0,1,0,0,0,1,0,0,0
0.2415844564586868,0.2840170735420734,0.17565060300003418,1,0,1,1,0,0,1,0,0,0
-1.2340035847476953,-1.2239418154013215,-1.5189620117708698,1,0,1,0,0,0,1,0,0,0
0.07763022965797768,-0.26666439708329104,-0.3583709857406912,0,1,1,0,0,0,1,0,0,0
-0.08632399714273145,0.6170752825800945,0.9886031108597992,0,0,1,1,0,0,1,0,0,0
0.2415844564586868,0.09879129228842845,-0.03825206224005678,1,0,1,0,0,0,1,0,0,0
-0.25027822394344057,-0.45117107538560386,-0.37068844798099065,1,0,1,0,0,0,0,0,0,1
-0.08632399714273145,-0.11622049015986675,-0.027587523964907094,0,0,1,0,0,0,1,0,0,0
0.40553868325939596,-0.026332621243355378,-0.29033458140593543,1,0,1,1,0,0,1,0,0,0
-1.0700493579469863,-0.9725207151013698,-0.6635261793068201,0,0,1,0,0,0,1,0,0,0
-0.25027822394344057,0.15060455230809333,0.5559025824828275,0,0,1,0,0,0,1,0,0,0
-1.0700493579469863,-0.889540019270022,-0.37604257068060476,0,0,1,0,0,0,1,0,0,0
0.7334471368608142,2.3202138515245205,1.705399945746904,0,0,1,1,0,0,1,0,0,0
0.07763022965797768,-0.46157914441804204,-0.6039255555634355,1,0,1,0,0,0,1,0,0,0
1.3892640440636508,-0.2818034065850193,-0.8843621746507291,1,1,1,0,0,0,1,0,0,0
-0.4142324507441497,-0.5406047740170634,-0.37427243215542627,0,0,1,0,0,0,1,0,0,0
-0.5781866775448589,-0.703595135065045,-0.5245000614880372,1,0,1,1,0,0,1,0,0,0
0.2415844564586868,-0.308334520736798,-0.5084095959522875,1,0,1,1,0,0,1,0,0,0
-0.4142324507441497,0.04273910960827968,0.6362144229770381,0,0,1,0,0,0,1,0,0,0
1.3892640440636508,1.2850840768438527,0.25846410125400016,0,0,1,0,0,0,1,0,0,0
-0.9060951311462772,-0.29915649622637525,1.0191806148651052,0,0,0,0,0,0,1,0,0,0
-0.08632399714273145,0.2196762831597284,0.4378933474709261,1,0,1,1,0,0,1,0,0,0
-1.0700493579469863,-0.9555650244594343,-0.6047838045453403,0,0,0,0,0,0,1,0,0,0
-1.2340035847476953,-1.2162587680791943,-1.4834718270191423,1,0,1,0,0,0,1,0,0,0
0.7334471368608142,0.3325186752332352,-0.1309461309857013,0,0,1,0,0,0,0,1,0,0
0.40553868325939596,1.8269281506725832,1.6852207027685155,0,0,1,0,0,0,0,1,0,0
-0.9060951311462772,-0.9062875485313089,-0.6635261793068201,1,0,1,0,0,1,0,0,0,0
-0.4142324507441497,0.03233104057584152,0.6181852342946643,1,0,1,1,0,0,1,0,0,0
-0.08632399714273145,0.41360699487686703,0.706639712004696,0,0,1,0,0,0,1,0,0,0
-0.742140904345568,-0.5751217156810038,-0.05162644220807227,0,0,1,0,0,0,1,0,0,0
1.717172497665069,1.4704423244306377,0.20555876361945263,0,0,1,0,0,0,1,0,0,0
-0.5781866775448589,-0.5561979538038435,-0.23269881339035467,1,0,1,0,0,0,1,0,0,0
-0.08632399714273145,2.2634425658930395,3.270114987756559,1,0,1,1,0,0,1,0,0,0
0.07763022965797768,0.38556197977491546,0.4633070534351053,1,0,1,0,0,0,1,0,0,0
0.8974013636615233,0.6303219158941067,0.03633414499987282,0,0,1,0,0,0,1,0,0,0
1.5532182708643598,1.370714099338003,0.22580452788009225,1,0,1,0,0,0,1,0,0,0
-0.08632399714273145,-0.43270148379349543,-0.4661622898180267,1,0,1,0,0,0,1,0,0,0
-0.9060951311462772,-0.8952549953569244,-0.6329486753015141,0,0,1,0,0,0,1,0,0,0
-0.742140904345568,-0.7811257874757707,-0.5274221949264272,1,0,0,1,0,0,1,0,0,0
-1.2340035847476953,-1.0766014054257516,-0.8383546756207481,1,0,1,0,0,0,0,1,0,0
-0.9060951311462772,-0.4464401349163138,0.6109735588217148,0,0,1,0,0,0,0,0,0,0
-0.4142324507441497,-0.6924490393193976,-0.6373019048597309,0,1,0,0,0,0,1,0,0,0
1.717172497665069,0.5792277588257739,-0.3825518102308644,0,0,1,1,0,0,1,0,0,0
-0.08632399714273145,0.05625067558857213,0.21142051334586373,0,0,1,0,0,0,1,0,0,0
-0.742140904345568,-0.7812393300470336,-0.527684437670898,1,0,1,0,0,0,1,0,0,0
0.07763022965797768,-0.9346731913470493,-1.199931792997281,1,0,1,1,0,0,1,0,0,0
-0.08632399714273145,-0.2912652875235994,-0.27016206260048214,1,0,1,0,0,0,1,0,0,0
-0.25027822394344057,-1.0358396223423483,-1.270938651666844,1,0,0,0,0,0,1,0,0,0
-1.0700493579469863,-0.8846198411819604,-0.3589967922899968,0,0,1,0,0,0,1,0,0,0
-0.742140904345568,-0.0766509040747246,1.099662913143222,0,0,0,1,0,0,1,0,0,0
-1.0700493579469863,-0.9597282520724095,-0.6192071554912394,0,0,1,0,0,1,0,0,0,0
-0.08632399714273145,0.3192152706335915,0.5758330310626153,0,0,1,0,0,0,1,0,0,0
0.7334471368608142,2.433756422787482,1.8102970435352608,0,0,1,1,0,0,1,0,0,0
-1.0700493579469863,-0.8779019057155684,-0.3357227487182051,0,0,1,0,0,0,0,1,0,0
0.40553868325939596,0.3797334611167501,0.14252732712147995,0,0,1,0,0,0,1,0,0,0
1.881126724465778,0.20383709446854523,-0.6735033237214626,0,0,1,0,0,0,0,0,0,0
-0.4142324507441497,-0.7821665943790145,-0.7927135113017932,0,0,1,0,0,0,1,0,0,0
-1.2340035847476953,-1.1672840723411035,-1.2572437527889195,0,0,0,0,0,0,1,0,0,0
-1.2340035847476953,-1.078096382614047,-0.8452604012251482,0,0,1,0,0,0,0,1,0,0
0.8974013636615233,1.1019020618729412,0.444777219513287,0,0,1,1,0,0,1,0,0,0
1.5532182708643598,-0.10202766875199654,-0.7946475515422661,0,0,1,1,0,0,1,0,0,0
-1.2340035847476953,-1.1427210294245496,-1.1437800586811802,0,0,0,0,0,0,1,0,0,0
-0.25027822394344057,0.667790964410884,1.3522463831927694,0,0,1,0,0,0,1,0,0,0
0.07763022965797768,0.7684653775973768,0.9456906617645623,1,0,1,0,0,0,1,0,0,0
2.0450809512664874,0.6738465682115753,-0.42978808097406856,0,1,1,0,0,0,1,0,0,0
-0.5781866775448589,-0.849516262899828,-0.8133791761473298,1,0,1,0,0,0,1,0,0,0
1.3892640440636508,0.03422341676355755,-0.6538646045105241,1,0,1,0,0,0,1,0,0,0
1.717172497665069,1.9795861377356354,0.5415416702856121,0,0,1,1,0,0,1,0,0,0
-0.9060951311462772,-1.1660918753428424,-1.3835923070749954,1,0,0,0,0,0,1,0,0,0
-0.9060951311462772,0.07865640965112991,2.066315893537377,1,0,1,1,0,1,0,0,0,0
-0.08632399714273145,-0.7477064240007056,-0.9026915622642736,0,0,1,0,1,0,0,0,0,0
-0.9060951311462772,-1.1824798531284633,-1.4290127504173538,0,0,0,0,0,0,1,0,0,0
1.0613555904622325,1.3287222717325844,0.5104883095579861,1,0,1,0,0,0,1,0,0,0
1.2253098172629415,0.5603039969486135,-0.19731685580301228,1,0,1,0,0,0,1,0,0,0
0.569492910060105,-0.2912652875235994,-0.6447945547017564,1,0,1,0,0,0,1,0,0,0
0.07763022965797768,0.389990140054171,0.468885671817486,0,0,1,0,0,0,0,0,0,0
-0.4142324507441497,-0.7359736916368662,-0.7126966938951124,1,0,1,1,0,0,1,0,0,0
1.3892640440636508,1.3437477386630496,0.3012510753518824,0,0,1,1,0,0,1,0,0,0
0.07763022965797768,-0.5854351659040561,-0.7599599885236162,1,0,1,0,0,0,1,0,0,0
-0.9060951311462772,-0.4302981660350961,0.655712171028449,0,0,0,0,0,0,1,0,0,0
-0.25027822394344057,-0.40480785878656117,-0.2993001453194702,0,1,1,0,0,0,1,0,0,0
-0.08632399714273145,-0.6413548822510647,-0.7553111398716322,1,0,1,0,0,0,1,0,0,0
0.07763022965797768,0.389990140054171,0.468885671817486,0,0,1,0,0,0,1,0,0,0
-0.25027822394344057,-0.1387397667936875,0.11038129770950111,1,0,1,1,0,0,1,0,0,0
2.3729894048679054,-0.11148954969057669,-0.9572380531142191,1,1,1,0,0,0,1,0,0,0
-0.742140904345568,-0.18902020210130238,0.8401300103651961,0,0,1,1,0,0,1,0,0,0
-0.08632399714273145,0.1398937030856206,0.327331806401998,1,0,1,0,0,0,1,0,0,0
-0.08632399714273145,0.2358750233265776,0.4603413263976346,1,0,1,0,0,0,1,0,0,0
0.569492910060105,0.9293173535532392,0.563395232324853,1,0,1,0,1,0,0,0,0,0
-0.5781866775448589,-0.22630001299930816,0.4203980100897967,0,0,1,0,0,0,1,0,0,0
0.569492910060105,-0.21557024001495828,-0.5698680562815015,1,0,1,1,0,0,1,0,0,0
-0.742140904345568,-0.32911281127792,0.5165661708121937,1,0,1,0,0,0,1,0,0,0
-0.4142324507441497,-0.29788860418060553,0.04616824791753127,1,0,1,1,0,0,1,0,0,0
1.717172497665069,1.555485710306596,0.2616787109362235,0,0,1,1,0,0,1,0,0,0
-0.25027822394344057,-0.03579450218193552,0.2688924677007958,1,0,1,0,0,0,1,0,0,0
0.07763022965797768,1.828196042718353,2.280744633616376,0,0,1,0,0,0,1,0,0,0
0.8974013636615233,1.9795861377356354,1.204953375048285,0,0,1,1,1,0,0,0,0,0
-0.4142324507441497,-0.026332621243355378,0.5165661708121937,1,0,1,0,0,0,1,0,0,0
-0.08632399714273145,0.46926177855759543,0.7837653031535854,1,0,1,1,0,0,1,0,0,0
0.2415844564586868,1.175326257956323,1.204953375048285,1,0,1,0,0,0,1,0,0,0
0.2415844564586868,0.6454420016339577,0.5930317843874982,0,0,1,1,0,0,1,0,0,0
-0.4142324507441497,0.7622962312254226,1.8826541874471876,0,0,1,0,0,0,1,0,0,0
1.3892640440636508,3.1621698649631362,1.6275368543885638,0,0,1,1,0,0,1,0,0,0
1.881126724465778,0.07964044526874224,-0.7517351024470292,1,0,1,0,0,0,1,0,0,0
2.0450809512664874,2.1574694993809422,0.4641176219180153,0,0,1,1,0,0,1,0,0,0
0.07763022965797768,0.27410102231844136,0.32288798389569123,1,0,1,0,0,0,1,0,0,0
-1.0700493579469863,-1.1598281101615024,-1.3124458505000423,1,0,1,0,0,0,0,1,0,0
-1.2340035847476953,-1.198735364580944,-1.4025262332257937,1,0,1,0,0,0,1,0,0,0
-0.5781866775448589,0.1457032979819088,1.1568505630624817,0,0,1,1,0,0,0,0,0,0
0.40553868325939596,0.8791693845787645,0.6749204434350017,0,0,1,1,0,0,1,0,0,0
-0.742140904345568,0.030722520816282895,1.3476571351645286,0,0,0,0,0,0,1,0,0,0
-0.25027822394344057,1.9142802354975552,3.27154275380979,0,0,1,1,0,0,1,0,0,0
-0.5781866775448589,-0.520242806237239,-0.16151863989111254,0,0,1,0,0,0,1,0,0,0
-1.2340035847476953,-1.2017820902431668,-1.4165999271790648,0,0,1,0,0,1,0,0,0,0
-0.4142324507441497,-0.07451251898260547,0.43310741738433234,0,0,1,0,0,0,1,0,0,0
-1.0700493579469863,-0.8931166102648053,-0.3884335403568544,1,0,1,0,0,0,1,0,0,0
-1.0700493579469863,-1.0671395244871713,-0.9913296098954351,1,0,1,0,0,0,0,1,0,0
-0.25027822394344057,-0.2534177637692788,-0.0661954835675663,0,1,1,1,0,0,1,0,0,0
-0.742140904345568,-0.3955919867523841,0.3630230439244865,1,0,1,0,0,0,0,0,0,1
1.717172497665069,2.283123278245286,0.7418451760624264,0,0,1,1,0,0,1,0,0,0
-0.742140904345568,-0.44538040425119285,0.24802960047400036,1,0,1,0,0,0,1,0,0,0
2.3729894048679054,0.020976783449545348,-0.8838100846623693,1,1,1,0,0,0,1,0,0,0
-0.742140904345568,-0.5830696956694111,-0.06998343432103471,1,0,1,0,0,0,1,0,0,0
1.2253098172629415,-0.9532184779866664,-1.362548783735342,0,0,1,0,0,0,1,0,0,0
0.07763022965797768,-0.6129692394353243,-0.7946475515422661,1,0,1,0,0,0,1,0,0,0
1.2253098172629415,1.5254158526837884,0.5457042535311818,1,0,1,0,0,0,1,0,0,0
-0.25027822394344057,0.5643158344665716,1.1929193468853432,0,0,1,0,0,0,1,0,0,0
0.8974013636615233,1.9497244414934765,1.1790896843748433,1,0,1,1,0,0,0,1,0,0
0.2415844564586868,0.06830511190432323,-0.07345815068527403,1,0,1,0,0,0,1,0,0,0
0.8974013636615233,0.3922799152413074,-0.16983782266883654,1,0,1,0,0,0,1,0,0,0
-0.08632399714273145,0.8630841869831782,1.3295186786719588,0,0,1,0,0,0,1,0,0,0
-0.4142324507441497,0.518917729723264,1.46106619536717,1,0,1,0,0,1,0,0,0,0
-0.742140904345568,-0.9474656543760096,-0.9116078155762839,1,0,0,1,0,0,1,0,0,0
-1.0700493579469863,-1.150593314365448,-1.2804522356745933,1,0,1,0,0,0,1,0,0,0
-1.2340035847476953,-1.2180565254575246,-1.4917761805940537,0,0,1,0,0,0,0,1,0,0
-0.742140904345568,0.06480421595704858,1.426373665629875,0,0,1,0,0,0,1,0,0,0
0.2415844564586868,-0.8646552724015562,-1.1508606127818943,0,0,1,0,0,0,1,0,0,0
-0.9060951311462772,-0.8748362562914684,-0.5763566910446956,1,0,1,0,0,0,1,0,0,0
-0.08632399714273145,0.04936242626528578,0.20187487744712337,1,0,1,1,0,0,1,0,0,0
-0.9060951311462772,-0.8873637866541485,-0.6110776304126417,0,0,1,0,0,0,1,0,0,0
-0.9060951311462772,-0.9584225125028855,-0.8080219315102816,1,0,0,0,0,0,1,0,0,0
-0.742140904345568,-0.08308498311295909,1.0848024909565384,0,0,1,1,0,0,1,0,0,0
1.881126724465778,0.8611350395098307,-0.259469710700919,0,1,1,1,0,0,1,0,0,0
0.569492910060105,0.7306178538430562,0.366713173971684,0,0,1,1,1,0,0,0,0,0
0.7334471368608142,0.8981688415034335,0.3916337273462609,1,0,1,0,0,0,1,0,0,0
-0.08632399714273145,-0.07271476160427524,0.03270208298895087,1,0,0,1,0,0,1,0,0,0
-0.25027822394344057,-0.22503212095353842,-0.022488359489084224,1,0,1,0,0,0,1,0,0,0
-1.0700493579469863,-1.1532237172663735,-1.289565171044957,1,0,1,1,0,0,1,0,0,0
0.2415844564586868,0.25752380691404897,0.14505561614509668,1,0,1,1,0,0,1,0,0,0
1.881126724465778,-0.48029474491455354,-1.1044396736356303,0,0,1,0,0,0,1,0,0,0
-0.742140904345568,-0.6118338137226947,-0.13641826292032724,0,0,1,0,0,0,1,0,0,0
1.3892640440636508,0.8939299188429495,-0.026828400230912482,0,0,1,1,0,0,1,0,0,0
-0.4142324507441497,0.10183801795065127,0.7385874343498626,1,0,1,0,0,0,1,0,0,0
-0.742140904345568,-0.7075880488211258,-0.35757631075744606,1,0,1,0,0,0,1,0,0,0
0.40553868325939596,-0.10202766875199654,-0.3710246566277483,0,0,1,0,0,0,1,0,0,0
1.2253098172629415,-0.03106356171264545,-0.6525993982871996,0,0,1,1,0,0,1,0,0,0
-0.25027822394344057,-0.04241781883894162,0.25869413874915004,1,0,1,0,0,0,1,0,0,0
0.2415844564586868,0.1079693167988512,-0.02765308465102482,1,0,1,0,0,0,1,0,0,0
2.700897858469324,-0.32809092813655333,-1.1146419759621924,0,0,1,0,0,0,1,0,0,0
-0.25027822394344057,3.3799445166454967,5.528316398478129,0,0,1,0,0,0,0,0,0,0
-0.9060951311462772,-0.36947719536190293,0.8242818071743382,0,0,1,0,0,0,1,0,0,0
0.7334471368608142,2.125336951713524,1.5253615602428208,0,0,1,1,0,0,1,0,0,0
-0.25027822394344057,-0.16050209295242182,0.07687250258266479,0,0,0,0,0,0,1,0,0,0
-1.0700493579469863,-0.9606555164043904,-0.6224196291110078,0,0,0,0,0,0,1,0,0,0
-0.25027822394344057,-0.7454355725754463,-0.8237856342612541,1,0,1,0,0,0,1,0,0,0
-1.0700493579469863,-1.0160453674188386,-0.814315757377583,0,0,1,0,0,0,1,0,0,0
-1.0700493579469863,-1.1522964529343926,-1.2863526974251884,0,0,1,0,0,0,1,0,0,0
1.2253098172629415,1.581222026459534,0.5886683565003297,0,0,1,0,0,0,1,0,0,0
0.7334471368608142,2.044986658783101,1.451129380707927,0,0,1,1,1,0,0,0,0,0
-0.08632399714273145,0.7306178538430562,1.1459487575423344,0,0,1,0,0,0,1,0,0,0
1.5532182708643598,-0.44265538254088177,-1.0306660215660688,0,1,1,0,0,0,1,0,0,0
-0.5781866775448589,-0.26594529413195894,0.34191250299457965,0,0,1,0,0,0,1,0,0,0
-1.2340035847476953,-1.2166372433167376,-1.4852201119822814,0,0,1,0,0,0,1,0,0,0
0.569492910060105,2.547298994050444,2.1649491360578006,1,0,1,1,0,0,1,0,0,0
1.2253098172629415,0.7400797347816364,-0.05891096288781916,0,0,1,1,0,0,1,0,0,0
-1.0700493579469863,-0.920593912510442,-0.4836276565997882,0,0,0,0,0,0,1,0,0,0
-0.742140904345568,-0.5372741919266832,0.035787805948891874,1,0,1,1,0,0,1,0,0,0
2.5369436316686147,1.0891285226058578,-0.34132062268671853,0,1,1,0,0,0,1,0,0,0
-0.4142324507441497,0.49742033623080995,1.4238277256523033,0,0,0,0,0,0,1,0,0,0
3.1927605388714513,0.3854484372036525,-0.8317111927608188,0,0,1,0,0,0,1,0,0,0
1.2253098172629415,0.522456473194293,-0.22645493852200008,1,0,1,1,0,0,1,0,0,0
-0.9060951311462772,-0.4175057030061357,0.6911673900809134,0,0,1,0,0,0,1,0,0,0
1.3892640440636508,0.30294083541923367,-0.4578726586428049,0,1,1,1,0,0,1,0,0,0
-0.25027822394344057,-0.9595768619773922,-1.1535121783093223,1,0,1,0,0,0,1,0,0,0
3.848577446074288,1.1431558627651506,-0.6110776304126417,0,1,1,0,0,0,0,0,1,0
0.07763022965797768,-0.8845062986106973,-1.136731291579796,1,0,1,0,0,0,1,0,0,0
-1.2340035847476953,-1.1364383404813323,-1.1147585282930683,1,0,1,0,0,0,0,0,0,1
0.8974013636615233,-0.6732224972522027,-1.0926864306334347,0,1,1,0,0,0,1,0,0,0
-1.0700493579469863,-1.1030946720537758,-1.1158949135191087,0,0,1,0,0,0,0,0,0,1
1.881126724465778,2.0980678108485358,0.5196773233715983,0,1,1,0,0,0,1,0,0,0
1.717172497665069,1.6440678396535833,0.3201338674537589,0,0,1,1,0,0,1,0,0,0
-0.9060951311462772,0.1421456307490027,2.2422807750773455,1,0,0,1,0,0,0,1,0,0
-0.08632399714273145,-1.0017768509634597,-1.2547786709908932,1,1,1,0,0,0,1,0,0,0
-0.742140904345568,0.41941658977315527,2.245401463736549,0,0,1,1,0,0,1,0,0,0
0.569492910060105,-0.8608705200261242,-1.208616455314174,0,0,1,0,0,0,1,0,0,0
-0.742140904345568,-0.8243098120794504,-0.6271618520735232,1,0,1,0,0,0,1,0,0,0
-1.2340035847476953,-1.2327224409123239,-1.559522222915701,0,0,0,0,0,1,0,0,0,0
-0.4142324507441497,-0.849516262899828,-0.9093787522482814,1,0,1,0,0,0,1,0,0,0
0.40553868325939596,-0.36412177075066654,-0.6504140420832755,1,0,1,1,0,0,1,0,0,0
-0.4142324507441497,0.522456473194293,1.4671961195191772,0,0,1,1,0,0,1,0,0,0
0.8974013636615233,0.1345193547125071,-0.39308834907121276,0,1,1,0,0,0,1,0,0,0
1.717172497665069,2.5094514702961233,0.8911986629134682,1,0,1,1,0,0,1,0,0,0
1.717172497665069,0.5413802350714533,-0.4075273097042827,0,1,1,0,0,0,1,0,0,0
-1.2340035847476953,-1.1662432654378598,-1.2524359691402864,0,0,1,0,0,0,0,0,0,0
-0.25027822394344057,0.03043866438812549,0.3708757572172537,1,0,1,0,0,0,1,0,0,0
-1.2340035847476953,-1.034060788725895,-0.6418474457638931,0,0,0,0,0,0,0,1,0,0
-1.0700493579469863,-0.9551108541743824,-0.6032103480785149,0,0,1,0,0,0,1,0,0,0
0.40553868325939596,0.6397837968326868,0.41973808054601813,1,0,0,0,0,0,1,0,0,0
-0.08632399714273145,0.035907631570624814,0.18322941831524286,1,0,1,0,0,0,1,0,0,0
-0.742140904345568,0.03180117524328103,1.3501484412370022,0,0,1,0,0,0,1,0,0,0
0.40553868325939596,0.844160425106018,0.637601283644913,0,0,1,0,0,0,0,0,1,0
0.569492910060105,0.9455728650057199,0.5794856978606026,0,0,1,0,0,0,1,0,0,0
-1.0700493579469863,-1.0311843769205669,-0.8667643062717614,1,0,1,0,0,0,1,0,0,0
0.2415844564586868,0.3616044972384306,0.26525020736092236,1,0,1,0,0,0,1,0,0,0
-0.9060951311462772,-0.924492207457137,-0.7139816833430197,0,0,0,0,0,0,1,0,0,0
-0.5781866775448589,-0.8324848772103837,-0.779662251858215,0,0,1,0,0,0,1,0,0,0
-1.2340035847476953,-1.0841709101766155,-0.8733203748835336,1,0,1,0,0,0,1,0,0,0
-0.25027822394344057,0.31429509254552984,0.8079469980020737,1,0,1,0,0,0,1,0,0,0
-1.0700493579469863,-0.6347315655940586,0.5067320678945353,1,0,1,0,0,0,0,0,0,1
0.2415844564586868,1.0381289843469108,1.046515050263788,0,0,1,0,0,0,1,0,0,0
1.2253098172629415,0.23481529266145662,-0.4479043671863088,1,1,1,0,0,0,1,0,0,0
0.40553868325939596,0.46000805899966407,0.22809915189421257,1,0,1,0,0,0,1,0,0,0
-0.4142324507441497,-0.7435431963877304,-0.7258088311186569,1,0,1,0,0,0,1,0,0,0
0.07763022965797768,0.5221536930042584,0.6353859743070054,1,0,1,1,0,0,1,0,0,0
-1.2340035847476953,-1.2254746401133714,-1.5260425658715837,0,1,1,0,0,0,1,0,0,0
-1.0700493579469863,-0.36696033503224057,1.4344157764603156,0,0,1,0,0,0,0,1,0,0
-1.2340035847476953,-1.1352650672449482,-1.1093388449073365,1,0,0,0,0,0,1,0,0,0
0.07763022965797768,-0.0972778045208293,-0.14497691248987737,1,0,1,1,0,0,1,0,0,0
2.8648520852700328,1.3456401148507655,-0.30294240565934366,0,1,1,0,0,0,1,0,0,0
0.8974013636615233,0.05882430720386592,-0.45864903518893574,1,1,1,0,0,0,1,0,0,0
-0.08632399714273145,0.9891164410850658,1.5041723464895729,1,0,1,1,0,0,1,0,0,0
3.5206689924728694,-0.2770724661157292,-1.1654751823956366,0,1,1,0,0,0,0,0,1,0
0.7334471368608142,0.8423058964420562,0.3400243552343893,0,0,1,0,0,0,1,0,0,0
-0.9060951311462772,-0.6236233173721656,0.11989779552552245,0,0,1,0,0,0,1,0,0,0
-0.9060951311462772,-0.6072921108721763,0.16516089322119848,1,0,1,0,0,0,0,0,0,0
1.0613555904622325,-0.2537394677211906,-0.7794837504943315,1,1,1,0,0,0,1,0,0,0
-0.08632399714273145,0.456223306624232,0.7656967780595411,0,0,1,0,0,0,1,0,0,0
-1.0700493579469863,-1.2040340179065487,-1.465595613271043,1,0,0,0,0,0,1,0,0,0
0.8974013636615233,-0.7456058864323408,-1.1553788367335074,0,0,1,0,0,0,1,0,0,0
1.717172497665069,-0.7672546700198122,-1.2710926672469298,0,0,1,0,0,0,1,0,0,0
0.2415844564586868,1.3172544720350252,1.3688550903425927,0,0,1,0,0,0,1,0,0,0
1.5532182708643598,1.5171840162672237,0.32729246999032746,0,0,1,1,0,0,1,0,0,0
-1.0700493579469863,-0.9971216055416783,-0.74875507125986,0,0,1,0,0,0,1,0,0,0
-0.5781866775448589,-0.2912652875235994,0.29178667555142923,0,0,1,0,0,0,1,0,0,0
-1.2340035847476953,-1.2344445032431455,-1.5674769194979847,0,0,1,0,0,1,0,0,0,0
0.2415844564586868,1.0286671034083308,1.0355882692441671,1,0,1,0,0,0,1,0,0,0
-0.25027822394344057,0.97662675824614,1.8277798931666536,0,0,1,0,0,0,1,0,0,0
-0.4142324507441497,-0.9502852948957066,-1.0839340790367187,0,0,0,1,0,0,1,0,0,0
2.3729894048679054,-0.12473618300458889,-0.9645808499594041,1,0,1,0,0,0,1,0,0,0
-0.9060951311462772,-1.1026972730543554,-1.2078896682794977,1,0,0,0,0,0,1,0,0,0
-1.0700493579469863,-0.5456952659620196,0.8151950960784219,0,0,1,0,0,0,1,0,0,0
-0.742140904345568,-0.11423349516276492,1.0128605647233568,0,0,1,0,0,0,1,0,0,0
-0.4142324507441497,0.04680771841186914,0.6432621967346934,0,0,1,0,0,0,1,0,0,0
-0.9060951311462772,0.11627684826292456,2.170583608739004,0,0,1,0,0,0,1,0,0,0
0.7334471368608142,1.3286655004469528,0.7893510736108157,0,0,1,0,0,0,1,0,0,0
0.07763022965797768,-0.07033036760775305,-0.1110283972056454,1,0,1,1,0,0,1,0,0,0
0.7334471368608142,1.8935587162420646,1.3112316179575219,0,0,1,1,0,0,1,0,0,0
1.2253098172629415,0.6229984200476456,-0.14904962177900863,0,0,1,0,0,0,1,0,0,0
-0.9060951311462772,-0.5576929309921391,0.30262853987284,0,0,0,0,0,0,1,0,0,0
0.07763022965797768,1.1166625961371262,1.3843512525158728,1,0,1,1,0,0,1,0,0,0
0.2415844564586868,0.2723789599876198,0.16221066234590095,1,0,1,1,0,0,1,0,0,0
-0.9060951311462772,-1.0852306408417365,-1.159479657650171,1,0,1,0,0,0,1,0,0,0
-1.0700493579469863,-0.5974896022198072,0.6357554981742141,0,0,1,0,0,0,1,0,0,0
0.07763022965797768,1.1138240318555521,1.3807752150912695,1,0,1,1,0,0,1,0,0,0
0.8974013636615233,0.966237612975579,0.327276079818798,1,1,1,0,0,0,1,0,0,0
0.7334471368608142,1.63895842394675,1.0760173590167634,0,0,1,0,0,0,1,0,0,0
-1.2340035847476953,-1.1714094524303245,-1.2763000588871376,1,0,1,0,0,0,1,0,0,0
-0.08632399714273145,-0.7507909971866827,-0.9069661189991491,0,1,1,0,0,0,1,0,0,0
-0.08632399714273145,-0.29694241608674754,-0.2780293449346089,0,1,1,0,0,0,1,0,0,0
-0.25027822394344057,1.3949365145407682,2.471877211669883,0,0,1,1,0,0,1,0,0,0
0.569492910060105,1.6181422858818737,1.2452263679491722,0,0,1,0,0,0,1,0,0,0
0.07763022965797768,1.0050124010618804,1.243693780481485,1,0,1,1,1,0,0,0,0,0
-0.9060951311462772,-0.8316522316877887,-0.4566691024681805,0,0,1,0,0,0,1,0,0,0
-0.4142324507441497,-0.3236059965716664,0.0016197617005384963,1,0,1,0,0,0,1,0,0,0
-0.9060951311462772,-0.8949332914050127,-0.6320570499703131,1,0,1,0,0,0,1,0,0,0
-1.2340035847476953,-0.915749429469889,-0.09533356628655411,1,0,1,0,0,1,0,0,0,0
-0.08632399714273145,-0.48618003485835043,-0.5402720894055009,1,0,1,0,0,0,1,0,0,0
-1.2340035847476953,-1.134640583103002,-1.1064541747181567,0,0,0,0,0,0,0,1,0,0
0.8974013636615233,-0.07174964974854008,-0.5717412187420079,1,0,1,0,0,0,1,0,0,0
-0.742140904345568,-1.1617583338729727,-1.406547288641014,0,0,1,0,0,0,1,0,0,0
-0.08632399714273145,0.844160425106018,1.3032944042248695,1,0,1,1,0,0,1,0,0,0
-1.0700493579469863,-1.013017565518493,-0.8038260475987473,1,0,1,0,0,1,0,0,0,0
0.07763022965797768,0.8630841869831782,1.0648919092513311,1,0,1,1,0,0,1,0,0,0
-1.3979578115484046,-1.235106834908846,-1.5651167347977466,1,0,1,0,0,0,1,0,0,0
-0.25027822394344057,-0.21557024001495828,-0.007919318129590198,0,0,1,1,0,0,1,0,0,0
0.7334471368608142,0.08153282145645828,-0.3628211656468639,1,0,1,1,0,0,1,0,0,0
-1.0700493579469863,-0.8949522151668898,-0.39479292691027357,1,0,0,0,0,0,0,1,0,0
-0.9060951311462772,0.031176691101334742,1.934722484361883,0,0,0,0,0,0,1,0,0,0
0.40553868325939596,1.63895842394675,1.4848470734739485,1,0,1,1,0,0,1,0,0,0
-1.0700493579469863,-1.0468721755167327,-0.9211141150633537,1,0,0,0,0,0,0,1,0,0
-0.08632399714273145,1.1280168532634223,1.6966585209312075,1,0,1,0,0,0,1,0,0,0
1.0613555904622325,1.0901693295091017,0.31602760151092335,1,0,1,0,0,0,1,0,0,0
2.3729894048679054,0.7304286162242846,-0.4905508650538197,1,1,1,0,0,0,1,0,0,0
1.717172497665069,1.4118732814208266,0.16690917818433784,1,0,1,0,0,0,1,0,0,0
-0.742140904345568,0.1633970153370537,1.6540877820787658,0,0,0,0,0,0,1,0,0,0
1.0613555904622325,0.7444889712990147,0.03424005955505384,0,0,1,0,1,0,0,0,0,0
-1.3979578115484046,-1.164029185298232,-1.0726248606814115,0,0,1,0,0,0,1,0,0,0
-0.9060951311462772,-1.2267046846353868,-1.5515850091830485,0,0,1,0,0,0,1,0,0,0
2.8648520852700328,1.6426485575127963,-0.15594598157110606,0,0,1,0,0,0,1,0,0,0
0.07763022965797768,0.5114996150674173,0.6219639138399947,0,0,1,0,0,0,0,0,0,0
1.0613555904622325,0.7684653775973768,0.053784857040031366,0,0,1,0,0,0,1,0,0,0
1.2253098172629415,-0.11608802382672663,-0.7180581011154061,1,1,1,0,0,0,1,0,0,0
-0.25027822394344057,-0.22221248043384154,-0.018146785163954984,1,0,1,0,0,0,1,0,0,0
0.569492910060105,1.1469406151405825,0.7788089152830857,1,0,1,0,0,0,1,0,0,0
-0.9060951311462772,-0.9430942653823856,-0.7655386069059971,0,0,1,0,0,0,1,0,0,0
-0.4142324507441497,-0.3158661779639078,0.015026922011612848,1,0,1,0,0,0,1,0,0,0
-0.9060951311462772,-1.0153451882293836,-0.9657871665839701,0,0,1,0,0,0,1,0,0,0
-0.25027822394344057,0.97662675824614,1.8277798931666536,0,0,1,0,1,0,0,0,0,0
-0.4142324507441497,0.03604009790376494,0.6246101815342012,1,0,0,0,0,0,1,0,0,0
0.2415844564586868,0.4872582761027749,0.4103578593014825,1,0,1,0,0,0,1,0,0,0
2.209035178067196,2.3978012752208775,0.5176588489141558,0,0,1,1,0,0,1,0,0,0
-0.9060951311462772,-0.941958839669756,-0.7623916939723464,1,0,1,0,0,0,0,1,0,0
-0.4142324507441497,-0.4331935016023016,-0.1882112049533284,1,0,1,1,0,0,1,0,0,0
1.3892640440636508,0.18417530587817568,-0.5444955778164531,0,0,1,0,1,0,0,0,0,0
0.07763022965797768,-0.7889602248929151,-1.0163618718676566,1,0,1,0,0,0,1,0,0,0
0.8974013636615233,0.5999871256050188,0.010060700038195331,1,0,1,1,0,0,1,0,0,0
2.3729894048679054,0.29537133066836957,-0.731709292869252,1,1,1,0,0,0,1,0,0,0
0.07763022965797768,1.6011109001924295,1.99466163964813,0,0,1,1,0,0,1,0,0,0
-0.5781866775448589,-0.6640633965036571,-0.44623933388808107,1,0,1,0,0,0,1,0,0,0
0.40553868325939596,3.0203930409794513,2.9574409462720346,1,0,1,0,0,0,1,0,0,0
0.8974013636615233,0.12505747377392692,-0.40128343483592815,0,0,1,1,0,0,1,0,0,0
0.40553868325939596,1.109093091386262,0.9200165469212584,1,0,1,0,0,0,1,0,0,0
-0.4142324507441497,-0.5183504300495229,-0.3357227487182051,1,0,1,0,0,0,1,0,0,0
1.2253098172629415,1.7051915905168111,0.6841101464463746,0,0,1,1,0,0,1,0,0,0
2.3729894048679054,0.11461155721773446,-0.8319070006766904,0,0,1,0,0,0,1,0,0,0
0.7334471368608142,2.2634425658930395,1.6529513968527256,0,0,1,1,0,0,1,0,0,0
-0.08632399714273145,0.2669856878526291,0.5034540335886492,0,0,1,0,0,0,1,0,0,0
-1.0700493579469863,-1.0298218660654113,-0.8620439368712853,1,0,1,0,0,0,1,0,0,0
-0.742140904345568,-0.46157914441804204,0.2106163022628197,0,0,1,0,0,0,1,0,0,0
1.717172497665069,0.006783962041675129,-0.760306239766316,1,0,1,0,0,0,1,0,0,0
0.07763022965797768,0.011514902510965201,-0.007919318129590198,0,1,1,0,0,0,1,0,0,0
0.569492910060105,1.1388980163427895,0.7708479748259335,1,0,1,0,0,0,1,0,0,0
-0.5781866775448589,-0.4155376317709111,0.0457655179885223,0,0,0,0,0,0,1,0,0,0
-1.0700493579469863,-0.9938099472131752,-0.7372819511892584,0,0,0,0,0,0,1,0,0,0
1.717172497665069,0.7306178538430562,-0.28264981233719133,1,1,1,0,0,0,1,0,0,0
2.0450809512664874,0.919855472614659,-0.2815639210557383,0,0,1,1,0,0,1,0,0,0
-1.0700493579469863,-0.8805512323783709,-0.34490124477468637,0,0,1,0,0,0,0,0,0,0
0.2415844564586868,0.08720995001960635,-0.05162644220807227,1,0,1,1,0,0,1,0,0,0
-0.9060951311462772,-1.1694035336713455,-1.3927708031314765,0,0,0,0,0,0,1,0,0,0
0.07763022965797768,0.3855998272986698,0.4633547339341,0,0,1,1,0,0,1,0,0,0
0.569492910060105,1.2037119007720634,0.8350037890982767,0,0,1,1,0,0,1,0,0,0
-0.9060951311462772,-1.105233057145895,-1.2149177738313177,1,0,1,0,0,0,1,0,0,0
-0.5781866775448589,-0.5429513204898313,-0.20647453894326548,1,0,1,1,0,0,1,0,0,0
0.7334471368608142,0.5683655195082838,0.08694262397034719,0,0,1,0,0,0,1,0,0,0
2.8648520852700328,-0.30697200988164247,-1.1208587940394505,0,0,1,0,0,0,1,0,0,0
1.0613555904622325,-0.17772271626063768,-0.7175173325802391,1,0,1,0,0,0,1,0,0,0
-0.25027822394344057,-0.08442857020623747,0.19400759511299662,0,1,1,0,0,0,1,0,0,0
0.569492910060105,-0.054718264059095814,-0.4106492471384599,1,0,1,1,0,0,1,0,0,0
-0.9060951311462772,-1.1942315092541798,-1.4615832992806383,1,0,1,0,0,0,1,0,0,0
-1.2340035847476953,-1.1299285663955891,-1.0846880269270727,1,0,0,0,0,0,0,1,0,0
-0.9060951311462772,-0.9686224201546748,-0.8362916993642437,1,0,1,0,0,0,1,0,0,0
1.0613555904622325,0.9009317107374988,0.1617671635868693,0,0,1,0,0,0,1,0,0,0
-0.742140904345568,-0.9204046748916704,-0.8491066281440546,0,0,1,0,0,0,1,0,0,0
-0.5781866775448589,0.5300259779451572,1.9176916912709594,1,0,1,0,0,0,0,1,0,0
1.2253098172629415,2.5861873247080083,1.3623718669376177,0,0,1,1,0,0,1,0,0,0
-1.0700493579469863,-0.8140909806657839,-0.11465211512924323,1,0,0,0,0,0,1,0,0,0
-1.0700493579469863,-0.9395744456732338,-0.5493850247758644,0,0,0,0,0,0,1,0,0,0
0.8974013636615233,-0.7996899978772649,-1.2022219469646205,0,1,1,0,0,0,1,0,0,0
-1.2340035847476953,-1.2009305209586945,-1.4126662860120016,0,0,1,1,0,0,1,0,0,0
0.569492910060105,0.4949223996630248,0.13341078951561552,0,0,1,0,0,0,1,0,0,0
-0.742140904345568,-1.2076484564250864,-1.5125370645313327,1,0,1,0,0,0,1,0,0,0
1.3892640440636508,-0.5467360728652634,-1.0775936705766496,0,0,1,0,0,0,1,0,0,0
-0.9060951311462772,-0.5750649443953723,0.2544807719879844,0,0,1,0,0,0,1,0,0,0
-0.4142324507441497,-0.8873637866541485,-0.9749394383660043,0,1,1,1,0,0,1,0,0,0
-0.4142324507441497,0.10197048428379138,0.7388168967512746,1,0,1,0,0,0,0,1,0,0
0.7334471368608142,1.374971945760364,0.8321316066588339,1,0,1,0,0,0,1,0,0,0
0.40553868325939596,-0.49942666817236264,-0.7946475515422661,1,0,1,0,0,0,1,0,0,0
-0.742140904345568,-0.44265538254088177,0.2543234263413018,0,0,0,0,0,0,1,0,0,0
-0.25027822394344057,0.03043866438812549,0.3708757572172537,0,0,1,0,1,0,0,0,0,0
-1.0700493579469863,-1.0204356801743397,-0.8295258365568947,0,0,1,0,0,0,1,0,0,0
-0.08632399714273145,0.97662675824614,1.486864325354494,0,0,1,0,0,0,1,0,0,0
-0.742140904345568,-1.0484239239906599,-1.1447853225349853,1,0,1,0,0,0,1,0,0,0
-1.2340035847476953,-1.1755159087576683,-1.2952689507371988,0,0,1,0,0,0,1,0,0,0
-0.5781866775448589,-0.16534657599297486,0.541067135795617,0,0,1,0,0,0,1,0,0,0
0.07763022965797768,0.2150021139760698,0.24843488471545547,1,0,1,1,0,0,1,0,0,0
2.0450809512664874,0.27798039350325926,-0.6683035579995724,1,0,1,0,0,0,1,0,0,0
-0.5781866775448589,-0.10785618741016191,0.654880486895984,0,0,1,0,0,0,1,0,0,0
0.569492910060105,1.8073799046534766,1.4325426139998092,1,0,1,0,0,0,1,0,0,0
2.3729894048679054,-0.026332621243355378,-0.9100343591094585,0,1,1,0,0,0,1,0,0,0
-0.25027822394344057,0.5035327113171327,1.0993278251919538,0,0,1,0,0,0,1,0,0,0
1.5532182708643598,0.9955505201233003,-0.03414359257667939,0,0,1,0,0,0,1,0,0,0
0.07763022965797768,2.5094514702961233,3.1389936155211133,0,0,1,0,0,0,1,0,0,0
0.40553868325939596,0.20009018961686748,-0.04897039389868761,1,0,1,1,0,0,1,0,0,0
0.569492910060105,1.2602182537372641,0.8909364201689972,0,1,1,1,0,0,1,0,0,0
-0.4142324507441497,-0.03106356171264545,0.5083710850474783,0,0,1,0,0,0,1,0,0,0
1.2253098172629415,0.29951563451946767,-0.39809281477819886,0,1,1,0,0,0,1,0,0,0
-0.5781866775448589,0.4669530796085819,1.7928266816536047,0,0,0,0,0,0,1,0,0,0
0.8974013636615233,0.045577673889853725,-0.47012215525953727,1,0,1,0,0,0,1,0,0,0
0.7334471368608142,0.9955505201233003,0.4816004715494082,0,0,1,1,0,0,1,0,0,0
2.3729894048679054,-0.040525442651225596,-0.9179016414435853,0,0,1,0,0,0,1,0,0,0
-0.08632399714273145,0.2859094497297894,0.5296783080357383,0,0,1,0,0,0,1,0,0,0
0.07763022965797768,0.28212469735435736,0.33299624968256936,1,0,1,1,0,0,1,0,0,0
-1.2340035847476953,-1.2109601147535896,-1.4589958375351924,0,0,1,0,0,0,1,0,0,0
-1.2340035847476953,-1.1333726910572324,-1.1005974200916402,0,0,1,0,0,0,1,0,0,0
0.07763022965797768,-0.14839088535103925,-0.20936942638222988,1,1,1,0,0,0,1,0,0,0
-0.08632399714273145,-0.3196509303393399,-0.30949847427111593,0,0,1,0,0,0,1,0,0,0
2.209035178067196,2.149899994630078,0.37451801755712716,0,0,1,1,0,0,1,0,0,0
-1.0700493579469863,-0.4512656941949897,1.1423429198058597,1,0,0,0,0,0,0,1,0,0
-0.5781866775448589,-0.29478510723275125,0.28481851119834556,1,0,0,0,0,0,1,0,0,0
-0.5781866775448589,-0.564410866458531,-0.24895786354754998,1,0,1,1,0,0,1,0,0,0
0.40553868325939596,0.389990140054171,0.1534608323140356,1,0,1,0,0,0,1,0,0,0
0.569492910060105,0.8071644706361696,0.44248259549916674,0,0,1,0,0,0,1,0,0,0
-1.0700493579469863,-0.8500461282323885,-0.2392174187529169,0,0,0,0,0,0,1,0,0,0
2.3729894048679054,-0.33128904389379343,-1.0790760321953956,1,1,0,0,0,0,1,0,0,0
0.2415844564586868,1.1726012362460119,1.2018064621146345,1,0,1,1,0,0,1,0,0,0
0.2415844564586868,0.844160425106018,0.8225160393615675,0,1,1,0,0,0,1,0,0,0
1.3892640440636508,0.6852008253378715,-0.17906721452111965,0,0,1,0,0,0,1,0,0,0
-1.2340035847476953,-1.1617583338729727,-1.231718792327086,0,0,1,1,0,0,1,0,0,0
2.209035178067196,1.6011109001924295,0.05764136798813279,0,1,1,1,0,0,1,0,0,0
-0.5781866775448589,-0.01015280483838333,0.848303242567872,1,0,1,0,0,0,1,0,0,0
-0.9060951311462772,-1.0376563034825557,-1.0276240057302064,0,0,1,0,0,0,1,0,0,0
-1.2340035847476953,-1.189519492546767,-1.3599554943733523,1,0,1,0,0,0,1,0,0,0
2.0450809512664874,3.0014692791022908,0.9726405090224405,0,1,1,0,0,0,1,0,0,0
1.717172497665069,0.8063129013516973,-0.23269881339035467,0,0,1,0,0,0,1,0,0,0
-0.5781866775448589,-0.46157914441804204,-0.04538256733971769,1,0,1,0,0,0,1,0,0,0
-1.2340035847476953,-0.8589781438384081,0.16690917818433784,0,0,1,0,0,0,1,0,0,0
0.2415844564586868,1.6645055024809166,1.7698679537626647,0,0,1,1,0,0,1,0,0,0
-1.2340035847476953,-1.1728287345711115,-1.28285612749891,0,0,0,0,0,0,1,0,0,0
-0.25027822394344057,-0.8211306200840875,-0.940337965137206,0,0,1,1,1,0,0,0,0,0
0.7334471368608142,-0.03579450218193552,-0.4712148333614994,0,1,1,0,0,0,1,0,0,0
-0.742140904345568,-1.0244475176922976,-1.0894083963275487,1,0,1,0,0,0,1,0,0,0
-0.9060951311462772,-0.8284541159305485,-0.4478052977050643,1,0,0,0,0,0,1,0,0,0
1.2253098172629415,0.27644756879120924,-0.41585247619542215,0,0,1,0,0,0,1,0,0,0
0.569492910060105,0.17709781893611773,-0.18118684572642943,0,0,1,0,0,0,1,0,0,0
-1.2340035847476953,-1.1617583338729727,-1.231718792327086,1,0,1,0,0,0,0,0,0,0
3.6846232192735786,1.0455849465265121,-0.6226480981686907,0,1,1,0,0,0,0,0,1,0
-1.0700493579469863,-0.8124824609062253,-0.10907945680923677,1,0,0,0,0,1,0,0,0,0
-0.08632399714273145,-0.2959962279928895,-0.27671813121225447,0,0,1,0,0,0,1,0,0,0
-1.2340035847476953,-1.2273291687773331,-1.5346091621909663,0,1,1,0,0,0,1,0,0,0
1.2253098172629415,0.14398123565108722,-0.5178357657118801,1,0,1,0,0,0,1,0,0,0
0.07763022965797768,-0.21557024001495828,-0.294002312097836,1,0,1,0,0,0,1,0,0,0
-0.4142324507441497,-0.42689188889720725,-0.17729535071472755,0,0,1,0,0,0,1,0,0,0
-0.08632399714273145,1.3172544720350252,1.9589012654020994,0,0,1,0,0,0,1,0,0,0
-0.25027822394344057,-0.2751800899280132,-0.09970427869440239,0,1,1,0,0,0,1,0,0,0
0.40553868325939596,0.2726628164157772,0.02839121572022552,0,0,1,0,0,0,1,0,0,0
-0.9060951311462772,-0.8570857676506921,-0.5271599521819563,1,0,1,0,0,1,0,0,0,0
-0.742140904345568,-0.5643540951728996,-0.02675708860741586,0,0,0,0,0,0,1,0,0,0
-0.5781866775448589,-0.650816763189645,-0.4200150594409919,0,1,1,0,0,0,0,0,1,0
-0.08632399714273145,0.04936242626528578,0.20187487744712337,1,0,1,1,0,0,1,0,0,0
0.7334471368608142,0.43351479237163965,-0.037640162502957875,1,0,1,1,0,0,1,0,0,0
0.569492910060105,2.0552811852442763,1.677926896326144,1,0,1,1,0,0,1,0,0,0
1.717172497665069,-0.8078272154844438,-1.2978664026824343,1,1,1,0,0,0,1,0,0,0
1.881126724465778,-0.5675522109301396,-1.1594033688517795,1,0,1,0,0,0,1,0,0,0
1.717172497665069,2.5359447369241477,0.9086815125448607,0,0,1,1,0,0,1,0,0,0
-1.2340035847476953,-1.1939287290641452,-1.3803230141939247,0,1,1,0,0,0,1,0,0,0
-1.0700493579469863,-1.0963199653017526,-1.0924241878889638,0,1,1,0,0,0,1,0,0,0
-0.742140904345568,-0.49579330589194787,0.13159382192892433,0,0,0,0,0,0,1,0,0,0
-0.25027822394344057,-0.8483619134253212,-0.9822676661698297,1,1,1,0,0,0,1,0,0,0
-0.742140904345568,-0.5467360728652634,0.013934243909650718,0,0,1,0,0,0,1,0,0,0
-1.0700493579469863,-0.8267888248853584,-0.15864333551423535,0,0,0,0,0,0,1,0,0,0
1.0613555904622325,1.828196042718353,0.9176433094147345,0,0,1,1,0,0,1,0,0,0
-0.9060951311462772,-0.8176297241368129,-0.4178047277375943,0,0,1,0,0,0,1,0,0,0
0.07763022965797768,-1.2033906100027254,-1.538463335859705,0,0,1,0,0,0,1,0,0,0
-1.0700493579469863,-1.2128524909413054,-1.496146893001902,0,0,1,0,0,0,1,0,0,0
-0.5781866775448589,0.3710663781770107,1.603000397905889,0,0,1,1,0,0,0,0,0,0
-1.2340035847476953,-1.2335172389111646,-1.5631936213382935,0,0,1,0,0,1,0,0,0,0
-0.5781866775448589,-0.570428622735468,-0.2608711767963705,1,0,0,0,0,0,1,0,0,0
-0.742140904345568,-0.5987953417893312,-0.10630405443025324,1,0,0,0,0,0,1,0,0,0
-0.742140904345568,0.07178708408972072,1.442501594414835,0,0,0,0,0,0,1,0,0,0
-0.9060951311462772,-0.9798442109478309,-0.8673936888584916,0,0,0,0,0,0,1,0,0,0
-1.0700493579469863,-0.6792024060053854,0.3526644555178862,0,0,1,0,0,0,1,0,0,0
1.2253098172629415,0.546887049777707,-0.20764630612689347,0,0,1,0,0,0,1,0,0,0
2.5369436316686147,3.7773435160658626,1.0914829567676105,0,0,1,0,0,0,1,0,0,0
1.5532182708643598,1.7882669051575448,0.5151238357176038,0,0,1,1,0,0,1,0,0,0
-0.9060951311462772,-0.8968256675927287,-0.6373019048597309,0,0,1,1,0,0,1,0,0,0
-0.25027822394344057,-0.4767181539197703,-0.41002485965162444,0,0,1,1,0,0,1,0,0,0
1.881126724465778,1.7212767881123974,0.28233571950069253,0,0,1,1,0,0,1,0,0,0
-0.25027822394344057,-0.7000374678321388,-0.7538833738184019,1,0,1,0,0,0,1,0,0,0
1.717172497665069,0.1818287594054078,-0.6447945547017564,1,1,0,0,0,0,1,0,0,0
1.3892640440636508,1.0996312104476818,0.12320205410585577,0,0,1,1,0,0,1,0,0,0
0.569492910060105,-0.5454492570576165,-0.8963977363969722,0,1,1,1,0,0,1,0,0,0
0.2415844564586868,0.3762704126932298,0.28218671794133404,1,0,0,1,0,0,1,0,0,0
-0.742140904345568,-0.26982466531677685,0.6535005905500776,0,0,0,1,0,0,1,0,0,0
1.3892640440636508,-0.10770479731514462,-0.7573814773279814,0,0,1,0,0,0,1,0,0,0
-1.0700493579469863,-0.8873637866541485,-0.36850309177706664,0,0,1,0,0,1,0,0,0,0
0.569492910060105,0.7079093395904639,0.3442352244456076,0,0,1,0,0,0,1,0,0,0
0.07763022965797768,0.0966718309581865,0.09936180460850194,1,0,1,1,0,0,1,0,0,0
-0.08632399714273145,0.3710663781770107,0.6476875430476396,0,0,1,1,0,0,0,0,1,0
1.2253098172629415,0.3204074676318526,-0.38200859311731755,0,1,1,0,0,0,1,0,0,0
-0.5781866775448589,-0.8689509663476715,-0.8518539330861307,1,0,0,0,0,0,1,0,0,0
-0.742140904345568,-0.7586822058894586,-0.4755855457693474,1,0,1,0,0,0,0,1,0,0
1.881126724465778,3.8908860873288247,1.6489780219364998,0,0,1,1,0,0,1,0,0,0
-0.5781866775448589,-0.8400543819612478,-0.7946475515422661,1,0,1,1,0,0,1,0,0,0
-0.9060951311462772,-0.7052982736339894,-0.10647014150175145,1,0,0,0,0,0,1,0,0,0
-0.5781866775448589,-0.5069961729232267,-0.13529436544402335,0,0,1,0,0,0,0,0,0,0
0.7334471368608142,1.2604831864035444,0.7263603663889073,1,0,1,0,0,0,1,0,0,0
0.569492910060105,0.9619797665532179,0.595726016393193,0,0,1,0,0,0,1,0,0,0
-0.4142324507441497,0.0966718309581865,0.7296384006947935,0,0,1,0,0,0,1,0,0,0
-0.5781866775448589,-0.5813287095767123,-0.282450008341404,0,0,1,0,0,0,1,0,0,0
0.2415844564586868,1.4081642240929033,1.4738396023791065,0,0,1,1,0,0,1,0,0,0
1.881126724465778,-0.19664647813779798,-0.925768923777712,0,0,1,0,0,0,0,0,0,0
0.07763022965797768,-0.7539891129439228,-0.9723050907965467,0,0,1,0,0,0,1,0,0,0
2.8648520852700328,1.5904568222555884,-0.18177689190148894,0,0,1,0,0,0,1,0,0,0
2.5369436316686147,0.5640887493240456,-0.6211638898153683,0,1,1,0,0,0,1,0,0,0
-0.9060951311462772,0.04342036503585745,1.9686566954964169,0,0,1,0,0,0,1,0,0,0
-1.0700493579469863,-1.1409421958080965,-1.2470162857545546,0,0,1,0,0,0,1,0,0,0
0.40553868325939596,0.587156815052304,0.3636383057480529,0,0,1,1,0,0,0,1,0,0
-1.2340035847476953,-0.8627628962138402,0.14942632855294496,1,0,1,0,0,0,1,0,0,0
-0.5781866775448589,0.2196762831597284,1.3032944042248695,0,0,1,1,0,0,1,0,0,0
-1.0700493579469863,-1.0784937816134674,-1.0306660215660688,0,0,1,0,0,0,1,0,0,0
-0.9060951311462772,-0.6578185550841943,0.025123267673742188,0,0,0,0,0,0,1,0,0,0
0.40553868325939596,1.8565816855340935,1.7168310397366606,0,0,1,0,1,0,0,0,0,0
-1.0700493579469863,-1.0438254498545099,-0.9105588445984003,0,0,1,0,0,0,1,0,0,0
-0.08632399714273145,1.4875683289294679,2.194919735425902,0,0,1,0,0,0,1,0,0,0
-0.742140904345568,-1.0652471482994552,-1.1836409558407557,0,0,1,0,0,0,1,0,0,0
1.0613555904622325,-0.8968256675927287,-1.3037069966916446,1,0,1,0,0,0,1,0,0,0
-0.5781866775448589,-0.885414639180801,-0.8844469598989415,1,0,0,0,0,0,1,0,0,0
2.0450809512664874,1.5254158526837884,0.08329554951245924,0,0,1,1,0,0,1,0,0,0
1.881126724465778,0.2669856878526291,-0.6337258674351278,1,0,1,0,0,0,1,0,0,0
1.3892640440636508,1.828196042718353,0.6545886679021371,0,0,1,0,0,0,1,0,0,0
-0.4142324507441497,-0.08953798591307074,0.4070798249955963,0,0,1,1,0,0,1,0,0,0
-0.25027822394344057,2.30395834007204,3.871554153159191,0,0,1,0,0,0,1,0,0,0
-0.4142324507441497,-0.36696033503224057,-0.07348000424731319,0,0,1,0,0,0,1,0,0,0
-0.08632399714273145,0.844160425106018,1.3032944042248695,0,0,1,0,1,0,0,0,0,0
1.2253098172629415,1.5821871383152692,0.5894113776096636,0,0,1,0,0,0,1,0,0,0
0.2415844564586868,0.002999209666243071,-0.14887479328269462,1,0,1,0,0,0,1,0,0,0
0.2415844564586868,0.24806192597546883,0.13412883512547635,1,0,1,1,0,0,1,0,0,0
0.07763022965797768,-0.32911281127792,-0.4370438090819588,1,0,1,0,0,0,1,0,0,0
-1.2340035847476953,-1.048215762610011,-0.707233303385302,0,0,1,0,0,0,1,0,0,0
0.40553868325939596,-0.35840679466376413,-0.6443219414040287,0,1,1,0,0,0,1,0,0,0
0.7334471368608142,2.068111495796991,1.4724934229574893,0,0,1,0,0,0,1,0,0,0
-0.5781866775448589,0.42344735105299036,1.7066986717195216,0,0,1,0,0,0,0,1,0,0
0.2415844564586868,-0.4826602151491986,-0.7097246094577755,1,0,1,1,0,0,1,0,0,0
-0.08632399714273145,-0.2534177637692788,-0.21771351370630376,1,0,1,0,0,1,0,0,0,0
0.07763022965797768,0.3521426162998504,0.42120517282277836,0,0,1,1,0,0,1,0,0,0
0.07763022965797768,0.06828618814244607,0.0636014303624713,1,0,1,0,0,0,1,0,0,0
3.35671476567216,2.4526801846646427,0.06821567220066868,0,0,1,0,0,0,0,0,1,0
1.2253098172629415,1.6957297095782309,0.6768256257666277,0,0,1,1,0,0,1,0,0,0
3.6846232192735786,-0.12131098210482287,-1.1126685330871335,0,0,1,0,0,0,0,0,1,0
-0.08632399714273145,0.711694091965896,1.1197244830952453,0,0,1,0,0,0,1,0,0,0
-1.0700493579469863,-0.8104576183853691,-0.10206446339464041,0,0,0,0,0,0,1,0,0,0
0.07763022965797768,1.2226356626492236,1.517856649701054,1,0,1,0,0,0,1,0,0,0
0.7334471368608142,1.3172544720350252,0.7788089152830857,1,0,1,0,0,0,1,0,0,0
-0.25027822394344057,-0.24395588283069872,-0.05162644220807227,1,0,1,1,0,0,0,0,0,1
-0.4142324507441497,-0.3480365731550803,-0.04069966118845169,1,0,1,0,0,1,0,0,0,0
0.07763022965797768,-0.8589781438384081,-1.1045707950078656,1,0,1,1,0,0,1,0,0,0
-1.2340035847476953,-0.937700993247395,-0.1967340941486324,0,0,1,0,0,0,1,0,0,0
0.8974013636615233,0.2272457879105925,-0.3127765085770021,1,0,1,1,0,0,1,0,0,0
-0.9060951311462772,-0.8646552724015562,-0.5481393717396277,1,0,1,0,0,0,1,0,0,0
-1.0700493579469863,-1.0444310102345788,-0.9126567865541675,1,0,1,0,0,0,1,0,0,0
2.700897858469324,0.31429509254552984,-0.7849348573026034,1,0,1,0,0,0,1,0,0,0
-0.25027822394344057,0.27425241241345866,0.7462908149686951,0,0,0,1,0,0,1,0,0,0
-0.5781866775448589,-0.6129692394353243,-0.3450885610207369,0,1,1,0,0,0,1,0,0,0
1.3892640440636508,3.0771643266109323,1.5655371486957614,0,0,1,1,0,0,1,0,0,0
0.7334471368608142,2.2634425658930395,1.6529513968527256,0,0,1,0,0,0,1,0,0,0
2.3729894048679054,-0.8154534915209395,-1.3474552568869063,0,0,1,0,0,0,1,0,0,0
0.8974013636615233,0.25752380691404897,-0.2865522341299129,1,0,1,0,0,0,1,0,0,0
-0.9060951311462772,-0.8937978656923831,-0.6289101370366623,1,0,0,0,0,0,1,0,0,0
-0.08632399714273145,1.1853936992749723,1.7761705210547822,1,0,1,0,0,0,1,0,0,0
0.8974013636615233,1.3172544720350252,0.631297371518209,0,0,1,0,0,0,1,0,0,0
-0.9060951311462772,-0.8741171533401364,-0.5743636461867169,0,0,1,0,0,0,1,0,0,0
-0.08632399714273145,1.364563876727926,2.0244619515198226,0,0,1,1,0,0,1,0,0,0
-1.2340035847476953,-1.0170104792745738,-0.5630872081744684,0,0,0,0,0,0,1,0,0,0
-0.4142324507441497,-0.03967387336675338,0.49345602895569635,0,0,1,0,0,0,1,0,0,0
1.2253098172629415,0.14398123565108722,-0.5178357657118801,0,0,1,1,0,0,1,0,0,0
-0.9060951311462772,-0.4284625611330115,0.6607996802711843,0,0,1,0,0,0,1,0,0,0
0.07763022965797768,0.6927703300887357,0.850329663775147,0,0,1,1,0,0,1,0,0,0
-1.0700493579469863,-1.0292920007328508,-0.8602082376599891,0,0,1,0,0,0,1,0,0,0
0.7334471368608142,0.015299654886397259,-0.42401113935673884,1,0,1,0,0,0,1,0,0,0
-1.0700493579469863,-0.8542472033691181,-0.2537718910710514,1,0,1,0,0,0,1,0,0,0
-0.08632399714273145,-1.0817486686563391,-1.365602454804292,0,0,1,0,0,0,1,0,0,0
-1.0700493579469863,-1.0879556625520477,-1.0634463646249304,0,0,1,0,0,0,1,0,0,0
-0.4142324507441497,-0.04222858122017002,0.48903068264275007,1,0,1,1,0,0,1,0,0,0
-0.9060951311462772,-1.0071133518128188,-0.9429720478150025,0,0,0,0,0,1,0,0,0,0
-1.0700493579469863,-0.6296789211728568,0.5242367710879673,0,0,0,0,0,0,1,0,0,0
-0.5781866775448589,0.3938505874771117,1.6481061499548824,0,0,0,1,0,0,1,0,0,0
-0.5781866775448589,-0.5013190443600787,-0.12405539068098527,0,0,1,0,0,0,1,0,0,0
0.569492910060105,-0.19853885432551402,-0.5530095941369442,1,1,0,0,0,0,1,0,0,0
0.8974013636615233,0.4666313756566702,-0.10544083872970314,1,0,1,0,0,0,1,0,0,0
-0.4142324507441497,-1.0302381888267087,-1.2224310284604085,1,1,1,0,0,0,1,0,0,0
2.0450809512664874,0.42026815905762743,-0.5825729842745013,1,0,1,1,0,0,1,0,0,0
-1.0700493579469863,-1.107352518476137,-1.1306460678955963,1,0,1,0,0,0,1,0,0,0
-0.742140904345568,-0.9592740817873576,-0.9388810610012567,0,0,1,0,0,0,1,0,0,0
-1.0700493579469863,-0.8613057665492988,-0.27822602699296206,0,0,0,0,0,0,1,0,0,0
-0.4142324507441497,-0.37091540126456707,-0.08033109594661524,1,0,1,0,0,0,1,0,0,0
-0.08632399714273145,0.7053546317370473,1.1109393511554704,0,0,1,0,0,0,1,0,0,0
0.569492910060105,0.9807899858591153,0.6143452512506263,0,0,1,0,0,0,0,1,0,0
0.7334471368608142,1.5821871383152692,1.023568810122585,0,0,1,0,0,0,1,0,0,0
-0.4142324507441497,-0.007408859366195088,0.5493465138710553,1,0,1,0,0,1,0,0,0,0
-1.2340035847476953,-1.057677643548591,-0.7509404274637841,0,0,1,1,0,0,1,0,0,0
-0.08632399714273145,-0.251430768772177,-0.2149599648893594,1,0,1,1,1,0,0,0,0,0
-0.5781866775448589,-0.6933006086038698,-0.5041200539177279,1,0,1,0,0,0,1,0,0,0
-0.742140904345568,-0.8627628962138402,-0.7159747282009985,1,0,1,0,0,1,0,0,0,0
-1.0700493579469863,-0.5056525858299483,0.9539215079035238,1,0,0,0,0,0,0,1,0,0
1.881126724465778,-0.3858840969094009,-1.044970171264481,0,0,1,0,0,0,1,0,0,0
-0.9060951311462772,-0.8996642318743028,-0.6451691871938576,0,0,1,0,0,1,0,0,0,0
-0.5781866775448589,0.3710663781770107,1.603000397905889,0,0,1,1,0,0,0,0,0,0
-0.742140904345568,-0.23449400189211855,0.7351017912046038,0,0,1,1,0,0,1,0,0,0
1.717172497665069,1.374025757666506,0.14193367871091953,1,0,1,0,0,0,1,0,0,0
0.07763022965797768,-1.0198301197942705,-1.307212915735373,1,0,1,0,0,0,1,0,0,0
0.569492910060105,-0.60206915259408,-0.9524427572153228,0,1,1,0,0,0,1,0,0,0
-0.08632399714273145,0.6976905081767973,1.1003185200043992,1,0,1,0,0,1,0,0,0,0
-1.0700493579469863,-0.7102752230076825,0.2450138089125851,1,0,1,0,0,0,1,0,0,0
0.569492910060105,1.8565816855340935,1.481244837972975,0,0,1,0,1,0,0,0,0,0
-0.9060951311462772,-1.1292473109680115,-1.2814749823780298,1,0,0,0,0,0,1,0,0,0
1.2253098172629415,-0.3101890494007597,-0.867492758339736,1,1,1,0,0,0,1,0,0,0
-0.5781866775448589,-0.8666801149224124,-0.8473583431809153,1,0,0,0,0,0,1,0,0,0
-0.5781866775448589,-1.1043625640995456,-1.3178967532601158,0,0,1,0,0,0,1,0,0,0
0.07763022965797768,0.20972238441234206,0.2417834551056936,1,0,1,0,0,0,1,0,0,0
-0.5781866775448589,-0.5662464713606156,-0.2525917987209324,1,0,0,0,0,0,1,0,0,0
-0.4142324507441497,-0.8722247771524203,-0.9487151639189151,1,1,1,0,0,0,1,0,0,0
0.7334471368608142,-0.10202766875199654,-0.5324048070713742,1,0,1,1,0,0,1,0,0,0
-0.08632399714273145,1.0239361629390407,1.552425011472217,0,0,1,0,0,0,1,0,0,0
-0.9060951311462772,-0.7598176316020882,-0.25757441086587934,0,0,0,1,0,0,1,0,0,0
-0.742140904345568,-0.9344839537282776,-0.8816247284584452,0,0,1,0,0,0,1,0,0,0
-0.4142324507441497,-0.3810963851544793,-0.09796692051228273,1,0,1,0,0,0,0,0,0,1
-0.5781866775448589,-0.6127421542927984,-0.34463900203021547,1,0,1,0,0,1,0,0,0,0
2.5369436316686147,2.7212651369871788,0.5285990782796465,0,0,1,0,0,0,1,0,0,0
0.8974013636615233,0.04936242626528578,-0.46684412095365113,0,0,1,1,0,0,1,0,0,0
0.8974013636615233,0.39320717957328827,-0.16903470426389444,0,0,1,1,0,0,1,0,0,0
-0.742140904345568,-1.1391633621916433,-1.3543609824913063,0,0,0,0,0,0,1,0,0,0
0.07763022965797768,-0.7075880488211258,-0.9138487990290352,1,0,1,0,0,0,1,0,0,0
-0.742140904345568,-0.4805029062952023,0.16690917818433784,1,0,1,0,0,0,1,0,0,0
-0.9060951311462772,-0.23129588613487848,1.2072611111996288,1,0,1,0,0,0,1,0,0,0
-1.2340035847476953,-1.2336307814824274,-1.5637181068272352,0,0,1,0,0,0,1,0,0,0
1.2253098172629415,0.6214466715737185,-0.15024428317048716,0,0,1,1,0,0,1,0,0,0
2.3729894048679054,1.9228148521041544,0.17040574811061635,0,0,1,1,0,0,1,0,0,0
-1.0700493579469863,-0.9369061952485542,-0.5401409680332654,1,0,1,0,0,0,1,0,0,0
-0.742140904345568,-0.7507153021391741,-0.4571848465323067,1,0,1,0,0,0,1,0,0,0
2.0450809512664874,0.46568518756281213,-0.5552085239818865,0,0,1,1,0,0,1,0,0,0
1.3892640440636508,1.0642437757373922,0.09739184715003635,0,0,1,0,0,0,1,0,0,0
-0.4142324507441497,0.16290499752824752,0.8443696014008086,0,0,1,0,0,0,1,0,0,0
1.0613555904622325,0.24643448245403304,-0.3717579870172641,1,0,1,1,0,0,1,0,0,0
1.2253098172629415,0.5413802350714533,-0.21188589716250605,1,1,1,0,0,0,1,0,0,0
-0.5781866775448589,-0.8779586770011999,-0.8696864397101514,0,0,1,0,0,0,1,0,0,0
0.7334471368608142,0.14398123565108722,-0.3051277618632677,1,0,1,0,0,0,1,0,0,0
1.5532182708643598,1.9322767330427346,0.6149071999887782,0,0,1,0,0,0,1,0,0,0
-0.9060951311462772,-0.3858840969094009,0.7788089152830857,0,0,1,0,0,0,1,0,0,0
-0.25027822394344057,-0.2098931114518102,0.0008221066861061205,1,0,1,0,0,0,1,0,0,0
-0.08632399714273145,1.033398043877621,1.5655371486957614,1,0,1,0,0,0,1,0,0,0
-0.4142324507441497,0.08041631950570581,0.7014800860072314,0,0,1,1,0,0,0,1,0,0
-0.9060951311462772,-0.48148694191281466,0.5138388462696966,0,0,1,0,0,0,1,0,0,0
0.7334471368608142,3.3042494691368556,2.6145081265793295,0,0,1,0,0,0,0,0,0,0
-0.4142324507441497,-0.8816866580910004,-0.9651053354483459,1,0,1,0,0,0,1,0,0,0
-0.5781866775448589,0.20546453798998102,1.275159504068064,0,0,0,1,0,0,1,0,0,0
0.07763022965797768,0.15344311658966736,0.17088255310056344,1,0,1,0,0,0,1,0,0,0
-1.2340035847476953,-1.1705768069077294,-1.2724538319682313,0,0,0,0,0,0,0,1,0,0
-0.4142324507441497,1.0324518557837628,2.3506263649554944,0,0,1,0,0,0,1,0,0,0
1.2253098172629415,-0.14267590926413684,-0.7385276042254952,0,0,0,0,0,0,1,0,0,0
-0.9060951311462772,-0.9807336277560574,-0.869858770656518,1,0,0,0,0,0,1,0,0,0
-1.2340035847476953,-1.2171103373636667,-1.4874054681862057,0,1,1,0,0,0,1,0,0,0
-0.9060951311462772,-1.0009063579171102,-0.925768923777712,1,0,1,1,0,0,1,0,0,0
-0.742140904345568,-0.7536106377063796,-0.4638720365163144,1,1,1,0,0,0,1,0,0,0
-0.742140904345568,-0.8703324009647043,-0.7334575778323912,0,0,1,0,0,0,1,0,0,0
-0.08632399714273145,-0.5164580538618069,-0.5822309285208436,1,0,1,0,0,0,1,0,0,0
0.07763022965797768,0.6973498804630084,0.8560990041535066,0,1,0,1,0,0,1,0,0,0
0.2415844564586868,0.5035327113171327,0.42915192265522983,1,0,1,1,0,0,1,0,0,0
-0.5781866775448589,-0.7366360233025668,-0.5899108946089197,0,0,0,0,0,0,1,0,0,0
-0.742140904345568,-0.9346731913470493,-0.88206179969923,0,0,1,0,0,0,0,1,0,0
-0.9060951311462772,-0.33087272113249594,0.9312768469184621,0,0,1,0,0,0,1,0,0,0
1.881126724465778,1.2226356626492236,-0.031759567626944034,0,0,1,1,0,0,1,0,0,0
0.569492910060105,1.2144416737564134,0.8456246202493478,1,0,1,0,0,0,1,0,0,0
-0.25027822394344057,1.0622567807402903,1.959629717470074,1,0,1,1,0,0,1,0,0,0
-0.08632399714273145,0.10613371189676665,0.280547700788391,0,0,1,1,1,0,0,0,0,0
-0.742140904345568,-1.0789668756603965,-1.2153286207976552,1,0,0,0,0,0,1,0,0,0
-0.08632399714273145,-0.08310390687483625,0.018304956317498997,0,0,1,1,0,0,1,0,0,0
-0.4142324507441497,-0.90134844668137,-0.9991641118865029,1,0,0,0,0,0,1,0,0,0
0.2415844564586868,2.4772810751049508,2.7084784433480658,0,0,1,0,1,0,0,0,0,0
-1.0700493579469863,-0.6356020586404081,0.50371627633312,0,0,1,1,0,0,1,0,0,0
-0.742140904345568,-0.42373162066372144,0.2980305504197838,0,0,1,0,0,0,1,0,0,0
-0.4142324507441497,-0.25152538758156284,0.12648008841174194,1,0,1,0,0,0,1,0,0,0
1.717172497665069,0.1818287594054078,-0.6447945547017564,0,0,1,0,0,0,1,0,0,0
2.0450809512664874,0.711694091965896,-0.4069843640635563,0,0,1,0,0,0,1,0,0,0
-0.5781866775448589,0.2222877622987765,1.3084643326158674,1,0,0,0,0,0,1,0,0,0
-0.742140904345568,-0.3622293945629505,0.44007870367485014,1,0,1,1,0,0,1,0,0,0
-0.25027822394344057,0.2406816588433763,0.6945998562252104,0,0,0,0,0,0,1,0,0,0
-0.9060951311462772,-0.7752783450557281,-0.300424875312423,0,0,0,0,0,0,1,0,0,0
-0.9060951311462772,-0.7893954714160897,-0.33955149278748026,0,0,0,0,0,0,1,0,0,0
0.7334471368608142,1.3642421727760141,0.8222188309178339,0,0,1,0,0,0,1,0,0,0
-0.4142324507441497,-1.1012022958660599,-1.345357314931139,1,0,1,0,0,0,1,0,0,0
-0.5781866775448589,-0.849516262899828,-0.8133791761473298,0,0,1,0,0,0,1,0,0,0
1.3892640440636508,0.15344311658966736,-0.56691043134386,1,0,1,0,0,0,1,0,0,0
0.40553868325939596,1.219948488462667,1.0381871620836034,0,0,1,1,0,0,1,0,0,0
1.3892640440636508,-1.0984394266319943,-1.4799844585926698,0,1,1,0,0,0,1,0,0,0
-1.2340035847476953,-0.9252113104084692,-0.1390406903650362,0,0,1,0,0,0,1,0,0,0
-0.25027822394344057,1.5064920908066282,2.6436462092983173,0,0,1,1,0,0,1,0,0,0
-1.0700493579469863,-1.05941862964129,-0.9645808499594041,1,0,0,0,0,0,0,1,0,0
1.3892640440636508,-0.5331866593612166,-1.0677112597850096,0,0,1,1,0,0,1,0,0,0
-0.9060951311462772,-0.2534177637692788,1.1459487575423344,0,0,1,0,0,0,1,0,0,0
-0.4142324507441497,-0.22503212095353842,0.17237256869414802,0,0,1,1,0,0,1,0,0,0
-0.4142324507441497,0.05797273791939371,0.6626025991394217,0,0,1,0,0,0,1,0,0,0
-0.742140904345568,-0.8465830798088682,-0.6786051371138964,0,0,0,0,0,0,1,0,0,0
0.569492910060105,-0.8979421695434812,-1.2453117079154938,1,0,1,0,0,0,1,0,0,0
-1.0700493579469863,-0.5917557023710277,0.6556203860678842,0,0,0,0,0,0,1,0,0,0
-0.25027822394344057,-0.6413548822510647,-0.6635261793068201,1,0,1,0,0,0,1,0,0,0
-0.08632399714273145,-1.0717758461470757,-1.351782262170676,1,0,1,0,0,0,1,0,0,0
2.209035178067196,0.456223306624232,-0.6034288836989073,1,0,1,0,0,0,1,0,0,0
-1.2340035847476953,-1.0009063579171102,-0.488697682992892,0,0,1,0,0,0,0,1,0,0
0.40553868325939596,0.5167793446311449,0.2886167083105722,0,0,1,1,0,0,1,0,0,0
-0.5781866775448589,-0.915749429469889,-0.9445005483827758,1,0,1,0,0,0,1,0,0,0
-0.742140904345568,-0.49942666817236264,0.12320205410585577,1,0,1,0,0,1,0,0,0,0
-1.0700493579469863,-1.1049870482414919,-1.122450982130881,0,1,1,0,0,0,1,0,0,0
-1.0700493579469863,-0.9224105936506494,-0.4899214824670896,0,0,0,0,0,0,0,0,0,0
-0.25027822394344057,-0.08310390687483625,0.19604726090332567,1,0,1,0,0,0,1,0,0,0
-0.5781866775448589,-0.9757756021442414,-1.0633339748772999,0,0,1,0,0,0,0,1,0,0
0.07763022965797768,0.14398123565108722,0.15896242835188643,1,0,1,0,0,0,0,0,0,0
1.2253098172629415,-0.04658104645191689,-0.6645460122019846,0,0,1,1,0,0,1,0,0,0
-1.2340035847476953,-1.0759958450456824,-0.8355574196797252,1,0,0,0,0,0,0,0,0,0
0.40553868325939596,0.6738465682115753,0.4560486143958341,0,0,1,0,0,0,1,0,0,0
-1.2340035847476953,-0.9657081608255922,-0.32610718142093903,1,0,1,0,0,0,0,1,0,0
-0.25027822394344057,-0.5372741919266832,-0.5032667243523861,1,0,1,0,0,0,1,0,0,0
-0.08632399714273145,0.6118901718257526,0.9814176596612969,0,0,0,1,0,0,1,0,0,0
1.717172497665069,1.5064920908066282,0.22934792686788344,0,0,1,0,0,0,1,0,0,0
-1.2340035847476953,-1.215501817604108,-1.4799752570928637,1,1,1,0,0,0,1,0,0,0
2.5369436316686147,2.6419178034362454,0.4863073926040139,0,0,1,1,0,0,1,0,0,0
1.3892640440636508,0.12819881824553556,-0.5853226324556583,1,0,1,1,0,0,1,0,0,0
-0.25027822394344057,0.27644756879120924,0.7496708325640976,0,0,1,0,0,0,1,0,0,0
-0.742140904345568,-0.6489243870019289,-0.22208422611415204,1,0,1,0,0,0,1,0,0,0
0.07763022965797768,1.8092722808411927,2.256904384119022,0,0,1,0,0,0,0,1,0,0
0.2415844564586868,0.8933622059866347,0.8793353006635944,0,0,1,1,0,0,1,0,0,0
-0.9060951311462772,-0.2570511260496936,1.1358786361546522,0,0,1,0,0,0,1,0,0,0
-0.742140904345568,-0.24068207202595,0.7208095616309402,0,0,1,0,0,0,0,0,0,0
-0.742140904345568,-0.8472075639508144,-0.6800474722084863,1,0,0,0,0,0,1,0,0,0
-1.2340035847476953,-1.0595700197363072,-0.7596818522794805,0,0,1,0,0,0,0,0,0,1
-0.9060951311462772,-0.7792523350499319,-0.31143907058020043,0,0,1,0,0,0,1,0,0,0
-0.08632399714273145,-0.23922494236140862,-0.19804530787098687,1,0,1,1,0,0,0,1,0,0
0.07763022965797768,1.1374787342020025,1.410575526962962,1,0,1,1,0,0,1,0,0,0
0.7334471368608142,2.225595042138719,1.61798569758994,0,0,1,0,0,0,1,0,0,0
-0.5781866775448589,0.05250377073689439,0.9723440607026039,0,0,0,0,0,0,1,0,0,0
-1.0700493579469863,-1.1948749171580033,-1.4338642411900653,1,0,1,0,0,0,1,0,0,0
-0.5781866775448589,-0.47919716672567825,-0.08026085235434632,0,0,1,1,0,0,1,0,0,0
0.07763022965797768,-0.6318930013124846,-0.8184878010396199,1,0,1,0,0,0,1,0,0,0
-0.742140904345568,-0.33857469221650016,0.4947126087729528,0,0,1,0,0,0,1,0,0,0
-0.08632399714273145,0.357289879530438,0.6285962712501589,1,0,1,1,0,0,1,0,0,0
1.2253098172629415,1.033398043877621,0.16690917818433784,1,0,1,0,0,0,1,0,0,0
-1.0700493579469863,-1.076658176711383,-1.0243066350126497,1,0,0,0,0,0,1,0,0,0
0.569492910060105,2.6816577033782822,2.2979436707537526,0,0,1,1,0,0,1,0,0,0
0.07763022965797768,-0.7340813154491502,-0.9472251483253306,1,0,1,0,0,0,1,0,0,0
-0.742140904345568,-0.3101890494007597,0.5602732948906758,0,0,1,0,0,0,1,0,0,0
0.2415844564586868,0.6378914206449707,0.584312213133841,1,0,1,0,0,0,1,0,0,0
-1.2340035847476953,-1.1958211052518612,-1.3890644390096212,1,0,1,0,0,0,0,1,0,0
-0.08632399714273145,0.48913172852861375,0.8113007913230291,1,0,1,0,0,0,1,0,0,0
-0.25027822394344057,-0.17772271626063768,0.050356847308385896,0,0,1,0,0,0,1,0,0,0
-0.9060951311462772,-0.7150061634769727,-0.13337624708446483,0,0,0,0,0,0,1,0,0,0
-0.742140904345568,-0.45781331580448714,0.2193140199544377,0,0,0,0,0,0,1,0,0,0
-0.9060951311462772,-0.3801501970606213,0.7947008255980218,0,0,0,0,0,0,1,0,0,0
-0.08632399714273145,-0.4313011254145856,-0.4642216935089422,0,0,1,1,0,0,1,0,0,0
1.3892640440636508,0.33605741870426414,-0.43371872165206476,0,0,1,0,0,0,1,0,0,0
0.2415844564586868,0.470151195365822,0.3906022392180087,1,0,1,0,1,0,0,0,0,0
-0.25027822394344057,-0.007408859366195088,0.3125995917792779,0,0,1,1,0,0,1,0,0,0
-0.4142324507441497,-0.6129692394353243,-0.4996244640125126,1,0,1,1,0,0,1,0,0,0
-1.2340035847476953,-1.2128524909413054,-1.4677372623508889,0,0,0,0,0,1,0,0,0,0
-0.9060951311462772,-0.790852601080631,-0.3435900310523319,1,0,1,0,0,0,0,1,0,0
-0.4142324507441497,-1.0815783547994446,-1.3113640991790998,0,1,1,0,0,0,1,0,0,0
0.07763022965797768,-0.5911690657528357,-0.7671835841213145,1,0,1,0,0,0,1,0,0,0
0.07763022965797768,0.389990140054171,0.468885671817486,1,0,1,1,0,0,1,0,0,0
-0.742140904345568,-0.9592740817873576,-0.9388810610012567,1,0,1,0,0,1,0,0,0,0
-0.08632399714273145,0.5792277588257739,0.9361545619656209,1,0,1,0,0,0,1,0,0,0
-0.08632399714273145,0.17899019512383377,0.38151115740968433,1,0,1,1,0,0,1,0,0,0
-0.5781866775448589,-0.16300002952020698,0.5457125786976728,0,0,1,0,0,0,0,1,0,0
0.8974013636615233,0.30854226893487313,-0.2423643316865676,1,0,1,1,0,0,1,0,0,0
-0.9060951311462772,-0.6697405250668053,-0.007919318129590198,1,0,1,0,0,0,0,1,0,0
-0.4142324507441497,-0.7665923383541116,-0.7657352889643503,1,0,1,0,0,0,1,0,0,0
-1.0700493579469863,-0.6663910192145478,0.3970490400195847,0,0,0,0,0,0,1,0,0,0
-1.0700493579469863,-0.9750754229547864,-0.6723768719327127,0,0,1,0,0,0,1,0,0,0
-0.25027822394344057,1.63895842394675,2.847612788331234,0,0,1,0,0,0,1,0,0,0
0.2415844564586868,1.12243434350966,1.1438726691486067,0,0,1,0,1,0,0,0,0,0
-0.742140904345568,1.033398043877621,3.663479104462897,1,0,1,0,0,0,1,0,0,0
-0.9060951311462772,-0.6962337916948296,-0.08134728658143994,0,0,1,0,0,0,0,1,0,0
-0.4142324507441497,0.654922806334415,1.6966585209312075,0,0,1,1,0,0,1,0,0,0
0.569492910060105,1.8471198045955133,1.471879025670443,0,0,1,0,1,0,0,0,0,0
-0.9060951311462772,0.4445473455460241,3.0804085864063158,0,0,1,0,0,0,1,0,0,0
-0.742140904345568,-0.7200777316600516,-0.38642301264924417,0,0,0,0,0,0,1,0,0,0
2.0450809512664874,1.79536331586148,0.2459430603766886,0,0,1,1,0,0,1,0,0,0
0.8974013636615233,0.6568151825221311,0.059280385141075864,0,0,1,0,0,0,0,0,1,0
-0.9060951311462772,-0.46157914441804204,0.5690147197063721,1,0,1,0,0,0,0,1,0,0
-0.4142324507441497,-0.08310390687483625,0.41822514163560925,1,0,1,0,0,0,1,0,0,0
-1.0700493579469863,-1.147508741179471,-1.2697658438374047,0,0,1,0,0,0,1,0,0,0
1.3892640440636508,-1.160849993302869,-1.5255042781329329,0,1,1,0,0,0,1,0,0,0
-0.4142324507441497,0.1345193547125071,0.7951990868125164,1,0,1,0,0,0,1,0,0,0
-1.0700493579469863,-0.7075880488211258,0.2543234263413018,1,0,1,0,0,1,0,0,0,0
0.40553868325939596,0.40891390193133126,0.17363335111948885,0,0,1,1,0,0,1,0,0,0
1.717172497665069,-0.7596283939833166,-1.2660601041030362,0,1,0,0,0,0,1,0,0,0
-1.2340035847476953,-1.1522964529343926,-1.188011668248604,0,0,1,0,0,1,0,0,0,0
-0.4142324507441497,0.07964044526874224,0.700136091941818,1,0,1,0,0,0,1,0,0,0
-0.25027822394344057,0.5173092099637054,1.120540349411377,0,0,1,0,0,0,1,0,0,0
-0.25027822394344057,0.12747971529420346,0.5202958454002243,0,0,0,0,1,0,0,0,0,0
-0.08632399714273145,-0.32911281127792,-0.3226106114946605,1,0,1,1,0,0,1,0,0,0
0.7334471368608142,0.6295271178952659,0.1434471939790086,0,0,1,0,0,0,1,0,0,0
0.2415844564586868,1.245344176901816,1.285811554593477,1,0,1,0,0,0,0,1,0,0
-0.5781866775448589,-0.49942666817236264,-0.12030906575997243,1,0,1,0,0,0,0,1,0,0
-0.5781866775448589,0.19696776890713605,1.258338505172717,0,0,0,0,0,0,1,0,0,0
-0.5781866775448589,-0.1922183178585425,0.4878693219172361,0,0,0,0,0,0,1,0,0,0
-0.742140904345568,-0.7641133255482035,-0.4881294903798719,1,0,1,0,0,0,1,0,0,0
-0.4142324507441497,0.10613371189676665,0.7460285722242241,0,0,1,1,0,0,0,0,0,1
1.5532182708643598,2.575854950723079,1.0608378748243066,0,0,1,1,0,0,1,0,0,0
-0.4142324507441497,-0.13041331156773697,0.3362742839884555,0,0,1,0,0,0,1,0,0,0
-0.9060951311462772,-0.6129692394353243,0.14942632855294496,1,0,1,0,0,1,0,0,0,0
0.07763022965797768,0.128842226149359,0.13989022875400353,0,0,1,0,0,0,0,0,0,0
-0.742140904345568,-0.41362633182131786,0.3213701546776932,1,0,1,0,0,1,0,0,0,0
-1.2340035847476953,-1.2332523062448844,-1.5619698218640958,1,0,1,0,0,0,1,0,0,0
1.5532182708643598,0.4902860780031205,-0.38423765644532015,0,0,1,0,0,0,1,0,0,0
-1.0700493579469863,-1.0906428367386043,-1.072755982053647,1,0,0,0,0,0,1,0,0,0
0.2415844564586868,0.5498580803924211,0.48264944252729175,0,0,1,0,0,0,0,1,0,0
-0.5781866775448589,-0.2537205439593134,0.3661137619843221,1,0,1,0,0,0,0,1,0,0
-0.08632399714273145,0.8087729903957283,1.2542550110088129,0,0,1,0,0,0,1,0,0,0
-0.08632399714273145,0.7270980341339044,1.1410710424951758,0,0,1,1,0,0,1,0,0,0
0.40553868325939596,1.1511984615629436,0.9649004012633917,0,0,1,1,0,0,0,1,0,0
0.7334471368608142,1.1193497703236828,0.5959732738379796,1,0,1,0,0,0,1,0,0,0
0.2415844564586868,0.5843939458182387,0.5225321932489065,1,0,1,1,0,0,1,0,0,0
-0.4142324507441497,0.4770583684509855,1.3885560765209684,0,0,1,0,0,0,1,0,0,0
0.569492910060105,0.14250518222466874,-0.2154282555044861,1,0,0,0,0,0,1,0,0,0
1.881126724465778,2.130976232752918,0.5404064203095476,1,0,1,0,0,0,1,0,0,0
-0.5781866775448589,-0.7978543929751803,-0.7111045058036819,1,0,1,0,0,0,1,0,0,0
2.0450809512664874,0.10613371189676665,-0.7718438346317537,0,1,1,0,0,0,1,0,0,0
1.881126724465778,2.2445188040158794,0.611927168801609,0,0,1,1,0,0,1,0,0,0
-1.0700493579469863,-1.11066417680464,-1.1421191879661978,0,0,1,0,0,0,1,0,0,0
0.7334471368608142,-0.42373162066372144,-0.8296132508050517,1,1,1,0,0,0,1,0,0,0
0.40553868325939596,0.03043866438812549,-0.2298170249895756,1,0,1,1,0,0,1,0,0,0
-1.0700493579469863,-0.650816763189645,0.4510054846944707,0,0,1,0,0,0,1,0,0,0
-1.0700493579469863,-1.2043367980965833,-1.4666445842489266,1,0,1,0,0,0,1,0,0,0
-1.0700493579469863,-0.3961218520849446,1.3333867591529045,0,0,1,0,0,0,0,1,0,0
-0.5781866775448589,-0.8154534915209395,-0.7459453275691004,1,0,1,0,0,0,1,0,0,0
0.07763022965797768,0.8063129013516973,0.99337116075927,1,0,1,0,0,0,1,0,0,0
0.07763022965797768,-0.7454355725754463,-0.9615292980237428,1,0,1,0,0,0,1,0,0,0
-0.742140904345568,-0.2259404615236421,0.7548574112880774,0,0,1,1,0,0,1,0,0,0
-1.0700493579469863,-0.7875030952283737,-0.022539351133842426,0,1,1,0,0,0,1,0,0,0
2.5369436316686147,2.3202138515245205,0.31484098275766137,0,0,1,1,0,0,0,0,1,0
2.3729894048679054,0.4732546923136763,-0.6331060209481966,0,0,1,0,0,0,1,0,0,0
-0.742140904345568,-0.6697405250668053,-0.27016206260048214,0,0,1,0,0,0,1,0,0,0
-1.2340035847476953,-1.1200503626957115,-1.0390577893891373,0,0,0,0,0,0,0,1,0,0
1.881126724465778,0.5508421160100334,-0.4549239962049743,1,1,1,0,0,0,1,0,0,0
-0.4142324507441497,-0.7974759177376372,-0.8192328088364121,1,0,1,0,0,1,0,0,0,0
-0.742140904345568,-0.41848973862374805,0.3101374237895232,1,0,0,0,0,0,1,0,0,0
-0.08632399714273145,0.4978555827539846,0.8233901818431373,0,1,1,0,0,0,1,0,0,0
-0.5781866775448589,-0.6110768632476083,-0.3413422360997243,0,0,1,0,0,1,0,0,0,0
-1.0700493579469863,-0.7738212153911869,0.024861024929271294,1,0,1,0,0,0,0,1,0,0
-0.25027822394344057,-0.40480785878656117,-0.2993001453194702,1,0,1,0,0,0,1,0,0,0
0.8974013636615233,1.2737298197175566,0.5935999770005183,1,0,1,1,0,0,1,0,0,0
-0.08632399714273145,0.3540349924875664,0.6240856960452594,0,1,1,0,0,0,1,0,0,0
-0.4142324507441497,-0.7295396125986318,-0.7015513772550994,0,1,1,0,0,0,1,0,0,0
-0.5781866775448589,-0.5686876366427692,-0.25742455786903884,0,0,1,0,0,0,1,0,0,0
-0.742140904345568,-0.1587989543834774,0.9099302875185317,0,0,1,1,0,0,1,0,0,0
-1.2340035847476953,-1.0103682388556905,-0.5324048070713742,0,0,1,0,0,0,1,0,0,0
-1.0700493579469863,-0.6611302134126973,0.4152749107603117,0,0,0,0,0,0,1,0,0,0
-0.25027822394344057,-0.32911281127792,-0.18274781444351826,0,0,1,0,0,0,1,0,0,0
1.717172497665069,0.6359990444572547,-0.3450885610207369,1,1,1,0,0,0,1,0,0,0
0.07763022965797768,1.109093091386262,1.3748151527169308,1,0,1,0,0,0,1,0,0,0
-0.5781866775448589,-0.4408765489244287,-0.004397772703838187,1,0,1,0,0,1,0,0,0,0
-0.25027822394344057,-0.20756548874091946,0.0044060908605417235,1,0,1,0,0,0,1,0,0,0
-0.9060951311462772,-0.7265118106982861,-0.16526496481212538,1,0,1,0,0,0,1,0,0,0
0.2415844564586868,-0.4350858777900176,-0.6547847544911236,1,0,1,0,0,0,0,0,0,0
1.0613555904622325,1.6957297095782309,0.8096610028678966,1,0,1,1,1,0,0,0,0,0
-1.0700493579469863,-0.93240233992179,-0.5245375247372474,0,0,0,0,0,0,1,0,0,0
-0.4142324507441497,-0.8589781438384081,-0.925768923777712,1,0,1,0,0,0,1,0,0,0
-0.742140904345568,-0.3175125452472208,0.5433586378723032,1,0,1,1,0,0,1,0,0,0
-0.9060951311462772,-0.8400543819612478,-0.4799562581771957,1,0,1,0,0,0,1,0,0,0
0.40553868325939596,0.41016287021522385,0.17496473736064871,1,0,1,0,0,0,1,0,0,0
1.5532182708643598,-0.8684400247769882,-1.3256891090958223,1,0,1,0,0,0,1,0,0,0
-0.08632399714273145,0.3601095200501349,0.6325036881427751,0,0,1,0,1,0,0,0,0,0
-0.08632399714273145,-0.47898900534502953,-0.530306865115607,1,0,1,0,0,0,1,0,0,0
-0.08632399714273145,-0.47075716892846475,-0.5188993057311232,1,0,0,1,0,0,1,0,0,0
-0.08632399714273145,0.42579389752575825,0.7235281447486218,0,1,1,0,0,0,1,0,0,0
-0.25027822394344057,-0.5221351824249549,-0.4799562581771957,0,1,1,0,0,0,1,0,0,0
-0.4142324507441497,0.04417731551094386,0.6387057290495116,1,0,1,0,0,0,1,0,0,0
-1.0700493579469863,-1.1625342081099364,-1.3218210286148766,0,0,1,0,0,0,1,0,0,0
-0.9060951311462772,-1.030862672968655,-1.0087949766771964,1,0,0,0,0,0,1,0,0,0
0.2415844564586868,1.1249512038393223,1.1467791928998254,0,0,1,0,0,0,1,0,0,0
0.07763022965797768,-0.6943414155071136,-0.8971606243808875,1,0,0,0,0,0,1,0,0,0
-0.742140904345568,-0.7289718997423169,-0.4069653609661309,0,0,1,1,0,0,1,0,0,0
-0.9060951311462772,-0.7454355725754463,-0.21771351370630376,1,0,1,0,0,0,1,0,0,0
-0.08632399714273145,2.028787918616252,2.9449339846126534,0,0,1,1,0,0,0,0,0,0
-0.4142324507441497,-0.38204257324833735,-0.0996059376652258,1,0,1,0,0,0,1,0,0,0
2.3729894048679054,1.0712455676319415,-0.3016311919369892,0,1,1,0,0,0,1,0,0,0
2.0450809512664874,-0.9327808151593332,-1.3978058638253175,0,1,1,0,0,0,1,0,0,0
-0.08632399714273145,-0.264772020895575,-0.23344807837455728,0,0,0,0,1,0,0,0,0,0
-1.2340035847476953,-1.1844668481255651,-1.3366158901154428,0,0,1,0,0,0,1,0,0,0
-0.742140904345568,-0.7991412087828272,-0.569031377049142,0,0,1,0,0,0,1,0,0,0
-0.08632399714273145,0.04936242626528578,0.20187487744712337,0,0,1,0,0,0,1,0,0,0
-0.9060951311462772,-0.7776059677666188,-0.306876046826407,1,0,1,0,0,0,0,1,0,0
-0.5781866775448589,-0.18489482201208143,0.5023675993615555,0,0,0,0,0,0,1,0,0,0
2.700897858469324,0.12505747377392692,-0.88206179969923,1,1,1,0,0,0,1,0,0,0
1.3892640440636508,1.6011109001924295,0.48896167139420516,1,0,1,0,0,0,1,0,0,0
0.07763022965797768,-0.985767348415382,-1.2643004666401363,1,0,1,0,0,0,1,0,0,0
0.07763022965797768,0.6170752825800945,0.7549686657857321,1,0,1,0,0,0,1,0,0,0
-1.0700493579469863,-1.1951587735861606,-1.4348476514818311,1,0,1,0,0,0,0,1,0,0
1.3892640440636508,0.649245677771267,-0.20529148896820887,1,0,1,0,0,0,1,0,0,0
0.40553868325939596,0.7495416157202165,0.536738689617647,0,0,1,1,1,0,0,0,0,0
2.209035178067196,1.0674608152565093,-0.2504938567651653,0,1,1,0,0,0,1,0,0,0
-0.4142324507441497,-0.3749461625444022,-0.08731330901815273,0,0,1,0,0,0,1,0,0,0
0.07763022965797768,0.4448690494979358,0.5380223953598122,1,0,1,0,0,0,0,1,0,0
-0.5781866775448589,-0.8355126791107294,-0.7856563717318356,1,0,1,1,0,0,1,0,0,0
-0.742140904345568,-1.1234377160717233,-1.3180403623820878,0,1,1,0,0,0,1,0,0,0
-0.9060951311462772,-0.9498500483725318,-0.7842627388612188,0,0,1,0,0,0,1,0,0,0
-0.08632399714273145,1.343690967377418,1.9955365768046833,0,0,0,0,0,0,1,0,0,0
-1.0700493579469863,-1.0093274319524466,-0.7910417138057914,1,0,1,0,0,1,0,0,0,0
-0.742140904345568,-0.4821492735785153,0.1631066583895099,0,0,0,0,0,0,1,0,0,0
-0.5781866775448589,-0.3688527112199566,0.13818735378990668,1,0,1,1,0,0,0,1,0,0
0.569492910060105,1.1055921954389873,0.7378803155210213,0,0,1,0,0,0,1,0,0,0
-0.5781866775448589,-0.051690462158750165,0.7660714105516422,0,0,1,0,0,0,1,0,0,0
-1.0700493579469863,-0.9674302231564137,-0.6458903547411526,1,0,1,0,0,0,1,0,0,0
-0.08632399714273145,0.6454609253958349,1.027939522530433,0,0,1,0,0,0,1,0,0,0
0.07763022965797768,0.28212469735435736,0.33299624968256936,1,0,1,0,0,0,1,0,0,0
-1.2340035847476953,-1.1393904473341694,-1.1283951510055545,0,0,1,0,0,0,1,0,0,0
-0.25027822394344057,1.8092722808411927,3.1098555328021256,0,0,1,0,0,0,1,0,0,0
-0.5781866775448589,-0.7865569071345156,-0.6887389460252359,1,0,1,0,0,0,1,0,0,0
-1.2340035847476953,-1.1788086433242941,-1.3104790299165106,1,0,1,0,0,0,0,0,0,1
-0.4142324507441497,-0.915749429469889,-1.0241099529542965,0,0,1,0,0,0,1,0,0,0
-0.5781866775448589,1.395144675921417,3.6303615921611447,0,0,1,1,0,0,1,0,0,0
0.07763022965797768,-0.07742677831168816,-0.11996849076715306,0,0,0,0,0,0,1,0,0,0
-0.4142324507441497,0.13249451219165093,0.7916915901052183,0,0,1,0,0,0,1,0,0,0
1.2253098172629415,2.3959088990331616,1.2158801560679053,0,0,1,1,0,0,1,0,0,0
0.7334471368608142,1.6733618230394276,1.1078011796466352,0,0,1,1,0,0,0,0,0,0
0.2415844564586868,0.2915865782929375,0.1843920278157305,0,0,1,0,0,0,1,0,0,0
0.8974013636615233,0.3048332116069497,-0.24557680530633602,0,0,1,0,0,0,1,0,0,0
-0.25027822394344057,-0.11710990696809329,0.1436861262573044,1,0,1,0,0,0,1,0,0,0
0.2415844564586868,0.8648819443615084,0.8464456897945364,0,0,1,1,1,0,0,0,0,0
0.40553868325939596,1.3172544720350252,1.141914253781244,1,0,1,1,0,0,1,0,0,0
1.0613555904622325,0.08274394221659653,-0.5051932658215709,1,1,1,0,0,0,1,0,0,0
0.40553868325939596,-0.262879644707859,-0.5424910664741007,1,0,1,0,0,0,1,0,0,0
-0.9060951311462772,-1.0271914631644858,-0.9986199581917259,1,0,0,0,0,0,1,0,0,0
-0.5781866775448589,-0.6344287854040241,-0.3875718856250214,0,0,0,0,0,0,1,0,0,0
-1.2340035847476953,-1.1117049837078838,-1.0005081059519163,0,0,0,0,0,0,1,0,0,0
-1.2340035847476953,-1.1405447968086762,-1.1337274201431293,0,0,1,0,0,1,0,0,0,0
-0.4142324507441497,-1.0536658060306332,-1.2630130931672792,1,0,0,0,0,0,1,0,0,0
-0.4142324507441497,0.1449084999830681,0.8131954951518314,0,0,1,1,0,0,1,0,0,0
0.569492910060105,-1.0864039140781205,-1.4318599573573234,1,0,0,0,0,0,1,0,0,0
1.0613555904622325,0.34936082330390783,-0.287855734830371,0,1,1,1,0,0,1,0,0,0
-1.0700493579469863,-0.9366601863441512,-0.539288679113735,0,0,0,0,0,0,1,0,0,0
-0.5781866775448589,-0.12095143062915682,0.6289559184425761,0,0,1,0,0,0,1,0,0,0
-1.0700493579469863,-1.2043367980965833,-1.4666445842489266,0,0,1,0,0,0,1,0,0,0
-0.08632399714273145,1.4875683289294679,2.194919735425902,0,0,1,1,0,0,1,0,0,0
1.0613555904622325,0.07629093941648488,-0.5104535467547813,1,0,1,0,0,0,1,0,0,0
-0.5781866775448589,-0.9744130912890859,-1.0606366209341707,1,0,1,0,0,0,1,0,0,0
-1.0700493579469863,-0.42373162066372144,1.2377337181071466,1,0,1,0,0,0,1,0,0,0
0.8974013636615233,0.06828618814244607,-0.4504539494242204,0,0,1,0,0,0,1,0,0,0
-0.25027822394344057,0.013539745031821352,0.34485544934919754,0,0,0,0,0,0,1,0,0,0
-0.5781866775448589,-0.8765961661460443,-0.866989085767022,1,0,0,0,0,0,1,0,0,0
-0.9060951311462772,-1.0887883080746428,-1.1693399848422765,1,0,1,0,0,0,1,0,0,0
-0.9060951311462772,-0.857672404268884,-0.5287858571976758,1,0,0,0,0,0,1,0,0,0
0.2415844564586868,0.3616044972384306,0.26525020736092236,0,0,1,0,0,0,1,0,0,0
-0.25027822394344057,-0.9214076342711599,-1.0947406654651233,1,0,0,0,0,0,1,0,0,0
2.209035178067196,-0.09720210947332066,-0.9229825946177088,1,1,1,0,0,0,1,0,0,0
0.7334471368608142,0.5226267870511875,0.04468657641127082,0,0,1,0,1,0,0,0,0,0
-0.9060951311462772,-0.3234356827147719,0.9518891266338744,1,0,1,0,0,0,1,0,0,0
2.5369436316686147,0.6076134016415143,-0.5979654931890971,0,1,1,0,0,0,1,0,0,0
-0.4142324507441497,-0.3101890494007597,0.024861024929271294,1,0,1,0,0,0,1,0,0,0
1.3892640440636508,2.4304826119827334,1.0938728693902986,0,0,1,0,0,0,1,0,0,0
1.881126724465778,1.563263376438109,0.18280267784924026,0,0,1,0,0,0,0,0,0,0
-0.9060951311462772,-0.8968256675927287,-0.6373019048597309,1,0,1,1,0,0,0,1,0,0
2.0450809512664874,0.7254327430887143,-0.39870661482504016,0,1,1,1,0,0,1,0,0,0
-0.08632399714273145,-1.053173788221827,-1.3260038003891872,1,0,1,0,0,0,1,0,0,0
-0.9060951311462772,-0.6137829611960423,0.1471710409504952,0,0,0,0,0,0,1,0,0,0
-0.5781866775448589,-0.5628212704608496,-0.24581095061389927,0,0,1,1,0,0,1,0,0,0
-0.742140904345568,-0.7398909103454384,-0.4321843715594148,1,0,0,0,0,0,1,0,0,0
-0.4142324507441497,-0.5225704289481297,-0.34303276522033127,1,0,1,0,0,0,1,0,0,0
1.5532182708643598,2.7838460175149478,1.204953375048285,0,0,1,0,0,0,1,0,0,0
2.3729894048679054,0.8630841869831782,-0.41701799950418167,0,0,1,0,0,0,1,0,0,0
1.0613555904622325,1.3551019957893458,0.5319922146045991,0,0,1,0,0,0,1,0,0,0
-0.25027822394344057,0.7514339919079325,1.4810367088106962,1,0,1,1,0,0,1,0,0,0
2.209035178067196,0.08720995001960635,-0.8165011135815071,0,0,1,1,0,0,1,0,0,0
-0.4142324507441497,0.6170752825800945,1.6310978348134846,0,0,1,1,0,0,1,0,0,0
0.569492910060105,-1.0084758626679744,-1.3547231272336708,1,0,1,0,0,0,1,0,0,0
0.2415844564586868,-0.8249153724595196,-1.1049681324994882,1,0,1,0,0,0,1,0,0,0
-1.0700493579469863,-0.9662758736819069,-0.6418911528879715,1,0,0,0,0,0,1,0,0,0
2.700897858469324,2.2577654373298914,0.21255884111075232,1,1,1,0,0,0,1,0,0,0
-0.9060951311462772,0.15999073819916484,2.2917397566845557,0,0,1,0,0,0,1,0,0,0
-0.08632399714273145,0.3332188544226901,0.5952389941534613,1,0,1,0,0,0,1,0,0,0
-0.9060951311462772,-0.4380190608809775,0.6343131630796242,0,0,0,0,0,0,0,0,0,0
0.40553868325939596,0.787389139474537,0.5770837272285533,0,0,1,0,0,0,1,0,0,0
-1.0700493579469863,-1.1897087301655385,-1.4159661738799267,1,1,0,0,0,0,1,0,0,0
0.2415844564586868,0.583731614152538,0.521767318577533,1,0,1,1,0,0,1,0,0,0
-0.9060951311462772,-0.9062875485313089,-0.6635261793068201,1,0,1,0,0,0,1,0,0,0
-0.9060951311462772,-1.027815947306432,-1.0003507603052337,1,1,0,0,0,0,1,0,0,0
-0.9060951311462772,-0.52603347737165,0.39037496217280054,0,0,1,0,0,0,1,0,0,0
-1.0700493579469863,-1.1520315202681124,-1.2854348478195403,1,0,0,0,0,0,1,0,0,0
1.0613555904622325,1.3097228148079154,0.495000561590411,0,0,1,0,0,0,1,0,0,0
-1.0700493579469863,-0.9535969532242096,-0.5979654931890971,1,0,1,0,0,0,0,1,0,0
-0.9060951311462772,-1.180682095750133,-1.4240301382724068,1,0,1,0,0,0,1,0,0,0
-0.9060951311462772,-0.25549937757576646,1.1401794171639748,0,0,1,0,0,0,1,0,0,0
0.569492910060105,0.13714975761343237,-0.22072930526771903,0,0,1,1,0,0,1,0,0,0
0.40553868325939596,0.781712010911389,0.5710319715869177,0,1,1,0,0,0,1,0,0,0
2.209035178067196,0.07396331670559415,-0.8241498602952414,1,1,1,1,0,0,1,0,0,0
-1.0700493579469863,-1.2299217241545042,-1.555282631880088,1,0,1,0,0,0,1,0,0,0
-0.742140904345568,-0.5561979538038435,-0.007919318129590198,0,0,1,0,0,0,1,0,0,0
-1.0700493579469863,0.37485113055244274,4.0043946722750565,0,0,1,0,0,0,0,0,0,0
-1.0700493579469863,-1.1534886499326538,-1.290483020650605,0,0,1,0,0,0,1,0,0,0
-1.0700493579469863,-0.5573712270402275,0.7747441527437868,0,0,0,0,0,0,1,0,0,0
-0.742140904345568,-0.5292126693670129,0.054407040806325205,1,0,0,0,0,0,1,0,0,0
-0.25027822394344057,-0.777984443004162,-0.8739031365379134,0,0,1,1,0,0,1,0,0,0
-0.9060951311462772,-1.142077621520726,-1.3170350985282828,1,0,1,1,0,0,1,0,0,0
-0.742140904345568,-0.7235218563216947,-0.39437770923152804,1,0,0,0,0,0,1,0,0,0
-0.742140904345568,-0.9266305925492562,-0.8634862719658752,1,0,0,1,0,0,0,1,0,0
-0.742140904345568,-0.8211306200840875,-0.6198190552283381,1,0,1,0,0,0,1,0,0,0
0.7334471368608142,1.2400644473380884,0.7074963716366347,1,0,1,0,0,0,1,0,0,0
-0.4142324507441497,0.16290499752824752,0.8443696014008086,0,0,1,1,1,0,0,0,0,0
2.209035178067196,4.439675181766473,1.6966585209312075,0,0,1,1,0,0,0,0,0,0
0.07763022965797768,-0.7265118106982861,-0.937689048526389,1,0,1,0,0,0,1,0,0,0
1.5532182708643598,1.3172544720350252,0.18876274022357878,0,0,1,0,0,0,1,0,0,0
-0.25027822394344057,-0.6750581021542873,-0.7154211046293376,0,0,1,0,1,0,0,0,0,0
-0.25027822394344057,0.6338795831270128,1.3000309389603426,0,0,1,1,0,0,1,0,0,0
-1.2340035847476953,-1.1973728537257884,-1.3962324073584922,0,0,0,0,0,0,1,0,0,0
-0.9060951311462772,-0.8211306200840875,-0.42750770928301735,0,0,1,0,0,0,1,0,0,0
2.0450809512664874,1.5064920908066282,0.07189369105720311,0,0,1,0,0,0,1,0,0,0
0.2415844564586868,1.0617836866933612,1.0738320028128392,0,0,1,0,0,0,1,0,0,0
-0.742140904345568,-0.8741171533401364,-0.7421990026480877,0,0,1,0,0,0,1,0,0,0
-0.9060951311462772,-0.917641805657605,-0.6949953086433271,1,0,1,0,0,0,1,0,0,0
-1.0700493579469863,-0.7318861590713996,0.17014350536614545,0,0,0,0,0,0,1,0,0,0
-0.4142324507441497,-0.6945306531258852,-0.6409077425962056,1,0,1,0,0,0,1,0,0,0
1.3892640440636508,1.9795861377356354,0.7650066655740914,0,0,1,0,0,0,1,0,0,0
-0.08632399714273145,0.44676142568565186,0.7525846408359965,1,0,1,0,0,0,1,0,0,0
-0.4142324507441497,-0.6735252774422372,-0.6045215618008694,1,0,1,0,0,0,1,0,0,0
0.2415844564586868,0.4574155036224931,0.37589479196559933,1,0,1,0,0,0,1,0,0,0
-0.9060951311462772,-1.042538634046863,-1.0411557313449045,0,1,1,0,0,0,1,0,0,0
-0.08632399714273145,2.235889568599894,3.2319324441615978,0,0,1,1,0,0,1,0,0,0
3.028806312070742,4.1558187536090685,0.9958373934658931,0,0,1,0,0,0,1,0,0,0
-1.0700493579469863,-0.8741171533401364,-0.3226106114946605,0,0,1,0,0,0,1,0,0,0
-0.4142324507441497,-0.4805029062952023,-0.27016206260048214,1,0,1,0,0,0,0,0,0,1
0.2415844564586868,1.0750303200073734,1.089129496240308,0,0,1,1,0,0,1,0,0,0
-0.4142324507441497,-0.9293745380214444,-1.0477117999566767,1,0,1,0,0,0,1,0,0,0
-1.2340035847476953,-1.1844668481255651,-1.3366158901154428,0,0,1,0,0,1,0,0,0,0
-0.4142324507441497,-0.6224311203739045,-0.5160146355419434,1,0,1,1,0,0,1,0,0,0
-0.4142324507441497,-0.6035073584967442,-0.48323429248308186,1,0,1,0,0,1,0,0,0,0
-0.5781866775448589,-0.8583347359345846,-0.8308370502792491,0,0,0,0,0,0,1,0,0,0
-0.4142324507441497,-0.7224621256565738,-0.6892915289510853,1,0,1,1,0,0,1,0,0,0
0.569492910060105,1.8420293126505571,1.4668402186516807,0,0,1,0,1,0,0,0,0,0
0.07763022965797768,-0.27234152564643915,-0.3655230605898975,1,0,1,1,0,0,1,0,0,0
-0.4142324507441497,-0.3347899398410681,-0.017753421047248648,1,0,1,1,0,0,1,0,0,0
0.07763022965797768,0.7258490658500119,0.8920024198965216,0,0,1,0,0,0,1,0,0,0
0.07763022965797768,0.6038286492660823,0.7382804911375843,1,0,1,0,0,0,0,0,0,0
-0.5781866775448589,0.47713406349849413,1.8129819097286535,0,0,0,0,0,0,1,0,0,0
-0.5781866775448589,-0.007049307890529042,0.8544472154383327,0,0,1,0,0,0,1,0,0,0
-0.9060951311462772,-0.8135611153332234,-0.406528289725346,1,0,1,0,0,0,1,0,0,0
0.7334471368608142,0.5697658778871938,0.08823635484307027,1,0,1,1,0,0,1,0,0,0
-0.742140904345568,-0.697217827312442,-0.333624806762438,0,0,0,0,0,0,1,0,0,0
1.3892640440636508,2.352743798191359,1.0371732275857504,0,0,1,1,0,0,0,0,0,0
-0.08632399714273145,0.654922806334415,1.0410516597539776,1,0,1,0,0,0,1,0,0,0
-0.25027822394344057,-0.7454355725754463,-0.8237856342612541,1,0,1,0,0,0,1,0,0,0
1.2253098172629415,2.252485707766164,1.1054613916043006,0,0,1,0,0,0,1,0,0,0
0.8974013636615233,0.7964914689374512,0.1802562411998042,0,0,1,0,0,0,1,0,0,0
0.569492910060105,-0.3101890494007597,-0.6635261793068201,1,0,0,0,0,0,1,0,0,0
-1.0700493579469863,-1.1447269481835285,-1.2601284229780993,0,0,1,0,0,1,0,0,0,0
1.5532182708643598,3.6070296591714204,1.7753313442724752,0,0,1,0,0,0,1,0,0,0
0.2415844564586868,0.47225173293418676,0.39302798460436444,1,0,1,0,0,0,1,0,0,0
-1.0700493579469863,-1.2175834314105956,-1.5125370645313327,0,0,1,0,0,0,1,0,0,0
-0.4142324507441497,3.209630659751054,6.12200483387751,0,0,0,0,0,0,1,0,0,0
0.07763022965797768,2.442347810679713,3.054456090803497,0,0,1,0,0,0,1,0,0,0
-0.5781866775448589,-0.10202766875199654,0.6664191676527031,1,0,1,0,0,0,1,0,0,0
-0.25027822394344057,-0.49942666817236264,-0.4449905589144102,1,0,1,1,0,0,1,0,0,0
-1.0700493579469863,-1.0088543379055177,-0.7894026966528482,1,0,1,0,0,1,0,0,0,0
0.07763022965797768,1.109093091386262,1.3748151527169308,1,0,1,0,0,0,1,0,0,0
-0.25027822394344057,-0.8211306200840875,-0.940337965137206,1,0,1,0,0,0,1,0,0,0
-1.0700493579469863,-0.8933247716454541,-0.38915470790414936,0,0,0,0,0,0,1,0,0,0
-1.0700493579469863,-1.0936327911151957,-1.0831145704602472,0,1,1,1,0,0,1,0,0,0
3.5206689924728694,0.3710663781770107,-0.8847934949541352,1,0,1,0,0,0,0,0,1,0
-1.2340035847476953,-1.2219358966423424,-1.5096961014662316,1,0,0,0,0,0,1,0,0,0
1.2253098172629415,2.0742049471214368,0.9682064529565078,0,0,1,1,0,0,1,0,0,0
-1.0700493579469863,-0.9706283389136539,-0.6569701106950477,1,0,1,0,0,0,1,0,0,0
2.0450809512664874,-1.0330767531082827,-1.4582357136381754,0,1,1,0,0,0,1,0,0,0
-0.4142324507441497,-0.536422622642211,-0.36702797633941786,0,0,1,1,0,0,1,0,0,0
-0.9060951311462772,-0.7302965630737182,-0.17575467459096106,1,0,1,0,0,0,1,0,0,0
-0.5781866775448589,-0.0603953926222439,0.7488383159149838,0,0,1,1,0,0,1,0,0,0
1.3892640440636508,2.149899994630078,0.88922691295504,0,0,1,1,0,0,1,0,0,0
0.07763022965797768,0.5508421160100334,0.6715277925449933,0,0,1,1,0,0,1,0,0,0
-0.5781866775448589,-0.9062875485313089,-0.925768923777712,0,0,1,0,0,0,1,0,0,0
-1.2340035847476953,-1.2156910552228797,-1.4808493995744334,0,0,1,0,0,1,0,0,0,0
0.40553868325939596,0.6545821786206262,0.4355129902518827,0,1,1,1,0,0,1,0,0,0
-0.25027822394344057,0.10234895952133459,0.4816004715494082,1,0,1,0,0,0,1,0,0,0
0.40553868325939596,0.35630584391282566,0.11755374884032878,0,0,1,1,0,0,1,0,0,0
-0.25027822394344057,-0.7454355725754463,-0.8237856342612541,0,1,1,0,0,0,1,0,0,0
-0.5781866775448589,-0.326160704425083,0.22270444400795425,0,0,0,0,0,0,1,0,0,0
-0.4142324507441497,1.9228148521041544,3.8929415058749277,0,0,0,0,0,0,1,0,0,0
0.40553868325939596,-0.8447853224305379,-1.1627960197417875,0,0,1,0,0,0,1,0,0,0
-0.4142324507441497,0.11559559283534679,0.7624187437536549,1,0,1,0,0,0,1,0,0,0
-0.742140904345568,-0.42373162066372144,0.2980305504197838,1,0,1,1,0,0,1,0,0,0
0.2415844564586868,0.6564367072845879,0.6057287039322969,0,0,1,0,1,0,0,0,0,0
-0.5781866775448589,-0.8533767103227686,-0.8210216789861957,1,0,0,0,0,0,1,0,0,0
-0.9060951311462772,-0.8664530297798865,-0.5531219838845746,0,0,0,0,0,0,1,0,0,0
0.569492910060105,0.05882430720386592,-0.2982594995080777,1,0,1,0,0,0,1,0,0,0
1.881126724465778,2.2845804079098277,0.637162072894558,0,0,1,0,0,0,1,0,0,0
-1.2340035847476953,-0.9535969532242096,-0.27016206260048214,1,1,0,0,0,0,1,0,0,0
-0.08632399714273145,-0.9093153504316545,-1.1266468660424154,1,0,1,0,0,0,1,0,0,0
-0.5781866775448589,0.1598204243422704,1.1847981469732365,1,0,1,0,0,0,1,0,0,0
-0.08632399714273145,-0.37074508740767265,-0.3803040152782568,1,0,0,0,0,0,1,0,0,0
-0.9060951311462772,-0.7802931419531757,-0.31432374076938024,1,0,1,0,0,0,0,0,0,1
0.2415844564586868,0.36065830914457253,0.2641575292589602,1,0,1,0,0,0,1,0,0,0
-1.0700493579469863,-0.8958605557369935,-0.3979398398439243,0,0,1,0,0,0,1,0,0,0
-0.9060951311462772,-0.7643593344526066,-0.27016206260048214,0,0,1,0,0,0,1,0,0,0
0.569492910060105,-0.09549897090437623,-0.4510158981623722,0,0,1,0,0,0,1,0,0,0
2.700897858469324,0.5920959169022428,-0.6423525058643554,0,1,1,1,0,0,1,0,0,0
0.8974013636615233,-0.045256383120515664,-0.5487949786008048,1,0,1,1,0,0,1,0,0,0
-0.08632399714273145,-0.0736420259362561,0.03141709354104359,0,0,1,0,0,0,1,0,0,0
-0.9060951311462772,-0.5503126638600466,0.32308347394156955,0,0,1,0,0,0,1,0,0,0
-1.0700493579469863,-1.147376274846331,-1.2693069190345805,1,0,1,0,0,0,1,0,0,0
-0.9060951311462772,-0.666409942976425,0.0013116264757851506,0,0,1,0,0,0,1,0,0,0
1.2253098172629415,-0.5164580538618069,-1.0262953091582208,0,1,1,0,0,0,1,0,0,0
-0.742140904345568,-0.7397584440122983,-0.4318784216908656,0,0,1,1,0,0,1,0,0,0
0.2415844564586868,1.7436068271274465,1.8612158430866923,0,0,1,1,0,0,1,0,0,0
-0.4142324507441497,-1.126597984305209,-1.3893485353161312,1,0,1,0,0,0,1,0,0,0
-0.5781866775448589,-0.6935087699845185,-0.5045321496590393,1,0,0,0,0,0,1,0,0,0
0.07763022965797768,0.14398123565108722,0.15896242835188643,1,0,1,0,0,0,1,0,0,0
-1.2340035847476953,-1.1730747434755147,-1.2839925127249505,0,0,1,0,0,0,0,1,0,0
0.40553868325939596,0.5943667683275021,0.37132403541293035,1,0,1,1,0,0,1,0,0,0
-0.5781866775448589,0.7684653775973768,2.389728631318565,0,0,1,1,0,0,1,0,0,0
-0.742140904345568,-1.0009063579171102,-1.035036733973917,0,0,1,0,0,0,1,0,0,0
-1.0700493579469863,-1.0670259819159083,-0.9909362457787287,1,0,1,0,0,0,1,0,0,0
0.2415844564586868,1.8474793560711793,1.981170045120086,0,1,1,1,0,0,1,0,0,0
-0.9060951311462772,-0.6043589277812165,0.17329041829979613,0,0,1,0,0,0,1,0,0,0
-0.9060951311462772,-1.049161950703869,-1.059512723457867,1,0,1,0,0,0,1,0,0,0
0.8974013636615233,2.6229940415590853,1.7622192070489304,0,0,1,1,1,0,0,0,0,0
0.569492910060105,1.4213351623594068,1.0504174720565096,0,0,1,0,1,0,0,0,0,0
-0.25027822394344057,0.9955505201233003,1.8569179758856416,0,0,1,0,0,0,1,0,0,0
1.2253098172629415,1.2888688292192847,0.3635912365375068,1,1,1,0,0,0,1,0,0,0
0.40553868325939596,0.9577029963689797,0.7586363964776326,0,0,1,1,0,0,1,0,0,0
-1.2340035847476953,-1.1733207523799176,-1.285128897950991,0,0,0,0,0,0,1,0,0,0
-0.5781866775448589,-0.4110337764441469,0.054681771300532624,1,0,0,0,0,0,0,1,0,0
-0.4142324507441497,-0.46252533251190003,-0.23902073669456372,1,0,1,0,0,0,1,0,0,0
-0.08632399714273145,-0.29802107051374566,-0.27952412857809295,1,0,1,1,0,0,1,0,0,0
-0.5781866775448589,-0.1398751925063171,0.5914926692324487,0,0,1,0,0,0,1,0,0,0
-0.9060951311462772,-0.23449400189211855,1.1983973064365128,0,0,1,1,0,0,1,0,0,0
0.2415844564586868,0.2387325113700288,0.12335502904013039,0,0,1,0,0,0,1,0,0,0
-0.4142324507441497,0.8513514546193388,2.0369184818821897,1,0,1,1,0,0,1,0,0,0
-0.25027822394344057,1.121015061368873,2.050103464312532,1,0,1,0,0,0,0,0,0,0
-0.9060951311462772,-1.0206059940312342,-0.9803678631765517,1,0,1,0,0,0,1,0,0,0
-0.25027822394344057,0.338517507748295,0.8452437438823784,0,0,0,0,0,0,1,0,0,0
-0.5781866775448589,0.5035327113171327,1.865243142376781,1,0,1,0,0,0,1,0,0,0
0.40553868325939596,-0.8438391343366799,-1.1617873938015149,0,1,1,0,0,0,1,0,0,0
-0.5781866775448589,-0.8722247771524203,-0.8583350751994826,1,0,1,0,0,0,1,0,0,0
-0.5781866775448589,-0.6247776668466724,-0.3684656285278566,1,0,1,0,0,0,1,0,0,0
-0.742140904345568,-1.0855901923174025,-1.230626114225124,0,0,1,0,0,0,1,0,0,0
-0.742140904345568,-0.8395245166286873,-0.6623023798326226,1,0,0,0,0,1,0,0,0,0
0.2415844564586868,2.2823663277702,2.4833867543438832,1,0,1,1,0,0,1,0,0,0
2.3729894048679054,3.144930317893043,0.8478416953376032,0,0,1,0,0,0,1,0,0,0
2.700897858469324,0.4420304852163618,-0.7193741711848805,0,0,1,0,0,0,1,0,0,0
-0.4142324507441497,0.3556245884852479,1.178204615112254,0,0,0,0,0,0,1,0,0,0
-0.742140904345568,0.038008169138989606,1.3644843779347446,0,0,1,0,0,0,1,0,0,0
-0.5781866775448589,0.03182009900515819,0.9313967293159348,1,0,1,1,0,0,1,0,0,0
-1.0700493579469863,-0.5543055776161274,0.785364983894858,0,0,1,0,0,0,0,1,0,0
0.07763022965797768,1.1613226741672245,1.4406142413296277,1,0,1,1,0,0,1,0,0,0
-0.4142324507441497,-0.2912652875235994,0.05764136798813279,0,0,1,0,0,0,1,0,0,0
-0.9060951311462772,-0.5183504300495229,0.41166907302383693,0,0,1,0,0,0,1,0,0,0
2.209035178067196,-0.44265538254088177,-1.122450982130881,1,0,1,1,0,0,1,0,0,0
-1.0700493579469863,-1.0484050002287826,-0.9264245306388893,0,0,1,0,0,0,1,0,0,0
1.2253098172629415,0.21021440222114823,-0.46684412095365113,0,1,1,1,0,0,1,0,0,0
0.2415844564586868,0.7495416157202165,0.7132482291653627,0,0,1,0,0,0,1,0,0,0
-0.742140904345568,-0.5940454775581641,-0.09533356628655411,1,0,1,0,0,1,0,0,0,0
2.209035178067196,-0.9100723009067408,-1.3923424733155074,0,1,1,0,0,0,1,0,0,0
0.569492910060105,1.5703976346657984,1.1979664790705964,0,0,0,0,0,0,1,0,0,0
0.7334471368608142,0.19129064034398796,-0.26142063778478586,1,0,1,0,0,0,1,0,0,0
0.2415844564586868,0.25752380691404897,0.14505561614509668,0,0,1,0,0,0,1,0,0,0
-1.0700493579469863,-1.2002492655311168,-1.4524834760474985,0,0,0,0,0,0,1,0,0,0
-0.742140904345568,-0.7493527912840185,-0.45403793359865596,1,0,0,0,0,0,1,0,0,0
2.5369436316686147,-0.7284041868860022,-1.310055407021596,0,1,1,0,0,0,1,0,0,0
0.2415844564586868,-0.6792024060053854,-0.9366957047973326,1,0,1,0,0,0,1,0,0,0
-0.08632399714273145,-0.03772472589340587,0.08119076644161893,1,0,1,1,0,0,1,0,0,0
-0.25027822394344057,-0.961431390641354,-1.156367710415783,1,0,0,0,0,0,1,0,0,0
-0.742140904345568,-1.185413036219423,-1.4611811937391166,0,0,1,0,0,0,1,0,0,0
-0.08632399714273145,-0.4805029062952023,-0.5324048070713742,0,0,1,0,0,0,0,0,1,0
-0.9060951311462772,-0.8476617342358662,-0.5010405748326553,1,0,0,1,0,0,1,0,0,0
-0.5781866775448589,-0.3062529069303104,0.26211578217700815,0,0,1,0,0,0,1,0,0,0
0.8974013636615233,-0.007408859366195088,-0.5160146355419434,0,0,0,0,0,0,1,0,0,0
0.07763022965797768,-0.20232360670094607,-0.27731413744968825,1,0,1,1,1,0,0,0,0,0
-0.08632399714273145,1.374025757666506,2.037574088743367,0,0,1,0,0,0,1,0,0,0
-0.742140904345568,-0.6025990179266405,-0.11508918637002813,1,0,1,0,0,0,1,0,0,0
-1.2340035847476953,-1.0709242768626033,-0.8121304011736589,0,0,1,0,0,0,1,0,0,0
-0.08632399714273145,1.474132457996684,2.176300500568469,1,0,1,0,0,0,0,0,0,0
-0.4142324507441497,-0.4617873057986908,-0.23774230331526813,1,0,1,0,0,0,1,0,0,0
0.7334471368608142,-0.855193391462976,-1.2282222224008073,1,0,1,0,1,0,0,0,0,0
2.0450809512664874,0.10613371189676665,-0.7718438346317537,0,1,1,0,0,0,1,0,0,0
0.2415844564586868,-0.9367737289154141,-1.234144537713442,1,0,1,0,0,0,1,0,0,0
1.3892640440636508,1.265630449634132,0.24427538855315392,0,1,1,1,0,0,1,0,0,0
0.2415844564586868,1.4572903099260113,1.5305714494329759,0,0,1,1,1,0,0,0,0,0
0.7334471368608142,0.7684653775973768,0.27180627597269463,0,0,1,1,0,0,1,0,0,0
2.0450809512664874,0.7779272585359569,-0.36707785947015953,1,1,1,0,0,0,1,0,0,0
-1.0700493579469863,-0.9515721107033535,-0.5909504997745008,0,0,0,0,0,0,1,0,0,0
0.7334471368608142,0.71926359671676,0.2263508669310732,0,0,1,1,0,0,1,0,0,0
-0.5781866775448589,-0.4444342161573348,-0.01144086355534221,1,0,1,1,0,0,1,0,0,0
-0.9060951311462772,-1.1902953667837304,-1.4506740011106496,1,0,0,0,0,0,1,0,0,0
-0.5781866775448589,-0.9572681630283787,-1.0266949171497952,1,0,1,1,0,0,1,0,0,0
0.8974013636615233,3.1528593741195734,2.2211440098729915,0,0,1,0,0,0,1,0,0,0
-0.5781866775448589,-0.9192881729409179,-0.9515061759850696,1,0,0,0,0,0,0,0,0,0
0.07763022965797768,0.17925512779011402,0.20340065341495406,0,0,1,0,0,0,1,0,0,0
-0.5781866775448589,-0.7554651663703413,-0.6271868275729965,1,0,1,0,0,0,1,0,0,0
1.717172497665069,0.522456473194293,-0.4200150594409919,1,0,1,0,0,0,1,0,0,0
-0.25027822394344057,-0.19664647813779798,0.02121876458939785,1,0,1,0,0,0,1,0,0,0
-1.2340035847476953,-1.133694395009144,-1.1020834623103084,1,0,0,0,0,0,1,0,0,0
0.07763022965797768,1.9795861377356354,2.471466629595206,0,0,1,1,1,0,0,0,0,0
-0.742140904345568,-0.6617168500308893,-0.2516302419912057,0,0,0,0,0,0,0,1,0,0
0.40553868325939596,-0.1398751925063171,-0.41136969423865466,1,0,1,0,0,0,1,0,0,0
-0.5781866775448589,-0.4530256040495656,-0.02844917869674013,1,0,1,1,0,0,1,0,0,0
2.3729894048679054,-0.020485178823312848,-0.9067930387877983,0,0,1,0,0,0,1,0,0,0
-0.08632399714273145,0.41065488802403005,0.7025487251909505,0,0,1,1,0,0,1,0,0,0
0.40553868325939596,0.23193888085612827,-0.01502004474910968,1,0,1,0,0,0,1,0,0,0
-0.9060951311462772,-0.6693242023055077,-0.006765450053918369,0,0,1,1,0,0,1,0,0,0
-0.5781866775448589,-0.48778855461790904,-0.097269167495744,0,0,0,0,0,0,1,0,0,0
0.07763022965797768,0.34116683441109746,0.40737782811431333,1,0,1,1,1,0,0,0,0,0
-0.08632399714273145,-0.1410295419808239,-0.061967547765041125,1,0,1,0,0,0,1,0,0,0
-0.25027822394344057,0.5041193479353246,1.1002311057562422,0,0,1,1,0,0,1,0,0,0
0.07763022965797768,-0.21557024001495828,-0.294002312097836,1,0,1,0,0,0,1,0,0,0
-1.0700493579469863,-1.1954426300143182,-1.435831061773597,0,0,1,0,0,0,0,1,0,0
-0.25027822394344057,-0.6612248322220831,-0.6941211661617575,1,0,1,0,0,0,1,0,0,0
-1.2340035847476953,-1.2260991242553176,-1.5289272360607635,1,0,1,0,0,0,1,0,0,0
1.717172497665069,-0.4604626424672896,-1.0686412685154014,1,0,1,0,0,0,1,0,0,0
1.881126724465778,1.298330710157865,0.015920931367763638,1,0,1,1,0,0,1,0,0,0
-1.0700493579469863,-0.9086151712421996,-0.44212774228726953,1,0,0,0,0,0,1,0,0,0
0.07763022965797768,0.10045658333361857,0.10412985450797266,1,0,1,1,0,0,1,0,0,0
0.40553868325939596,0.41837578286991145,0.1837196105222154,0,0,1,0,0,0,1,0,0,0
0.7334471368608142,0.844160425106018,0.34173767449826564,1,0,1,1,0,0,1,0,0,0
-1.0700493579469863,-0.9252113104084692,-0.4996244640125126,0,0,1,0,0,0,1,0,0,0
0.07763022965797768,0.16290499752824752,0.18280267784924026,1,0,1,0,0,0,1,0,0,0
-0.9060951311462772,-0.4402899123062367,0.6280193372123228,0,0,1,0,0,0,1,0,0,0
-0.4142324507441497,-0.27234152564643915,0.09042171104699429,0,0,1,0,0,0,1,0,0,0
-0.4142324507441497,-0.6491136246207005,-0.5622349192549381,1,0,1,1,0,0,1,0,0,0
0.8974013636615233,0.41837578286991145,-0.14723577612975156,0,0,1,1,0,0,1,0,0,0
-0.9060951311462772,-0.7106915457689801,-0.12141797793659229,0,0,1,0,0,0,1,0,0,0
0.2415844564586868,-0.19664647813779798,-0.3794298727966872,1,0,1,0,0,0,1,0,0,0
-1.0700493579469863,-0.7671978987341808,0.04780726507047434,0,0,1,0,0,0,1,0,0,0
-0.9060951311462772,-0.5996469110738035,0.18635010697444662,0,0,0,0,0,0,0,1,0,0
-0.5781866775448589,-0.7938425554572224,-0.703162296971135,0,0,1,0,0,0,1,0,0,0
2.5369436316686147,0.5981515207029342,-0.6030086228904603,0,0,1,0,0,0,1,0,0,0
0.07763022965797768,-0.25131722620091407,-0.3390365433983374,1,0,1,1,0,0,1,0,0,0
-0.4142324507441497,-0.374208135831193,-0.08603487563885714,0,0,1,0,0,0,1,0,0,0
2.209035178067196,-0.32911281127792,-1.056890296013158,0,0,1,0,0,0,1,0,0,0
0.7334471368608142,2.3179997713848928,1.7033544523400308,0,0,1,0,0,0,1,0,0,0
0.8974013636615233,-1.0681046363429065,-1.434700139938066,0,1,1,0,0,0,1,0,0,0
-0.08632399714273145,1.0144742820004606,1.5393128742486724,0,0,1,0,0,0,1,0,0,0
-0.25027822394344057,-0.3650679588445246,-0.23811017160959524,1,0,1,1,0,0,1,0,0,0
-0.08632399714273145,0.020976783449545348,0.16253846577648956,0,0,1,0,0,0,1,0,0,0
-1.2340035847476953,-1.2020848704332012,-1.4179985551495762,0,0,1,0,0,0,1,0,0,0
0.2415844564586868,0.3710663781770107,0.27617698838054267,0,0,1,1,0,0,1,0,0,0
